Name,Age,Salary,Gender,City,Mood
Employee_1,59,142719,F,Pune,Happy
Employee_2,49,50234,F,Nagpur,Sad
Employee_3,35,51381,F,Nagpur,Happy
Employee_4,28,47274,F,Delhi,Sad
Employee_5,41,142162,F,Nagpur,Sad
Employee_6,59,117840,F,Delhi,Sad
Employee_7,39,113108,M,Delhi,Happy
Employee_8,43,133948,F,Delhi,Happy
Employee_9,31,79892,M,Pune,Happy
Employee_10,31,80521,M,Nagpur,Happy
Employee_11,44,121501,F,Nagpur,Sad
Employee_12,56,113920,F,Delhi,Sad
Employee_13,44,113391,M,Nagpur,Sad
Employee_14,23,47920,M,Nagpur,Happy
Employee_15,42,46702,F,Delhi,Happy
Employee_16,22,133457,F,Nashik,Sad
Employee_17,44,31894,M,Nashik,Sad
Employee_18,50,60985,M,Delhi,Happy
Employee_19,58,58287,F,Pune,Happy
Employee_20,22,103527,M,Nagpur,Happy
Employee_21,41,45439,M,Nagpur,Happy
Employee_22,53,124620,F,Nashik,Sad
Employee_23,32,72235,M,Delhi,Happy
Employee_24,42,57659,F,Pune,Sad
Employee_25,45,54976,F,Delhi,Sad
Employee_26,47,134239,F,Nashik,Sad
Employee_27,48,112643,M,Nashik,Happy
Employee_28,36,97865,F,Nagpur,Sad
Employee_29,35,137631,M,Mumbai,Sad
Employee_30,23,98306,F,Pune,Sad
Employee_31,57,86697,F,Pune,Happy
Employee_32,27,100382,M,Mumbai,Sad
Employee_33,41,46651,M,Nashik,Sad
Employee_34,29,79044,M,Delhi,Sad
Employee_35,59,44633,F,Pune,Happy
Employee_36,38,109164,M,Mumbai,Happy
Employee_37,24,30569,F,Nagpur,Sad
Employee_38,45,89900,M,Nagpur,Sad
Employee_39,34,97509,F,Nashik,Happy
Employee_40,29,131126,F,Pune,Happy
Employee_41,46,149148,F,Delhi,Happy
Employee_42,22,63038,F,Pune,Sad
Employee_43,40,79088,M,Nagpur,Happy
Employee_44,48,103177,M,Pune,Happy
Employee_45,27,104466,F,Nagpur,Happy
Employee_46,28,102216,F,Mumbai,Happy
Employee_47,55,96793,M,Mumbai,Sad
Employee_48,34,103786,M,Nagpur,Happy
Employee_49,37,68138,M,Delhi,Sad
Employee_50,56,93310,M,Delhi,Happy
Employee_51,24,58757,M,Pune,Sad
Employee_52,22,100394,M,Nagpur,Sad
Employee_53,26,136885,F,Nashik,Sad
Employee_54,24,109027,M,Delhi,Sad
Employee_55,49,120830,M,Delhi,Happy
Employee_56,38,86151,F,Mumbai,Sad
Employee_57,46,140740,M,Delhi,Sad
Employee_58,54,141174,M,Delhi,Sad
Employee_59,30,79272,M,Delhi,Sad
Employee_60,56,36908,F,Nagpur,Sad
Employee_61,34,40844,M,Nagpur,Happy
Employee_62,51,81455,F,Mumbai,Sad
Employee_63,35,133165,M,Pune,Sad
Employee_64,28,98447,F,Delhi,Sad
Employee_65,34,104527,M,Pune,Sad
Employee_66,43,107108,M,Nagpur,Sad
Employee_67,41,73066,M,Delhi,Happy
Employee_68,36,125229,F,Pune,Happy
Employee_69,38,70004,M,Pune,Happy
Employee_70,44,68333,M,Nashik,Sad
Employee_71,46,113029,F,Nagpur,Sad
Employee_72,45,69697,F,Mumbai,Happy
Employee_73,49,47634,F,Mumbai,Sad
Employee_74,35,54561,M,Nashik,Happy
Employee_75,21,48033,F,Pune,Sad
Employee_76,45,102887,M,Nashik,Sad
Employee_77,27,85063,F,Nashik,Sad
Employee_78,29,55921,F,Nagpur,Happy
Employee_79,44,49340,M,Delhi,Happy
Employee_80,21,92781,M,Pune,Happy
Employee_81,28,44901,M,Mumbai,Happy
Employee_82,44,40638,M,Mumbai,Happy
Employee_83,31,68596,F,Nashik,Happy
Employee_84,37,116914,F,Nashik,Sad
Employee_85,28,74324,F,Nashik,Happy
Employee_86,55,118356,M,Pune,Happy
Employee_87,55,120596,M,Nashik,Happy
Employee_88,53,62642,F,Nashik,Happy
Employee_89,25,55378,F,Delhi,Sad
Employee_90,59,80867,M,Pune,Happy
Employee_91,48,103686,F,Nagpur,Happy
Employee_92,27,72875,F,Nagpur,Happy
Employee_93,29,148171,F,Delhi,Happy
Employee_94,28,119595,M,Mumbai,Sad
Employee_95,32,130061,F,Nagpur,Sad
Employee_96,54,113729,M,Pune,Sad
Employee_97,53,94377,F,Mumbai,Happy
Employee_98,43,84691,M,Nashik,Happy
Employee_99,44,139503,F,Pune,Happy
Employee_100,57,123337,F,Mumbai,Sad
Employee_101,55,94303,F,Nagpur,Sad
Employee_102,42,90839,M,Nashik,Happy
Employee_103,47,79063,F,Nashik,Happy
Employee_104,55,121782,F,Pune,Happy
Employee_105,21,108343,M,Nashik,Sad
Employee_106,55,113071,M,Mumbai,Happy
Employee_107,57,35492,F,Delhi,Sad
Employee_108,34,61357,F,Nagpur,Sad
Employee_109,23,101838,F,Pune,Sad
Employee_110,21,62314,F,Delhi,Sad
Employee_111,25,78697,F,Delhi,Happy
Employee_112,46,100283,M,Pune,Sad
Employee_113,34,89567,F,Mumbai,Happy
Employee_114,59,77006,M,Nagpur,Sad
Employee_115,47,90011,M,Pune,Happy
Employee_116,29,136706,F,Delhi,Sad
Employee_117,35,40686,M,Delhi,Sad
Employee_118,35,67449,F,Pune,Sad
Employee_119,46,91606,M,Delhi,Happy
Employee_120,33,48891,M,Pune,Sad
Employee_121,52,82115,F,Pune,Sad
Employee_122,59,131732,F,Nagpur,Sad
Employee_123,52,90719,M,Pune,Sad
Employee_124,24,125464,F,Delhi,Happy
Employee_125,50,103030,F,Nashik,Happy
Employee_126,57,66723,M,Nagpur,Happy
Employee_127,43,59877,M,Delhi,Happy
Employee_128,59,148393,M,Delhi,Sad
Employee_129,35,123517,F,Nagpur,Sad
Employee_130,49,44026,F,Nagpur,Sad
Employee_131,56,50422,F,Delhi,Happy
Employee_132,33,39244,M,Nashik,Sad
Employee_133,52,63481,F,Mumbai,Happy
Employee_134,27,119180,M,Delhi,Happy
Employee_135,42,139384,M,Nagpur,Happy
Employee_136,48,88031,M,Pune,Sad
Employee_137,22,38521,M,Pune,Sad
Employee_138,26,31746,M,Nagpur,Sad
Employee_139,48,113127,M,Nagpur,Happy
Employee_140,48,122254,M,Mumbai,Sad
Employee_141,40,145472,F,Nagpur,Sad
Employee_142,50,98232,M,Pune,Happy
Employee_143,31,42012,F,Nashik,Sad
Employee_144,48,110224,F,Nagpur,Sad
Employee_145,45,53457,F,Mumbai,Happy
Employee_146,59,100572,F,Nashik,Happy
Employee_147,53,135431,F,Mumbai,Sad
Employee_148,21,59960,M,Nashik,Happy
Employee_149,47,132022,F,Nagpur,Sad
Employee_150,33,117695,F,Pune,Sad
Employee_151,23,37910,F,Nashik,Happy
Employee_152,59,32693,M,Delhi,Happy
Employee_153,26,145313,F,Mumbai,Happy
Employee_154,28,45858,F,Nashik,Happy
Employee_155,47,58810,F,Mumbai,Sad
Employee_156,29,50092,F,Pune,Happy
Employee_157,57,118779,M,Mumbai,Happy
Employee_158,53,78700,F,Mumbai,Happy
Employee_159,44,88105,M,Delhi,Happy
Employee_160,35,60505,M,Mumbai,Sad
Employee_161,52,103228,F,Nashik,Happy
Employee_162,52,58555,F,Mumbai,Happy
Employee_163,44,101934,M,Nagpur,Sad
Employee_164,32,102788,F,Mumbai,Happy
Employee_165,59,107257,F,Nagpur,Sad
Employee_166,22,47939,F,Mumbai,Sad
Employee_167,23,41825,M,Mumbai,Sad
Employee_168,57,120787,M,Nashik,Sad
Employee_169,37,132491,F,Nagpur,Happy
Employee_170,22,54151,F,Nagpur,Sad
Employee_171,22,30036,M,Delhi,Happy
Employee_172,48,123948,M,Mumbai,Sad
Employee_173,43,113707,M,Mumbai,Sad
Employee_174,57,69051,M,Nashik,Happy
Employee_175,52,128297,M,Delhi,Happy
Employee_176,53,110738,M,Delhi,Sad
Employee_177,21,103596,M,Nashik,Happy
Employee_178,39,90071,F,Nagpur,Sad
Employee_179,22,103601,M,Pune,Happy
Employee_180,46,59873,M,Nashik,Sad
Employee_181,52,66648,F,Nagpur,Happy
Employee_182,26,101468,F,Delhi,Happy
Employee_183,52,56470,F,Nashik,Sad
Employee_184,24,95129,M,Pune,Sad
Employee_185,31,38328,M,Mumbai,Sad
Employee_186,37,36333,F,Nashik,Happy
Employee_187,58,76638,F,Pune,Happy
Employee_188,44,41268,F,Pune,Sad
Employee_189,25,100603,M,Nashik,Happy
Employee_190,54,143920,F,Nagpur,Sad
Employee_191,26,140379,M,Nashik,Happy
Employee_192,42,47045,M,Delhi,Happy
Employee_193,31,70741,M,Pune,Happy
Employee_194,36,118306,M,Pune,Sad
Employee_195,53,72770,F,Mumbai,Happy
Employee_196,29,37887,F,Pune,Happy
Employee_197,26,128718,F,Mumbai,Happy
Employee_198,36,127906,M,Pune,Happy
Employee_199,49,135154,F,Pune,Sad
Employee_200,23,54918,M,Nashik,Happy
Employee_201,40,65497,M,Nashik,Happy
Employee_202,56,123562,M,Delhi,Happy
Employee_203,39,91009,F,Nagpur,Happy
Employee_204,46,41929,M,Delhi,Sad
Employee_205,23,143292,M,Pune,Happy
Employee_206,39,132201,F,Delhi,Happy
Employee_207,40,91762,F,Nashik,Happy
Employee_208,52,130473,F,Pune,Happy
Employee_209,27,109099,M,Pune,Sad
Employee_210,53,146566,M,Delhi,Happy
Employee_211,59,58546,F,Mumbai,Happy
Employee_212,38,108424,M,Nagpur,Sad
Employee_213,21,67338,M,Delhi,Happy
Employee_214,31,64283,F,Delhi,Sad
Employee_215,48,112494,F,Nagpur,Happy
Employee_216,45,108170,F,Pune,Happy
Employee_217,43,114787,F,Pune,Happy
Employee_218,51,76566,F,Mumbai,Happy
Employee_219,50,115464,F,Delhi,Happy
Employee_220,55,132781,F,Nagpur,Happy
Employee_221,27,111991,F,Delhi,Happy
Employee_222,36,122680,M,Nashik,Happy
Employee_223,46,58013,M,Delhi,Happy
Employee_224,22,82132,M,Delhi,Happy
Employee_225,21,117412,M,Nashik,Happy
Employee_226,32,122498,M,Nashik,Happy
Employee_227,25,58084,M,Nagpur,Sad
Employee_228,57,137855,M,Pune,Happy
Employee_229,52,51143,M,Mumbai,Sad
Employee_230,29,121627,M,Nashik,Sad
Employee_231,55,44179,M,Pune,Happy
Employee_232,39,128343,M,Nagpur,Sad
Employee_233,36,88726,F,Delhi,Happy
Employee_234,23,40222,M,Nagpur,Happy
Employee_235,40,89965,F,Nagpur,Sad
Employee_236,44,94068,M,Nashik,Sad
Employee_237,53,53949,F,Mumbai,Sad
Employee_238,44,46116,M,Nashik,Happy
Employee_239,31,81052,F,Delhi,Sad
Employee_240,28,81369,M,Nashik,Sad
Employee_241,56,78817,F,Delhi,Sad
Employee_242,58,133100,M,Nashik,Happy
Employee_243,40,132910,F,Mumbai,Happy
Employee_244,55,113203,M,Pune,Sad
Employee_245,45,104311,F,Mumbai,Sad
Employee_246,55,59655,F,Nashik,Sad
Employee_247,45,87802,F,Nagpur,Sad
Employee_248,49,77632,F,Pune,Sad
Employee_249,38,44193,F,Nagpur,Sad
Employee_250,38,110212,F,Mumbai,Sad
Employee_251,22,60776,F,Pune,Happy
Employee_252,55,73225,F,Nashik,Sad
Employee_253,36,90010,M,Nagpur,Sad
Employee_254,56,112735,M,Nashik,Happy
Employee_255,53,95451,M,Delhi,Sad
Employee_256,24,78812,F,Pune,Happy
Employee_257,53,110602,F,Nagpur,Sad
Employee_258,34,48895,M,Mumbai,Happy
Employee_259,41,95782,M,Mumbai,Sad
Employee_260,40,51209,F,Mumbai,Sad
Employee_261,28,134820,F,Mumbai,Happy
Employee_262,27,112336,M,Nagpur,Happy
Employee_263,23,141646,F,Delhi,Happy
Employee_264,37,91807,M,Mumbai,Sad
Employee_265,53,53086,F,Mumbai,Sad
Employee_266,32,115637,M,Mumbai,Sad
Employee_267,42,112027,M,Delhi,Sad
Employee_268,42,57207,F,Pune,Sad
Employee_269,50,137334,M,Mumbai,Happy
Employee_270,58,50897,F,Mumbai,Sad
Employee_271,58,93083,F,Mumbai,Happy
Employee_272,28,125028,F,Pune,Happy
Employee_273,47,96957,F,Mumbai,Sad
Employee_274,47,127551,F,Pune,Sad
Employee_275,54,108506,M,Pune,Happy
Employee_276,41,37283,F,Nashik,Sad
Employee_277,50,124024,F,Nashik,Happy
Employee_278,53,111481,M,Mumbai,Sad
Employee_279,48,30255,F,Nagpur,Happy
Employee_280,53,106555,M,Nashik,Sad
Employee_281,25,45487,F,Nashik,Sad
Employee_282,39,137333,M,Nagpur,Sad
Employee_283,24,49346,F,Delhi,Happy
Employee_284,55,65050,F,Mumbai,Sad
Employee_285,37,38744,F,Delhi,Happy
Employee_286,48,54756,F,Delhi,Sad
Employee_287,50,91596,F,Pune,Sad
Employee_288,49,113397,M,Pune,Happy
Employee_289,26,55146,M,Mumbai,Happy
Employee_290,55,149640,F,Nagpur,Happy
Employee_291,57,85032,M,Pune,Sad
Employee_292,44,72687,F,Nashik,Sad
Employee_293,49,76103,F,Mumbai,Sad
Employee_294,51,51976,F,Delhi,Sad
Employee_295,55,92863,M,Mumbai,Sad
Employee_296,53,30591,F,Pune,Sad
Employee_297,41,36277,M,Nagpur,Sad
Employee_298,52,91860,F,Delhi,Happy
Employee_299,43,32260,F,Nagpur,Sad
Employee_300,53,139443,M,Mumbai,Happy
Employee_301,23,95883,F,Nagpur,Sad
Employee_302,38,54741,M,Nagpur,Happy
Employee_303,45,149720,F,Mumbai,Happy
Employee_304,51,67211,F,Delhi,Happy
Employee_305,23,139392,F,Nagpur,Sad
Employee_306,44,71542,M,Nagpur,Happy
Employee_307,52,36869,F,Mumbai,Happy
Employee_308,42,123618,M,Nashik,Happy
Employee_309,43,117616,F,Nagpur,Happy
Employee_310,22,94732,F,Pune,Sad
Employee_311,47,124515,M,Delhi,Sad
Employee_312,22,49422,F,Nagpur,Sad
Employee_313,46,65613,F,Mumbai,Sad
Employee_314,37,87016,M,Pune,Happy
Employee_315,53,90110,M,Mumbai,Sad
Employee_316,29,118529,M,Nagpur,Happy
Employee_317,59,107922,F,Pune,Sad
Employee_318,49,64033,M,Delhi,Happy
Employee_319,46,75213,M,Delhi,Happy
Employee_320,55,91993,F,Delhi,Happy
Employee_321,45,42938,M,Nashik,Happy
Employee_322,44,106695,M,Mumbai,Sad
Employee_323,33,32274,F,Nagpur,Sad
Employee_324,27,114390,M,Pune,Happy
Employee_325,56,61815,F,Mumbai,Happy
Employee_326,40,106018,M,Nagpur,Sad
Employee_327,21,48961,M,Nashik,Sad
Employee_328,28,50044,F,Nagpur,Sad
Employee_329,36,129372,M,Mumbai,Happy
Employee_330,34,51975,F,Nagpur,Happy
Employee_331,32,44706,M,Pune,Happy
Employee_332,43,35974,M,Nashik,Happy
Employee_333,35,106464,F,Pune,Sad
Employee_334,48,51213,F,Nashik,Happy
Employee_335,54,31950,M,Nashik,Sad
Employee_336,22,115013,M,Nagpur,Happy
Employee_337,52,40411,M,Pune,Sad
Employee_338,43,117231,F,Nashik,Happy
Employee_339,42,76156,F,Nashik,Sad
Employee_340,45,92744,M,Nagpur,Sad
Employee_341,42,47771,M,Mumbai,Happy
Employee_342,42,99810,M,Mumbai,Sad
Employee_343,26,65053,F,Delhi,Sad
Employee_344,35,147894,M,Delhi,Sad
Employee_345,57,82076,F,Nashik,Happy
Employee_346,53,37045,F,Mumbai,Happy
Employee_347,28,87623,M,Nashik,Happy
Employee_348,25,59714,F,Pune,Happy
Employee_349,59,64386,F,Mumbai,Sad
Employee_350,24,139283,M,Mumbai,Sad
Employee_351,26,38562,M,Mumbai,Happy
Employee_352,52,85048,M,Delhi,Sad
Employee_353,50,123295,M,Nagpur,Happy
Employee_354,55,42026,M,Nagpur,Happy
Employee_355,36,136147,M,Delhi,Sad
Employee_356,33,61589,M,Delhi,Happy
Employee_357,50,138199,F,Delhi,Sad
Employee_358,39,127274,M,Nagpur,Happy
Employee_359,37,56844,M,Nashik,Happy
Employee_360,39,53447,M,Delhi,Happy
Employee_361,48,120415,M,Nashik,Sad
Employee_362,46,107502,M,Nashik,Happy
Employee_363,57,113268,M,Pune,Sad
Employee_364,46,84708,F,Nagpur,Happy
Employee_365,43,93925,M,Nashik,Happy
Employee_366,29,100825,F,Nagpur,Sad
Employee_367,32,81574,M,Nagpur,Sad
Employee_368,21,115548,F,Pune,Sad
Employee_369,21,48812,F,Nagpur,Sad
Employee_370,54,131337,F,Nashik,Sad
Employee_371,52,85309,M,Mumbai,Sad
Employee_372,45,94230,M,Nashik,Happy
Employee_373,21,71628,M,Nashik,Sad
Employee_374,36,70581,M,Nagpur,Happy
Employee_375,59,146102,M,Nashik,Happy
Employee_376,25,76628,M,Mumbai,Happy
Employee_377,42,118628,F,Nagpur,Sad
Employee_378,49,55105,F,Delhi,Happy
Employee_379,23,109830,F,Nashik,Happy
Employee_380,32,99157,M,Nashik,Happy
Employee_381,46,62442,M,Pune,Sad
Employee_382,36,117235,F,Delhi,Happy
Employee_383,57,145442,M,Delhi,Sad
Employee_384,42,32347,M,Mumbai,Happy
Employee_385,49,125022,M,Delhi,Sad
Employee_386,34,77650,F,Pune,Sad
Employee_387,48,47110,F,Mumbai,Happy
Employee_388,25,92170,M,Delhi,Happy
Employee_389,50,34923,F,Mumbai,Sad
Employee_390,25,81801,F,Delhi,Sad
Employee_391,32,92771,M,Delhi,Sad
Employee_392,36,111147,M,Delhi,Happy
Employee_393,46,78135,F,Nashik,Happy
Employee_394,46,49199,F,Delhi,Happy
Employee_395,41,39066,M,Nashik,Happy
Employee_396,59,131583,M,Nagpur,Happy
Employee_397,56,82136,M,Pune,Sad
Employee_398,53,122290,F,Mumbai,Sad
Employee_399,50,66575,F,Mumbai,Sad
Employee_400,57,119796,M,Nagpur,Sad
Employee_401,43,76733,M,Delhi,Sad
Employee_402,30,144427,M,Pune,Sad
Employee_403,25,46991,M,Nagpur,Happy
Employee_404,56,52553,F,Nagpur,Sad
Employee_405,54,119710,M,Mumbai,Happy
Employee_406,51,117493,M,Nashik,Happy
Employee_407,30,30634,F,Nashik,Happy
Employee_408,39,125417,M,Delhi,Happy
Employee_409,52,42771,F,Delhi,Sad
Employee_410,21,145762,F,Nagpur,Sad
Employee_411,25,48298,F,Delhi,Happy
Employee_412,24,109876,M,Nashik,Happy
Employee_413,36,128892,F,Pune,Sad
Employee_414,44,65999,M,Mumbai,Sad
Employee_415,36,101887,F,Nashik,Sad
Employee_416,22,89648,F,Delhi,Happy
Employee_417,48,92668,F,Mumbai,Sad
Employee_418,52,99374,M,Mumbai,Sad
Employee_419,47,97509,M,Nagpur,Happy
Employee_420,40,142650,F,Delhi,Happy
Employee_421,44,133348,M,Nagpur,Sad
Employee_422,32,105783,F,Mumbai,Happy
Employee_423,55,74440,F,Nagpur,Happy
Employee_424,53,61655,F,Delhi,Happy
Employee_425,53,73039,F,Nashik,Happy
Employee_426,57,85255,M,Pune,Happy
Employee_427,32,102219,F,Nashik,Sad
Employee_428,23,84989,M,Mumbai,Sad
Employee_429,21,41244,F,Nashik,Sad
Employee_430,53,124594,F,Nagpur,Sad
Employee_431,30,88595,F,Delhi,Sad
Employee_432,49,69551,F,Nashik,Happy
Employee_433,33,93230,F,Nashik,Sad
Employee_434,32,133898,M,Delhi,Sad
Employee_435,51,58371,M,Nagpur,Happy
Employee_436,22,99358,F,Pune,Sad
Employee_437,55,58878,M,Nashik,Sad
Employee_438,43,66157,M,Mumbai,Sad
Employee_439,37,35914,F,Nagpur,Sad
Employee_440,46,113700,F,Nagpur,Happy
Employee_441,28,57180,F,Nashik,Happy
Employee_442,49,33688,F,Delhi,Happy
Employee_443,46,110219,M,Nashik,Happy
Employee_444,30,108616,M,Nashik,Sad
Employee_445,46,126489,M,Delhi,Sad
Employee_446,54,39916,M,Mumbai,Sad
Employee_447,27,86363,F,Delhi,Sad
Employee_448,24,125213,F,Nashik,Sad
Employee_449,31,57360,F,Pune,Sad
Employee_450,49,67805,F,Delhi,Sad
Employee_451,56,43453,M,Mumbai,Happy
Employee_452,45,52703,M,Delhi,Happy
Employee_453,41,89021,F,Delhi,Happy
Employee_454,56,104176,M,Nagpur,Happy
Employee_455,30,124799,M,Nagpur,Happy
Employee_456,57,128385,F,Nashik,Happy
Employee_457,29,134582,M,Nashik,Happy
Employee_458,44,111614,F,Delhi,Sad
Employee_459,55,118919,M,Pune,Sad
Employee_460,55,111072,M,Nashik,Sad
Employee_461,56,146094,F,Delhi,Sad
Employee_462,38,37410,F,Delhi,Happy
Employee_463,59,111462,F,Delhi,Happy
Employee_464,52,78268,M,Delhi,Happy
Employee_465,44,64248,F,Delhi,Happy
Employee_466,43,61159,M,Nagpur,Sad
Employee_467,52,72039,F,Mumbai,Sad
Employee_468,57,131902,M,Mumbai,Sad
Employee_469,32,77800,F,Delhi,Sad
Employee_470,33,70761,F,Nashik,Happy
Employee_471,43,124626,M,Pune,Happy
Employee_472,45,116103,M,Delhi,Sad
Employee_473,55,148368,F,Pune,Sad
Employee_474,50,73663,M,Nagpur,Sad
Employee_475,37,110903,F,Mumbai,Sad
Employee_476,40,70412,M,Nagpur,Sad
Employee_477,45,148998,M,Nashik,Sad
Employee_478,42,140252,F,Nashik,Happy
Employee_479,33,146446,F,Delhi,Happy
Employee_480,39,65367,M,Nashik,Sad
Employee_481,56,35813,M,Nashik,Happy
Employee_482,32,89894,M,Nagpur,Happy
Employee_483,39,132157,M,Pune,Happy
Employee_484,32,81444,F,Mumbai,Sad
Employee_485,29,64269,F,Nashik,Happy
Employee_486,27,91748,M,Nashik,Happy
Employee_487,48,71190,F,Nagpur,Happy
Employee_488,34,70318,M,Mumbai,Happy
Employee_489,51,67018,M,Nagpur,Happy
Employee_490,39,69759,M,Pune,Happy
Employee_491,36,46498,F,Nagpur,Happy
Employee_492,25,55989,M,Mumbai,Sad
Employee_493,55,132710,F,Mumbai,Happy
Employee_494,32,55568,F,Nashik,Happy
Employee_495,45,147035,M,Pune,Happy
Employee_496,41,96577,F,Delhi,Sad
Employee_497,56,135231,M,Nashik,Happy
Employee_498,43,144699,M,Nagpur,Sad
Employee_499,36,60099,F,Nagpur,Happy
Employee_500,59,119900,M,Mumbai,Sad
Employee_501,59,70639,F,Mumbai,Sad
Employee_502,34,134679,F,Mumbai,Sad
Employee_503,51,53482,F,Delhi,Happy
Employee_504,25,99212,M,Delhi,Sad
Employee_505,55,85261,F,Nashik,Happy
Employee_506,43,141321,M,Delhi,Happy
Employee_507,49,117317,M,Mumbai,Happy
Employee_508,31,60048,F,Nashik,Sad
Employee_509,38,33065,F,Nashik,Happy
Employee_510,32,32036,M,Pune,Sad
Employee_511,29,65814,F,Delhi,Happy
Employee_512,30,89694,F,Nagpur,Happy
Employee_513,37,46924,F,Nagpur,Happy
Employee_514,58,90204,M,Pune,Happy
Employee_515,27,62844,F,Mumbai,Happy
Employee_516,33,147755,M,Pune,Happy
Employee_517,29,144184,M,Mumbai,Happy
Employee_518,47,111943,F,Delhi,Sad
Employee_519,22,51518,F,Delhi,Happy
Employee_520,25,47059,M,Nashik,Happy
Employee_521,49,53052,M,Nashik,Sad
Employee_522,57,99803,F,Nashik,Sad
Employee_523,58,101524,M,Nashik,Sad
Employee_524,39,123510,F,Nagpur,Happy
Employee_525,28,119572,M,Nashik,Sad
Employee_526,21,38680,F,Nashik,Happy
Employee_527,42,97021,M,Nashik,Sad
Employee_528,37,110249,F,Mumbai,Happy
Employee_529,27,50043,F,Nashik,Sad
Employee_530,45,32419,M,Pune,Happy
Employee_531,24,86892,F,Nashik,Happy
Employee_532,56,143616,M,Nashik,Happy
Employee_533,26,131799,M,Nagpur,Sad
Employee_534,51,47140,M,Nashik,Sad
Employee_535,39,73484,M,Mumbai,Sad
Employee_536,59,93869,F,Delhi,Sad
Employee_537,47,75210,M,Nashik,Sad
Employee_538,30,87600,M,Nashik,Happy
Employee_539,46,146467,M,Nashik,Sad
Employee_540,39,108497,F,Nagpur,Happy
Employee_541,59,138611,M,Delhi,Happy
Employee_542,23,36487,F,Nagpur,Happy
Employee_543,33,90692,F,Nagpur,Happy
Employee_544,48,92112,M,Nagpur,Sad
Employee_545,40,61110,F,Mumbai,Sad
Employee_546,48,137968,M,Delhi,Sad
Employee_547,28,46360,F,Mumbai,Sad
Employee_548,59,79410,F,Mumbai,Sad
Employee_549,21,132379,M,Delhi,Sad
Employee_550,23,120418,F,Mumbai,Happy
Employee_551,33,113038,M,Delhi,Sad
Employee_552,48,143589,F,Nashik,Happy
Employee_553,45,103167,M,Nagpur,Happy
Employee_554,53,33017,M,Mumbai,Happy
Employee_555,58,116261,M,Delhi,Happy
Employee_556,26,90124,M,Pune,Sad
Employee_557,52,146346,F,Mumbai,Sad
Employee_558,41,120298,M,Mumbai,Happy
Employee_559,36,80949,M,Delhi,Sad
Employee_560,41,88268,M,Pune,Happy
Employee_561,31,96320,M,Pune,Happy
Employee_562,57,123556,F,Nashik,Happy
Employee_563,56,133995,M,Mumbai,Happy
Employee_564,55,111301,F,Nagpur,Sad
Employee_565,39,61127,M,Mumbai,Happy
Employee_566,40,33196,M,Nagpur,Sad
Employee_567,38,105088,M,Nagpur,Happy
Employee_568,34,71300,M,Delhi,Sad
Employee_569,35,79714,M,Mumbai,Sad
Employee_570,51,61921,M,Delhi,Sad
Employee_571,21,34746,F,Nashik,Happy
Employee_572,23,98535,F,Nagpur,Happy
Employee_573,36,95350,M,Pune,Sad
Employee_574,43,80345,M,Nagpur,Sad
Employee_575,31,139606,M,Nashik,Happy
Employee_576,32,79220,F,Nagpur,Sad
Employee_577,30,111131,M,Delhi,Sad
Employee_578,52,52063,F,Mumbai,Sad
Employee_579,36,147116,F,Pune,Happy
Employee_580,28,101736,F,Delhi,Happy
Employee_581,58,133700,F,Mumbai,Happy
Employee_582,32,118913,F,Pune,Happy
Employee_583,44,108946,M,Nashik,Happy
Employee_584,48,75971,F,Nagpur,Happy
Employee_585,28,33598,F,Pune,Sad
Employee_586,48,40564,M,Nashik,Sad
Employee_587,56,141052,M,Mumbai,Sad
Employee_588,46,126434,F,Pune,Sad
Employee_589,28,79725,M,Nashik,Sad
Employee_590,48,116134,M,Mumbai,Sad
Employee_591,48,135940,M,Delhi,Happy
Employee_592,57,89940,F,Nagpur,Sad
Employee_593,56,92085,F,Nashik,Sad
Employee_594,47,47862,M,Delhi,Happy
Employee_595,37,40265,M,Mumbai,Happy
Employee_596,29,39705,F,Pune,Sad
Employee_597,53,85279,F,Nagpur,Sad
Employee_598,40,92471,M,Mumbai,Sad
Employee_599,33,121080,F,Nashik,Happy
Employee_600,48,109834,F,Nagpur,Happy
Employee_601,49,92979,M,Delhi,Happy
Employee_602,33,85828,M,Nagpur,Happy
Employee_603,55,128206,F,Delhi,Sad
Employee_604,26,146884,F,Mumbai,Sad
Employee_605,38,138007,F,Pune,Sad
Employee_606,25,76104,M,Nagpur,Happy
Employee_607,45,70934,M,Pune,Happy
Employee_608,22,144420,M,Pune,Sad
Employee_609,30,36050,M,Nagpur,Sad
Employee_610,50,73952,F,Nagpur,Sad
Employee_611,25,116570,M,Pune,Happy
Employee_612,53,141016,M,Nashik,Sad
Employee_613,21,38484,F,Nashik,Happy
Employee_614,38,92648,M,Nagpur,Sad
Employee_615,52,89945,F,Pune,Sad
Employee_616,31,83678,M,Pune,Happy
Employee_617,41,61323,F,Mumbai,Happy
Employee_618,46,116332,F,Pune,Happy
Employee_619,45,124605,F,Nashik,Sad
Employee_620,42,117363,M,Mumbai,Happy
Employee_621,47,65361,F,Nashik,Sad
Employee_622,33,40315,M,Delhi,Happy
Employee_623,53,77968,M,Nagpur,Sad
Employee_624,54,56519,M,Delhi,Happy
Employee_625,55,39107,M,Nagpur,Happy
Employee_626,21,85781,M,Nashik,Sad
Employee_627,41,33869,M,Nashik,Happy
Employee_628,26,110983,F,Delhi,Sad
Employee_629,48,57370,F,Nagpur,Sad
Employee_630,37,92695,M,Nagpur,Sad
Employee_631,25,90422,M,Mumbai,Happy
Employee_632,51,37971,M,Pune,Sad
Employee_633,25,126805,M,Mumbai,Happy
Employee_634,58,55651,M,Nashik,Happy
Employee_635,23,86974,F,Delhi,Sad
Employee_636,43,131293,F,Nagpur,Happy
Employee_637,57,53446,M,Mumbai,Sad
Employee_638,57,68108,M,Delhi,Sad
Employee_639,30,105179,F,Delhi,Sad
Employee_640,30,33823,M,Pune,Sad
Employee_641,39,43454,M,Nagpur,Sad
Employee_642,37,33932,M,Delhi,Sad
Employee_643,41,40220,F,Nagpur,Happy
Employee_644,34,104090,F,Mumbai,Happy
Employee_645,29,97965,M,Delhi,Happy
Employee_646,21,58208,F,Delhi,Happy
Employee_647,33,102980,F,Mumbai,Happy
Employee_648,24,40510,M,Nagpur,Sad
Employee_649,21,74045,F,Nagpur,Happy
Employee_650,52,40537,F,Delhi,Sad
Employee_651,54,102683,F,Mumbai,Happy
Employee_652,48,135935,F,Nashik,Happy
Employee_653,51,99134,F,Nagpur,Sad
Employee_654,28,132633,F,Nashik,Happy
Employee_655,59,102254,M,Delhi,Happy
Employee_656,46,138227,M,Nashik,Happy
Employee_657,54,43782,M,Nashik,Sad
Employee_658,23,144780,F,Nagpur,Happy
Employee_659,32,95587,M,Delhi,Sad
Employee_660,21,112238,F,Nashik,Happy
Employee_661,25,105720,F,Nagpur,Sad
Employee_662,50,108004,M,Nashik,Happy
Employee_663,50,52072,F,Nagpur,Sad
Employee_664,37,111015,M,Delhi,Sad
Employee_665,43,124003,F,Mumbai,Happy
Employee_666,35,118938,M,Nagpur,Happy
Employee_667,57,102746,M,Nagpur,Happy
Employee_668,41,75702,M,Nashik,Sad
Employee_669,34,132260,M,Delhi,Happy
Employee_670,22,36057,F,Pune,Sad
Employee_671,31,60916,M,Pune,Happy
Employee_672,59,57268,F,Mumbai,Happy
Employee_673,58,73978,M,Delhi,Sad
Employee_674,54,142894,M,Nagpur,Happy
Employee_675,58,53259,M,Pune,Happy
Employee_676,54,83583,F,Mumbai,Happy
Employee_677,38,109400,M,Delhi,Sad
Employee_678,50,64293,M,Mumbai,Sad
Employee_679,35,141581,F,Pune,Sad
Employee_680,47,37043,M,Nashik,Sad
Employee_681,54,80430,F,Nashik,Happy
Employee_682,58,137009,M,Delhi,Happy
Employee_683,53,68893,M,Mumbai,Happy
Employee_684,44,70642,M,Nagpur,Sad
Employee_685,35,108065,F,Pune,Happy
Employee_686,50,60868,M,Nashik,Sad
Employee_687,37,56309,M,Nashik,Happy
Employee_688,25,53284,M,Mumbai,Sad
Employee_689,49,143259,F,Nashik,Sad
Employee_690,24,130804,F,Mumbai,Happy
Employee_691,30,99000,F,Pune,Sad
Employee_692,37,114179,F,Mumbai,Sad
Employee_693,30,92107,F,Nashik,Happy
Employee_694,37,95049,F,Mumbai,Sad
Employee_695,40,59265,M,Nashik,Sad
Employee_696,44,111490,M,Delhi,Happy
Employee_697,25,53880,M,Nashik,Sad
Employee_698,54,114579,M,Nashik,Sad
Employee_699,26,30255,M,Nashik,Sad
Employee_700,22,31502,F,Delhi,Happy
Employee_701,33,100192,F,Nagpur,Happy
Employee_702,31,95424,F,Nashik,Happy
Employee_703,43,105838,M,Nagpur,Happy
Employee_704,36,100966,F,Pune,Sad
Employee_705,51,71366,M,Mumbai,Happy
Employee_706,31,57425,F,Nagpur,Happy
Employee_707,36,82328,M,Pune,Happy
Employee_708,28,144280,F,Mumbai,Happy
Employee_709,24,97396,M,Nashik,Sad
Employee_710,24,101694,F,Nashik,Sad
Employee_711,45,35806,M,Nashik,Happy
Employee_712,23,116274,F,Delhi,Sad
Employee_713,52,47106,M,Delhi,Happy
Employee_714,23,86731,M,Delhi,Happy
Employee_715,47,105010,M,Delhi,Sad
Employee_716,49,112533,M,Pune,Sad
Employee_717,52,148019,F,Pune,Sad
Employee_718,39,62599,F,Nashik,Sad
Employee_719,41,101326,F,Mumbai,Sad
Employee_720,25,147804,M,Delhi,Sad
Employee_721,38,105706,F,Mumbai,Happy
Employee_722,48,39004,M,Pune,Sad
Employee_723,42,138282,F,Delhi,Happy
Employee_724,41,145018,M,Pune,Happy
Employee_725,26,81364,F,Pune,Happy
Employee_726,21,55792,M,Nagpur,Happy
Employee_727,25,125752,M,Pune,Happy
Employee_728,32,94912,F,Nashik,Sad
Employee_729,46,84645,F,Pune,Sad
Employee_730,54,37232,F,Delhi,Happy
Employee_731,34,108210,M,Nashik,Happy
Employee_732,46,84766,M,Pune,Sad
Employee_733,47,111588,M,Nashik,Happy
Employee_734,29,78542,F,Pune,Sad
Employee_735,46,35913,M,Nashik,Sad
Employee_736,42,142406,F,Mumbai,Sad
Employee_737,50,143693,M,Nagpur,Happy
Employee_738,37,123449,F,Nashik,Happy
Employee_739,46,40567,M,Delhi,Happy
Employee_740,56,68379,M,Nagpur,Happy
Employee_741,21,104968,F,Nagpur,Happy
Employee_742,28,30319,M,Pune,Happy
Employee_743,55,120005,M,Nashik,Happy
Employee_744,35,140990,F,Nagpur,Happy
Employee_745,42,122026,M,Delhi,Sad
Employee_746,34,116120,F,Delhi,Happy
Employee_747,46,34791,F,Delhi,Sad
Employee_748,48,127272,M,Pune,Sad
Employee_749,43,30329,M,Mumbai,Sad
Employee_750,34,104387,M,Nashik,Happy
Employee_751,44,91032,F,Nagpur,Happy
Employee_752,22,74078,M,Nashik,Happy
Employee_753,46,118662,F,Nagpur,Sad
Employee_754,34,51300,M,Pune,Happy
Employee_755,27,105700,M,Nashik,Happy
Employee_756,23,80945,F,Pune,Sad
Employee_757,43,85609,M,Pune,Happy
Employee_758,38,90562,M,Nashik,Sad
Employee_759,58,120045,M,Nashik,Sad
Employee_760,55,91901,M,Nagpur,Sad
Employee_761,35,35703,M,Delhi,Happy
Employee_762,45,122645,F,Pune,Sad
Employee_763,57,93115,M,Mumbai,Sad
Employee_764,48,138953,F,Nagpur,Happy
Employee_765,30,118090,M,Nagpur,Sad
Employee_766,59,57676,M,Delhi,Happy
Employee_767,37,91710,F,Delhi,Happy
Employee_768,59,90077,M,Pune,Sad
Employee_769,42,119340,M,Nagpur,Happy
Employee_770,46,75440,F,Nagpur,Happy
Employee_771,45,66923,F,Mumbai,Happy
Employee_772,37,59802,M,Pune,Happy
Employee_773,33,120331,F,Pune,Sad
Employee_774,40,92904,F,Delhi,Happy
Employee_775,45,90162,F,Pune,Happy
Employee_776,24,95169,F,Mumbai,Happy
Employee_777,30,98147,M,Pune,Happy
Employee_778,23,52075,M,Nashik,Sad
Employee_779,38,147281,F,Nashik,Sad
Employee_780,56,112015,M,Mumbai,Happy
Employee_781,42,104716,F,Delhi,Sad
Employee_782,54,39304,M,Nagpur,Happy
Employee_783,28,89622,M,Pune,Sad
Employee_784,39,84215,F,Delhi,Happy
Employee_785,57,110146,F,Delhi,Happy
Employee_786,26,103973,M,Pune,Sad
Employee_787,46,138654,M,Nagpur,Sad
Employee_788,54,42521,M,Pune,Sad
Employee_789,26,148037,F,Nagpur,Sad
Employee_790,57,54028,M,Mumbai,Sad
Employee_791,53,69328,F,Nagpur,Happy
Employee_792,42,57301,F,Delhi,Happy
Employee_793,41,68015,F,Mumbai,Happy
Employee_794,26,117276,M,Nashik,Happy
Employee_795,26,66845,F,Mumbai,Sad
Employee_796,24,116818,M,Nagpur,Sad
Employee_797,50,106394,F,Mumbai,Happy
Employee_798,31,74159,M,Mumbai,Happy
Employee_799,50,73714,M,Nashik,Sad
Employee_800,51,110722,F,Nagpur,Sad
Employee_801,44,129721,F,Delhi,Sad
Employee_802,29,126730,M,Mumbai,Sad
Employee_803,23,55230,M,Pune,Sad
Employee_804,51,122554,F,Delhi,Happy
Employee_805,57,79262,F,Mumbai,Happy
Employee_806,56,120201,M,Delhi,Happy
Employee_807,44,71722,M,Pune,Happy
Employee_808,51,76359,F,Delhi,Sad
Employee_809,26,92796,M,Delhi,Happy
Employee_810,22,70159,F,Pune,Happy
Employee_811,40,139668,F,Pune,Happy
Employee_812,48,138675,F,Pune,Happy
Employee_813,31,117052,F,Nashik,Happy
Employee_814,24,130808,M,Pune,Sad
Employee_815,35,120209,F,Delhi,Happy
Employee_816,26,35239,F,Pune,Happy
Employee_817,50,144980,M,Mumbai,Sad
Employee_818,58,121951,M,Pune,Sad
Employee_819,22,80886,F,Pune,Sad
Employee_820,35,133424,F,Nagpur,Sad
Employee_821,31,57195,F,Delhi,Happy
Employee_822,28,134697,F,Delhi,Sad
Employee_823,46,124859,F,Mumbai,Happy
Employee_824,25,130500,F,Nashik,Sad
Employee_825,26,131770,M,Nagpur,Happy
Employee_826,46,126299,M,Mumbai,Sad
Employee_827,24,64674,F,Mumbai,Sad
Employee_828,39,48105,M,Delhi,Happy
Employee_829,40,140187,M,Nagpur,Happy
Employee_830,53,59739,F,Delhi,Sad
Employee_831,40,143741,M,Nashik,Happy
Employee_832,32,61969,M,Delhi,Happy
Employee_833,21,44497,F,Pune,Happy
Employee_834,46,31816,F,Delhi,Happy
Employee_835,34,148915,F,Pune,Sad
Employee_836,58,122019,M,Mumbai,Happy
Employee_837,57,89254,F,Nashik,Sad
Employee_838,31,139017,M,Pune,Happy
Employee_839,56,117695,F,Nashik,Sad
Employee_840,33,99385,F,Delhi,Sad
Employee_841,23,117148,F,Delhi,Sad
Employee_842,53,135153,F,Mumbai,Sad
Employee_843,26,63826,M,Delhi,Happy
Employee_844,30,140034,M,Pune,Happy
Employee_845,25,93365,F,Mumbai,Sad
Employee_846,43,114242,M,Nashik,Happy
Employee_847,30,80100,F,Mumbai,Happy
Employee_848,22,120099,F,Nashik,Sad
Employee_849,33,34359,M,Nagpur,Happy
Employee_850,22,126205,M,Pune,Happy
Employee_851,40,42809,F,Pune,Happy
Employee_852,21,94450,F,Nashik,Happy
Employee_853,57,68428,F,Delhi,Sad
Employee_854,29,124990,M,Delhi,Sad
Employee_855,37,102790,F,Nagpur,Happy
Employee_856,29,141126,F,Nashik,Sad
Employee_857,31,120321,F,Nagpur,Sad
Employee_858,35,32093,F,Nashik,Sad
Employee_859,44,74498,F,Nagpur,Sad
Employee_860,58,146251,F,Nashik,Happy
Employee_861,55,70985,M,Pune,Happy
Employee_862,50,62009,F,Nagpur,Happy
Employee_863,51,112094,F,Nagpur,Sad
Employee_864,25,47718,M,Nashik,Happy
Employee_865,34,46705,M,Mumbai,Happy
Employee_866,31,117618,F,Mumbai,Happy
Employee_867,29,92598,M,Pune,Sad
Employee_868,54,107878,F,Delhi,Happy
Employee_869,32,42239,M,Delhi,Sad
Employee_870,55,76622,M,Pune,Sad
Employee_871,55,76665,F,Delhi,Sad
Employee_872,21,62274,M,Nashik,Sad
Employee_873,42,41419,F,Mumbai,Sad
Employee_874,49,138368,M,Pune,Happy
Employee_875,28,45003,F,Nashik,Sad
Employee_876,31,60866,M,Pune,Sad
Employee_877,57,51988,F,Mumbai,Sad
Employee_878,34,85894,F,Delhi,Happy
Employee_879,50,138563,F,Nashik,Happy
Employee_880,55,120444,F,Mumbai,Happy
Employee_881,41,35674,M,Pune,Happy
Employee_882,57,100538,F,Nagpur,Sad
Employee_883,25,123103,M,Nashik,Sad
Employee_884,39,96446,M,Pune,Happy
Employee_885,34,59072,F,Pune,Sad
Employee_886,46,63717,F,Mumbai,Happy
Employee_887,24,117345,M,Pune,Happy
Employee_888,45,56651,M,Nashik,Happy
Employee_889,45,147202,M,Nashik,Sad
Employee_890,38,74291,F,Pune,Happy
Employee_891,28,139525,F,Mumbai,Happy
Employee_892,59,93350,M,Nashik,Sad
Employee_893,34,112020,M,Nagpur,Sad
Employee_894,52,34646,M,Delhi,Sad
Employee_895,58,69713,F,Mumbai,Sad
Employee_896,53,97936,M,Mumbai,Sad
Employee_897,43,74331,M,Delhi,Sad
Employee_898,35,52185,M,Delhi,Happy
Employee_899,53,114263,M,Nashik,Sad
Employee_900,45,128656,F,Pune,Sad
Employee_901,37,82107,M,Pune,Sad
Employee_902,53,143793,F,Nagpur,Happy
Employee_903,22,96554,F,Pune,Sad
Employee_904,34,47563,M,Nagpur,Happy
Employee_905,59,100729,F,Nagpur,Happy
Employee_906,26,45701,M,Mumbai,Happy
Employee_907,26,99072,M,Mumbai,Happy
Employee_908,23,78217,M,Nashik,Sad
Employee_909,27,74610,M,Delhi,Sad
Employee_910,28,114422,M,Delhi,Sad
Employee_911,35,132123,F,Nagpur,Sad
Employee_912,49,80131,F,Delhi,Sad
Employee_913,53,59410,M,Nagpur,Sad
Employee_914,50,129280,F,Delhi,Happy
Employee_915,59,88715,M,Nashik,Happy
Employee_916,47,146968,F,Mumbai,Sad
Employee_917,56,68665,F,Mumbai,Sad
Employee_918,49,45957,M,Nagpur,Sad
Employee_919,58,78127,F,Delhi,Sad
Employee_920,53,93589,F,Pune,Sad
Employee_921,57,76008,F,Nashik,Sad
Employee_922,47,91920,M,Delhi,Happy
Employee_923,53,62875,F,Pune,Happy
Employee_924,24,143828,F,Nashik,Sad
Employee_925,42,31626,F,Nashik,Sad
Employee_926,22,120815,F,Mumbai,Sad
Employee_927,30,93822,F,Nagpur,Happy
Employee_928,25,101765,F,Delhi,Happy
Employee_929,30,102413,F,Nashik,Happy
Employee_930,53,63642,F,Delhi,Happy
Employee_931,58,68311,F,Nashik,Happy
Employee_932,33,62356,M,Mumbai,Sad
Employee_933,51,33809,F,Nagpur,Sad
Employee_934,56,73371,F,Pune,Happy
Employee_935,44,64875,F,Pune,Sad
Employee_936,35,140049,F,Mumbai,Happy
Employee_937,49,39465,F,Nashik,Happy
Employee_938,28,96095,M,Mumbai,Happy
Employee_939,25,103844,M,Nagpur,Sad
Employee_940,49,95250,M,Pune,Sad
Employee_941,24,116889,M,Delhi,Sad
Employee_942,32,45250,F,Pune,Sad
Employee_943,22,76023,F,Nagpur,Sad
Employee_944,47,131350,F,Nashik,Happy
Employee_945,51,76624,M,Mumbai,Happy
Employee_946,56,46427,M,Pune,Happy
Employee_947,56,63276,M,Pune,Sad
Employee_948,46,101643,M,Delhi,Sad
Employee_949,47,109012,F,Mumbai,Sad
Employee_950,25,33439,F,Delhi,Happy
Employee_951,40,115848,M,Delhi,Happy
Employee_952,31,117331,F,Nashik,Happy
Employee_953,30,108672,M,Pune,Sad
Employee_954,58,109703,M,Mumbai,Sad
Employee_955,26,47300,M,Nashik,Happy
Employee_956,28,90289,M,Nashik,Happy
Employee_957,43,47182,F,Nashik,Happy
Employee_958,46,100507,F,Nagpur,Happy
Employee_959,32,80912,M,Nagpur,Sad
Employee_960,46,56909,M,Nashik,Happy
Employee_961,33,49659,F,Nagpur,Sad
Employee_962,38,61403,F,Mumbai,Sad
Employee_963,45,144187,M,Pune,Sad
Employee_964,53,63586,M,Mumbai,Sad
Employee_965,32,40360,M,Pune,Sad
Employee_966,56,51424,M,Nagpur,Happy
Employee_967,24,128035,M,Mumbai,Sad
Employee_968,25,140231,F,Delhi,Happy
Employee_969,57,78791,F,Nashik,Happy
Employee_970,28,33065,M,Pune,Sad
Employee_971,48,98795,M,Pune,Happy
Employee_972,51,145594,M,Delhi,Happy
Employee_973,29,42300,M,Delhi,Happy
Employee_974,49,63370,F,Nashik,Happy
Employee_975,34,99831,F,Nagpur,Sad
Employee_976,42,57209,M,Mumbai,Happy
Employee_977,31,138287,F,Mumbai,Happy
Employee_978,43,131831,M,Mumbai,Sad
Employee_979,21,50927,M,Nagpur,Sad
Employee_980,57,64579,F,Nashik,Sad
Employee_981,41,140407,M,Mumbai,Sad
Employee_982,46,39032,F,Pune,Sad
Employee_983,56,123254,M,Pune,Happy
Employee_984,43,108413,M,Pune,Sad
Employee_985,21,70731,M,Delhi,Happy
Employee_986,35,149937,M,Delhi,Sad
Employee_987,41,143528,F,Nagpur,Happy
Employee_988,29,122202,M,Mumbai,Happy
Employee_989,29,83767,F,Delhi,Sad
Employee_990,30,137220,F,Pune,Happy
Employee_991,46,102302,M,Delhi,Sad
Employee_992,55,79954,F,Pune,Happy
Employee_993,45,147270,M,Mumbai,Sad
Employee_994,46,118365,F,Nagpur,Happy
Employee_995,31,115757,F,Nashik,Happy
Employee_996,58,55102,M,Nashik,Sad
Employee_997,22,64433,M,Pune,Sad
Employee_998,27,45932,F,Delhi,Sad
Employee_999,38,55714,M,Delhi,Sad
Employee_1000,47,87803,M,Pune,Sad
Employee_1001,54,69743,F,Mumbai,Sad
Employee_1002,47,32552,F,Pune,Sad
Employee_1003,37,86627,M,Mumbai,Sad
Employee_1004,44,75987,F,Nagpur,Sad
Employee_1005,45,109810,M,Nagpur,Sad
Employee_1006,27,75380,M,Pune,Happy
Employee_1007,26,59250,F,Nagpur,Happy
Employee_1008,44,98344,M,Delhi,Sad
Employee_1009,53,94686,F,Mumbai,Sad
Employee_1010,49,139394,M,Nashik,Happy
Employee_1011,42,75028,M,Nashik,Sad
Employee_1012,46,45295,M,Nagpur,Happy
Employee_1013,48,143141,F,Mumbai,Happy
Employee_1014,41,85248,F,Delhi,Happy
Employee_1015,27,110205,M,Nashik,Happy
Employee_1016,37,40523,F,Delhi,Happy
Employee_1017,40,75530,F,Delhi,Sad
Employee_1018,40,43769,M,Nashik,Happy
Employee_1019,42,93042,F,Nashik,Sad
Employee_1020,48,142035,F,Nagpur,Happy
Employee_1021,27,74645,F,Mumbai,Happy
Employee_1022,21,120743,M,Pune,Happy
Employee_1023,52,92142,M,Mumbai,Sad
Employee_1024,33,130760,F,Pune,Happy
Employee_1025,50,55557,M,Nashik,Happy
Employee_1026,43,133727,F,Delhi,Sad
Employee_1027,39,109782,M,Mumbai,Sad
Employee_1028,52,108382,F,Delhi,Happy
Employee_1029,50,67085,M,Mumbai,Happy
Employee_1030,49,80708,F,Mumbai,Happy
Employee_1031,49,81357,M,Delhi,Sad
Employee_1032,50,140939,F,Nagpur,Happy
Employee_1033,36,43470,M,Nashik,Sad
Employee_1034,39,108712,M,Nagpur,Happy
Employee_1035,38,148643,M,Nagpur,Sad
Employee_1036,21,137417,F,Mumbai,Sad
Employee_1037,34,109082,F,Nashik,Happy
Employee_1038,22,36805,F,Mumbai,Happy
Employee_1039,48,112324,M,Pune,Sad
Employee_1040,50,124884,F,Mumbai,Happy
Employee_1041,58,92028,M,Delhi,Sad
Employee_1042,24,80772,M,Mumbai,Sad
Employee_1043,21,82104,M,Pune,Happy
Employee_1044,28,103616,F,Mumbai,Sad
Employee_1045,49,131422,M,Pune,Happy
Employee_1046,59,119300,F,Nashik,Sad
Employee_1047,23,36630,F,Mumbai,Happy
Employee_1048,52,128869,M,Pune,Happy
Employee_1049,30,45701,F,Nashik,Happy
Employee_1050,30,44859,M,Delhi,Sad
Employee_1051,39,51183,M,Nagpur,Happy
Employee_1052,54,70438,F,Pune,Sad
Employee_1053,53,127285,M,Delhi,Sad
Employee_1054,43,147556,M,Nashik,Happy
Employee_1055,48,127423,M,Delhi,Sad
Employee_1056,52,72244,F,Mumbai,Happy
Employee_1057,27,104312,F,Nagpur,Sad
Employee_1058,49,45021,F,Pune,Sad
Employee_1059,28,99863,M,Nashik,Happy
Employee_1060,21,85565,M,Nagpur,Happy
Employee_1061,23,78043,F,Nashik,Sad
Employee_1062,44,103150,F,Delhi,Happy
Employee_1063,43,94361,F,Nashik,Happy
Employee_1064,28,31245,F,Nashik,Sad
Employee_1065,57,71011,F,Delhi,Happy
Employee_1066,23,40355,M,Delhi,Sad
Employee_1067,53,128841,F,Nagpur,Happy
Employee_1068,48,78692,M,Pune,Happy
Employee_1069,28,79004,M,Delhi,Sad
Employee_1070,54,145228,M,Nagpur,Sad
Employee_1071,55,59714,M,Nashik,Happy
Employee_1072,52,47198,F,Nashik,Happy
Employee_1073,44,96951,M,Mumbai,Sad
Employee_1074,34,139334,F,Delhi,Happy
Employee_1075,52,31652,M,Nagpur,Happy
Employee_1076,36,73625,F,Nagpur,Happy
Employee_1077,24,115982,F,Pune,Happy
Employee_1078,57,48740,M,Nagpur,Sad
Employee_1079,41,33810,F,Delhi,Happy
Employee_1080,34,46569,M,Nagpur,Sad
Employee_1081,51,129855,F,Mumbai,Sad
Employee_1082,38,109120,M,Nashik,Happy
Employee_1083,27,56783,M,Nashik,Sad
Employee_1084,30,129065,F,Nagpur,Happy
Employee_1085,27,108047,F,Nagpur,Happy
Employee_1086,53,39471,M,Nagpur,Sad
Employee_1087,43,140771,M,Nagpur,Sad
Employee_1088,41,36163,F,Mumbai,Sad
Employee_1089,39,93087,M,Delhi,Happy
Employee_1090,39,92071,M,Mumbai,Happy
Employee_1091,56,46065,M,Mumbai,Happy
Employee_1092,49,140190,F,Mumbai,Sad
Employee_1093,38,147969,M,Nashik,Sad
Employee_1094,22,113456,M,Mumbai,Sad
Employee_1095,21,134505,F,Nagpur,Sad
Employee_1096,25,147852,M,Mumbai,Sad
Employee_1097,40,78348,M,Nagpur,Happy
Employee_1098,31,49154,M,Delhi,Happy
Employee_1099,22,135703,M,Nashik,Sad
Employee_1100,23,50229,F,Delhi,Sad
Employee_1101,43,82587,M,Delhi,Sad
Employee_1102,32,149398,M,Nashik,Sad
Employee_1103,40,79713,M,Nagpur,Happy
Employee_1104,25,56997,M,Nagpur,Sad
Employee_1105,57,51101,M,Nagpur,Sad
Employee_1106,58,70391,F,Nashik,Sad
Employee_1107,50,105863,F,Mumbai,Happy
Employee_1108,29,102723,M,Pune,Happy
Employee_1109,54,125221,M,Mumbai,Sad
Employee_1110,55,89405,F,Mumbai,Happy
Employee_1111,42,64948,F,Delhi,Sad
Employee_1112,44,130264,F,Pune,Sad
Employee_1113,37,83031,M,Nagpur,Sad
Employee_1114,30,67921,M,Mumbai,Happy
Employee_1115,50,102571,M,Nashik,Sad
Employee_1116,43,107007,M,Mumbai,Sad
Employee_1117,52,58460,M,Nagpur,Happy
Employee_1118,37,147958,M,Mumbai,Happy
Employee_1119,37,51071,F,Delhi,Sad
Employee_1120,34,96118,F,Delhi,Sad
Employee_1121,29,78282,M,Mumbai,Happy
Employee_1122,22,121725,M,Delhi,Happy
Employee_1123,45,88445,M,Nashik,Happy
Employee_1124,59,111067,F,Pune,Sad
Employee_1125,29,112208,F,Mumbai,Sad
Employee_1126,42,84816,F,Nashik,Happy
Employee_1127,24,136283,F,Nashik,Happy
Employee_1128,46,115779,M,Nashik,Sad
Employee_1129,49,33060,F,Nagpur,Happy
Employee_1130,54,43731,F,Mumbai,Sad
Employee_1131,43,107830,M,Mumbai,Sad
Employee_1132,57,145871,M,Mumbai,Sad
Employee_1133,31,50719,M,Pune,Happy
Employee_1134,26,77042,F,Nashik,Sad
Employee_1135,38,146134,M,Mumbai,Happy
Employee_1136,41,79116,F,Delhi,Happy
Employee_1137,56,56325,F,Nagpur,Happy
Employee_1138,58,52597,F,Pune,Happy
Employee_1139,54,97439,F,Nagpur,Sad
Employee_1140,37,44551,M,Nashik,Sad
Employee_1141,57,123287,M,Delhi,Sad
Employee_1142,45,54278,F,Nashik,Happy
Employee_1143,58,121189,M,Mumbai,Sad
Employee_1144,32,45141,F,Nagpur,Sad
Employee_1145,43,97913,F,Delhi,Sad
Employee_1146,42,63615,M,Nagpur,Sad
Employee_1147,41,92751,M,Pune,Happy
Employee_1148,47,142684,F,Delhi,Happy
Employee_1149,51,57452,M,Pune,Sad
Employee_1150,26,52725,F,Delhi,Happy
Employee_1151,47,80391,M,Mumbai,Happy
Employee_1152,54,105060,F,Nagpur,Happy
Employee_1153,32,143535,F,Nagpur,Sad
Employee_1154,27,41698,M,Nashik,Sad
Employee_1155,30,138875,M,Delhi,Happy
Employee_1156,37,116711,F,Delhi,Happy
Employee_1157,46,107850,M,Pune,Happy
Employee_1158,41,139733,M,Delhi,Happy
Employee_1159,48,32365,F,Nagpur,Sad
Employee_1160,22,127553,F,Delhi,Happy
Employee_1161,21,127662,M,Nashik,Sad
Employee_1162,56,73372,M,Nashik,Happy
Employee_1163,46,74134,F,Nagpur,Sad
Employee_1164,49,67823,F,Nagpur,Happy
Employee_1165,41,101158,F,Nagpur,Sad
Employee_1166,31,126076,F,Delhi,Sad
Employee_1167,31,145060,F,Delhi,Happy
Employee_1168,56,136087,F,Mumbai,Happy
Employee_1169,59,31949,F,Pune,Sad
Employee_1170,55,79396,F,Delhi,Sad
Employee_1171,54,138336,M,Mumbai,Happy
Employee_1172,44,61912,M,Mumbai,Happy
Employee_1173,42,86947,M,Nashik,Happy
Employee_1174,25,127697,F,Delhi,Happy
Employee_1175,53,74387,M,Mumbai,Sad
Employee_1176,56,93965,F,Nashik,Sad
Employee_1177,40,46508,M,Pune,Sad
Employee_1178,39,75592,F,Nashik,Happy
Employee_1179,55,139249,F,Pune,Happy
Employee_1180,37,31919,M,Nagpur,Happy
Employee_1181,54,72595,F,Nagpur,Sad
Employee_1182,29,39617,M,Nashik,Happy
Employee_1183,46,105268,M,Nagpur,Sad
Employee_1184,22,63298,M,Delhi,Happy
Employee_1185,29,136153,M,Nashik,Sad
Employee_1186,29,36929,M,Mumbai,Sad
Employee_1187,37,132653,M,Delhi,Sad
Employee_1188,21,44456,M,Nashik,Happy
Employee_1189,45,139599,M,Pune,Happy
Employee_1190,45,116676,M,Nagpur,Happy
Employee_1191,59,113721,F,Nagpur,Happy
Employee_1192,55,67924,F,Nagpur,Sad
Employee_1193,23,54240,M,Nashik,Sad
Employee_1194,57,117381,F,Delhi,Happy
Employee_1195,50,39228,F,Pune,Happy
Employee_1196,58,51686,M,Nagpur,Happy
Employee_1197,54,41920,M,Delhi,Happy
Employee_1198,32,37432,F,Mumbai,Sad
Employee_1199,39,93575,M,Mumbai,Happy
Employee_1200,57,140507,M,Pune,Sad
Employee_1201,37,101725,M,Nagpur,Sad
Employee_1202,30,123575,F,Mumbai,Sad
Employee_1203,32,63910,M,Delhi,Happy
Employee_1204,36,60226,F,Delhi,Happy
Employee_1205,44,103150,M,Mumbai,Happy
Employee_1206,39,89099,M,Nagpur,Happy
Employee_1207,28,142557,F,Pune,Sad
Employee_1208,51,116760,M,Nagpur,Happy
Employee_1209,41,48013,F,Nashik,Sad
Employee_1210,37,51446,F,Mumbai,Happy
Employee_1211,43,145450,M,Nashik,Sad
Employee_1212,57,135209,M,Mumbai,Sad
Employee_1213,36,133193,F,Pune,Sad
Employee_1214,26,100375,F,Nagpur,Happy
Employee_1215,28,92509,M,Nagpur,Sad
Employee_1216,45,132261,M,Mumbai,Sad
Employee_1217,38,125739,M,Delhi,Happy
Employee_1218,45,30557,M,Nashik,Sad
Employee_1219,32,60666,M,Nagpur,Happy
Employee_1220,35,67389,F,Nagpur,Happy
Employee_1221,46,77700,F,Mumbai,Sad
Employee_1222,46,129143,F,Delhi,Sad
Employee_1223,52,54578,F,Nashik,Happy
Employee_1224,30,104779,M,Delhi,Sad
Employee_1225,36,39596,F,Delhi,Happy
Employee_1226,27,87500,M,Mumbai,Happy
Employee_1227,37,102534,M,Delhi,Sad
Employee_1228,43,40129,M,Nashik,Happy
Employee_1229,46,93394,M,Pune,Sad
Employee_1230,41,96046,M,Pune,Sad
Employee_1231,42,41596,F,Nashik,Happy
Employee_1232,27,95355,M,Mumbai,Sad
Employee_1233,34,42974,M,Nagpur,Sad
Employee_1234,35,96673,M,Mumbai,Sad
Employee_1235,27,142004,F,Nashik,Sad
Employee_1236,29,123433,M,Delhi,Sad
Employee_1237,28,100202,M,Pune,Sad
Employee_1238,43,104442,M,Delhi,Happy
Employee_1239,49,51818,F,Mumbai,Sad
Employee_1240,38,73246,M,Nashik,Happy
Employee_1241,51,85598,F,Pune,Happy
Employee_1242,50,32654,F,Nashik,Sad
Employee_1243,59,63758,M,Pune,Sad
Employee_1244,55,54204,F,Pune,Happy
Employee_1245,38,64928,F,Pune,Happy
Employee_1246,59,83609,M,Mumbai,Sad
Employee_1247,37,60552,M,Nashik,Happy
Employee_1248,34,143440,M,Nagpur,Happy
Employee_1249,51,40336,M,Nagpur,Sad
Employee_1250,44,77037,F,Nagpur,Happy
Employee_1251,55,46206,F,Nashik,Happy
Employee_1252,54,64831,M,Delhi,Sad
Employee_1253,23,73563,M,Nashik,Sad
Employee_1254,57,48361,M,Pune,Sad
Employee_1255,46,71335,F,Delhi,Sad
Employee_1256,43,104469,M,Pune,Happy
Employee_1257,59,147355,F,Pune,Happy
Employee_1258,35,55816,F,Nashik,Happy
Employee_1259,24,45619,F,Nagpur,Happy
Employee_1260,49,133223,F,Delhi,Happy
Employee_1261,42,122479,M,Mumbai,Sad
Employee_1262,45,56819,M,Nagpur,Happy
Employee_1263,33,41741,M,Mumbai,Happy
Employee_1264,38,38798,F,Nashik,Sad
Employee_1265,53,55143,F,Delhi,Happy
Employee_1266,36,79695,M,Nashik,Happy
Employee_1267,22,62747,F,Mumbai,Sad
Employee_1268,55,142870,F,Pune,Sad
Employee_1269,54,129187,F,Nashik,Happy
Employee_1270,50,51182,M,Delhi,Sad
Employee_1271,33,39415,M,Nashik,Happy
Employee_1272,33,41085,M,Nagpur,Happy
Employee_1273,38,45008,F,Nashik,Sad
Employee_1274,52,117638,M,Mumbai,Happy
Employee_1275,52,48452,M,Nashik,Sad
Employee_1276,55,94075,M,Delhi,Sad
Employee_1277,59,38120,F,Nashik,Happy
Employee_1278,49,94385,F,Nashik,Happy
Employee_1279,49,103356,F,Delhi,Sad
Employee_1280,36,140205,F,Nashik,Sad
Employee_1281,30,48170,F,Delhi,Sad
Employee_1282,50,46259,M,Mumbai,Sad
Employee_1283,45,52099,M,Delhi,Happy
Employee_1284,59,39649,F,Mumbai,Sad
Employee_1285,40,125791,F,Mumbai,Happy
Employee_1286,25,89258,M,Delhi,Sad
Employee_1287,21,71037,F,Nashik,Sad
Employee_1288,50,41805,F,Nagpur,Happy
Employee_1289,23,145996,F,Delhi,Happy
Employee_1290,34,73147,F,Nashik,Sad
Employee_1291,50,104280,F,Mumbai,Happy
Employee_1292,24,76053,M,Pune,Happy
Employee_1293,38,136777,M,Nagpur,Happy
Employee_1294,57,127841,F,Nashik,Happy
Employee_1295,45,121393,F,Nagpur,Sad
Employee_1296,21,106215,M,Pune,Happy
Employee_1297,35,142909,F,Pune,Sad
Employee_1298,29,125365,M,Pune,Sad
Employee_1299,35,40985,F,Delhi,Sad
Employee_1300,44,123823,M,Nagpur,Sad
Employee_1301,24,42391,M,Delhi,Happy
Employee_1302,32,34861,F,Pune,Sad
Employee_1303,57,93582,F,Nashik,Sad
Employee_1304,57,81928,M,Pune,Happy
Employee_1305,26,64364,F,Delhi,Happy
Employee_1306,59,112399,M,Pune,Happy
Employee_1307,44,127035,F,Pune,Sad
Employee_1308,31,148000,F,Delhi,Happy
Employee_1309,33,123330,F,Delhi,Sad
Employee_1310,54,72923,M,Nashik,Sad
Employee_1311,45,37919,M,Delhi,Sad
Employee_1312,27,85896,F,Nashik,Happy
Employee_1313,24,138638,M,Mumbai,Sad
Employee_1314,28,115818,F,Mumbai,Sad
Employee_1315,40,77396,M,Delhi,Happy
Employee_1316,49,64840,F,Pune,Sad
Employee_1317,30,72255,M,Nagpur,Happy
Employee_1318,54,101160,M,Pune,Happy
Employee_1319,46,129242,M,Delhi,Happy
Employee_1320,23,38176,M,Nashik,Happy
Employee_1321,26,63529,M,Pune,Happy
Employee_1322,25,86406,M,Mumbai,Happy
Employee_1323,25,42941,F,Delhi,Sad
Employee_1324,43,31669,F,Pune,Happy
Employee_1325,29,135432,M,Pune,Sad
Employee_1326,55,115782,F,Nashik,Sad
Employee_1327,40,147373,M,Nashik,Sad
Employee_1328,55,74859,F,Nashik,Sad
Employee_1329,38,85786,F,Nagpur,Happy
Employee_1330,37,81083,F,Delhi,Sad
Employee_1331,44,70076,F,Delhi,Happy
Employee_1332,23,50323,M,Mumbai,Sad
Employee_1333,52,129430,F,Mumbai,Happy
Employee_1334,55,36021,F,Delhi,Happy
Employee_1335,58,134741,F,Pune,Sad
Employee_1336,33,69807,M,Delhi,Happy
Employee_1337,45,80355,F,Nagpur,Happy
Employee_1338,29,132439,M,Mumbai,Happy
Employee_1339,24,143415,M,Mumbai,Happy
Employee_1340,34,74732,F,Mumbai,Sad
Employee_1341,57,38711,M,Delhi,Sad
Employee_1342,54,93079,F,Mumbai,Sad
Employee_1343,31,37904,F,Mumbai,Sad
Employee_1344,23,94033,F,Delhi,Happy
Employee_1345,48,130587,F,Pune,Sad
Employee_1346,49,116478,F,Mumbai,Sad
Employee_1347,29,119787,F,Mumbai,Happy
Employee_1348,23,85096,F,Mumbai,Happy
Employee_1349,45,120594,M,Nagpur,Sad
Employee_1350,54,130781,M,Delhi,Sad
Employee_1351,32,33093,F,Mumbai,Sad
Employee_1352,29,54918,F,Nagpur,Happy
Employee_1353,35,102743,M,Pune,Sad
Employee_1354,45,92636,F,Pune,Happy
Employee_1355,25,88806,M,Nagpur,Happy
Employee_1356,31,39394,M,Pune,Sad
Employee_1357,54,122510,F,Nashik,Happy
Employee_1358,44,123708,F,Pune,Happy
Employee_1359,35,127819,M,Nashik,Sad
Employee_1360,58,143145,M,Nagpur,Happy
Employee_1361,28,134531,F,Nashik,Happy
Employee_1362,25,43280,F,Pune,Happy
Employee_1363,46,66303,M,Mumbai,Sad
Employee_1364,38,57453,M,Nashik,Happy
Employee_1365,26,138886,M,Pune,Happy
Employee_1366,57,90695,F,Mumbai,Happy
Employee_1367,33,98449,F,Nagpur,Sad
Employee_1368,48,55765,F,Nagpur,Sad
Employee_1369,25,32340,M,Delhi,Sad
Employee_1370,33,121715,M,Nagpur,Sad
Employee_1371,37,123409,F,Delhi,Sad
Employee_1372,52,68057,M,Nagpur,Sad
Employee_1373,49,30597,M,Nagpur,Sad
Employee_1374,23,87988,M,Nagpur,Happy
Employee_1375,54,124655,M,Delhi,Happy
Employee_1376,47,45025,M,Delhi,Sad
Employee_1377,33,37145,F,Nashik,Sad
Employee_1378,53,131206,F,Pune,Sad
Employee_1379,26,85797,F,Pune,Happy
Employee_1380,44,71723,F,Pune,Happy
Employee_1381,39,103230,F,Nagpur,Happy
Employee_1382,36,34830,M,Pune,Happy
Employee_1383,48,53930,M,Delhi,Sad
Employee_1384,53,53752,M,Nashik,Happy
Employee_1385,33,138138,F,Mumbai,Happy
Employee_1386,45,106025,M,Nashik,Happy
Employee_1387,56,128228,M,Pune,Sad
Employee_1388,47,111304,M,Pune,Sad
Employee_1389,58,92040,F,Delhi,Sad
Employee_1390,27,138668,M,Nashik,Happy
Employee_1391,25,97696,M,Delhi,Happy
Employee_1392,51,141572,F,Delhi,Happy
Employee_1393,43,94648,F,Mumbai,Sad
Employee_1394,30,85030,M,Delhi,Sad
Employee_1395,52,86815,F,Delhi,Happy
Employee_1396,50,115669,M,Mumbai,Happy
Employee_1397,59,142789,F,Nagpur,Sad
Employee_1398,51,65690,M,Nagpur,Happy
Employee_1399,38,118406,M,Mumbai,Happy
Employee_1400,56,120032,F,Delhi,Happy
Employee_1401,22,87923,F,Pune,Sad
Employee_1402,34,66572,F,Nashik,Sad
Employee_1403,33,84030,F,Pune,Sad
Employee_1404,49,97904,M,Pune,Sad
Employee_1405,32,143461,F,Delhi,Sad
Employee_1406,59,136397,M,Nashik,Sad
Employee_1407,22,132236,M,Nashik,Sad
Employee_1408,52,59203,M,Nagpur,Sad
Employee_1409,33,107088,F,Mumbai,Sad
Employee_1410,47,35608,M,Delhi,Happy
Employee_1411,37,75667,M,Nashik,Happy
Employee_1412,51,85547,F,Delhi,Happy
Employee_1413,54,52485,M,Nagpur,Happy
Employee_1414,44,137596,M,Pune,Sad
Employee_1415,55,39862,M,Nashik,Happy
Employee_1416,26,133835,F,Nagpur,Happy
Employee_1417,39,105948,M,Delhi,Happy
Employee_1418,50,116890,M,Nagpur,Sad
Employee_1419,27,101880,M,Nagpur,Happy
Employee_1420,30,87560,F,Nagpur,Happy
Employee_1421,52,145063,F,Nagpur,Happy
Employee_1422,54,136191,F,Nagpur,Sad
Employee_1423,48,113529,M,Nagpur,Happy
Employee_1424,35,124218,M,Mumbai,Sad
Employee_1425,50,144462,M,Delhi,Sad
Employee_1426,57,58415,M,Pune,Happy
Employee_1427,49,94523,M,Delhi,Sad
Employee_1428,42,49323,F,Nashik,Sad
Employee_1429,24,83214,M,Nashik,Happy
Employee_1430,40,47997,M,Delhi,Sad
Employee_1431,52,87003,F,Nagpur,Happy
Employee_1432,56,33679,F,Mumbai,Happy
Employee_1433,24,125025,M,Pune,Happy
Employee_1434,47,70308,F,Nagpur,Sad
Employee_1435,37,105024,F,Delhi,Happy
Employee_1436,32,69842,F,Delhi,Happy
Employee_1437,42,95408,M,Mumbai,Happy
Employee_1438,37,99532,F,Mumbai,Sad
Employee_1439,30,83938,M,Delhi,Happy
Employee_1440,21,35695,F,Nagpur,Sad
Employee_1441,42,125740,M,Nagpur,Sad
Employee_1442,46,88499,M,Nagpur,Happy
Employee_1443,38,53382,M,Pune,Sad
Employee_1444,34,44235,F,Pune,Happy
Employee_1445,49,92223,F,Nagpur,Sad
Employee_1446,32,32366,F,Delhi,Happy
Employee_1447,56,57467,M,Mumbai,Happy
Employee_1448,55,89316,F,Nashik,Sad
Employee_1449,32,142468,F,Mumbai,Happy
Employee_1450,27,36764,M,Mumbai,Happy
Employee_1451,49,120896,F,Nashik,Sad
Employee_1452,31,143831,M,Nagpur,Sad
Employee_1453,53,91836,F,Mumbai,Sad
Employee_1454,26,61923,M,Nashik,Sad
Employee_1455,35,125711,M,Delhi,Sad
Employee_1456,52,46292,F,Delhi,Happy
Employee_1457,31,31614,M,Delhi,Happy
Employee_1458,43,50939,F,Nagpur,Happy
Employee_1459,46,142700,F,Mumbai,Sad
Employee_1460,54,48800,F,Mumbai,Sad
Employee_1461,54,86440,F,Pune,Happy
Employee_1462,49,53246,M,Delhi,Sad
Employee_1463,24,82805,M,Nagpur,Happy
Employee_1464,37,79648,M,Nashik,Happy
Employee_1465,55,145192,F,Nagpur,Sad
Employee_1466,33,86851,F,Mumbai,Sad
Employee_1467,59,61688,M,Delhi,Sad
Employee_1468,35,123498,M,Pune,Sad
Employee_1469,49,59764,F,Nagpur,Sad
Employee_1470,49,62470,F,Pune,Sad
Employee_1471,31,68501,F,Mumbai,Happy
Employee_1472,52,87207,M,Nashik,Sad
Employee_1473,22,92157,F,Nagpur,Happy
Employee_1474,34,33216,M,Mumbai,Happy
Employee_1475,40,52072,F,Delhi,Happy
Employee_1476,42,123778,M,Nagpur,Sad
Employee_1477,31,67132,F,Pune,Happy
Employee_1478,47,140573,M,Nagpur,Sad
Employee_1479,23,47861,M,Mumbai,Sad
Employee_1480,37,94186,M,Mumbai,Sad
Employee_1481,48,142133,F,Pune,Sad
Employee_1482,49,34960,M,Mumbai,Sad
Employee_1483,41,48781,M,Nagpur,Happy
Employee_1484,36,136605,F,Pune,Sad
Employee_1485,57,61126,M,Mumbai,Happy
Employee_1486,40,137145,M,Mumbai,Sad
Employee_1487,26,52578,F,Nagpur,Sad
Employee_1488,39,136034,M,Mumbai,Sad
Employee_1489,25,47883,F,Nagpur,Happy
Employee_1490,23,59782,M,Delhi,Happy
Employee_1491,21,86387,F,Nagpur,Happy
Employee_1492,58,46979,M,Nashik,Happy
Employee_1493,35,63746,M,Mumbai,Sad
Employee_1494,54,96266,M,Delhi,Sad
Employee_1495,55,30056,F,Pune,Happy
Employee_1496,45,61457,M,Nashik,Happy
Employee_1497,44,32243,M,Pune,Happy
Employee_1498,32,85031,F,Nashik,Happy
Employee_1499,38,31701,F,Delhi,Sad
Employee_1500,35,86381,F,Delhi,Sad
Employee_1501,36,80438,M,Delhi,Sad
Employee_1502,47,103839,M,Nashik,Happy
Employee_1503,28,110636,M,Nagpur,Happy
Employee_1504,45,141302,F,Pune,Sad
Employee_1505,37,137697,F,Nagpur,Happy
Employee_1506,49,96483,M,Nagpur,Happy
Employee_1507,28,50505,M,Mumbai,Happy
Employee_1508,35,36553,F,Pune,Sad
Employee_1509,47,63525,F,Nashik,Happy
Employee_1510,27,110402,F,Mumbai,Sad
Employee_1511,23,126008,M,Mumbai,Happy
Employee_1512,49,74348,F,Delhi,Happy
Employee_1513,44,101187,F,Nashik,Sad
Employee_1514,23,37273,F,Nagpur,Sad
Employee_1515,40,94236,F,Nagpur,Sad
Employee_1516,35,105569,M,Nagpur,Sad
Employee_1517,45,33535,F,Delhi,Happy
Employee_1518,50,48677,M,Nagpur,Happy
Employee_1519,34,113024,M,Pune,Sad
Employee_1520,27,137157,F,Nagpur,Sad
Employee_1521,37,30908,F,Nagpur,Happy
Employee_1522,40,100153,M,Pune,Happy
Employee_1523,56,138352,F,Delhi,Happy
Employee_1524,29,125967,M,Mumbai,Sad
Employee_1525,58,118989,F,Nashik,Sad
Employee_1526,42,65079,M,Delhi,Happy
Employee_1527,22,111556,M,Nagpur,Sad
Employee_1528,44,145477,M,Mumbai,Happy
Employee_1529,28,141889,F,Nashik,Sad
Employee_1530,31,142321,M,Nashik,Sad
Employee_1531,33,79323,M,Nashik,Happy
Employee_1532,37,75320,F,Pune,Happy
Employee_1533,28,122098,F,Pune,Sad
Employee_1534,41,119909,M,Mumbai,Happy
Employee_1535,38,76105,M,Nagpur,Sad
Employee_1536,50,60164,F,Mumbai,Happy
Employee_1537,38,31885,M,Nagpur,Happy
Employee_1538,51,87819,F,Delhi,Sad
Employee_1539,58,31049,F,Nashik,Happy
Employee_1540,52,83281,F,Nashik,Sad
Employee_1541,31,73271,M,Pune,Sad
Employee_1542,45,96697,F,Delhi,Sad
Employee_1543,53,96351,M,Delhi,Sad
Employee_1544,58,66534,M,Nagpur,Happy
Employee_1545,28,123034,F,Delhi,Sad
Employee_1546,31,88097,F,Pune,Sad
Employee_1547,42,83813,F,Nagpur,Sad
Employee_1548,44,55037,F,Mumbai,Happy
Employee_1549,37,66007,M,Nagpur,Sad
Employee_1550,32,109478,M,Mumbai,Sad
Employee_1551,52,57278,F,Nagpur,Happy
Employee_1552,35,38272,M,Nashik,Sad
Employee_1553,36,147492,F,Mumbai,Sad
Employee_1554,42,87183,M,Pune,Happy
Employee_1555,48,129173,M,Mumbai,Sad
Employee_1556,40,68294,M,Mumbai,Sad
Employee_1557,53,103277,F,Nagpur,Happy
Employee_1558,30,92509,M,Nashik,Happy
Employee_1559,52,34694,M,Nagpur,Happy
Employee_1560,53,125842,M,Nagpur,Sad
Employee_1561,22,88150,M,Nashik,Sad
Employee_1562,53,97470,F,Nagpur,Happy
Employee_1563,53,51556,M,Nashik,Sad
Employee_1564,33,94471,F,Pune,Happy
Employee_1565,50,79855,F,Nashik,Sad
Employee_1566,53,79086,M,Delhi,Happy
Employee_1567,33,48907,M,Nashik,Happy
Employee_1568,46,147327,F,Nashik,Happy
Employee_1569,42,101695,F,Delhi,Sad
Employee_1570,59,78487,F,Nashik,Happy
Employee_1571,22,59158,M,Mumbai,Happy
Employee_1572,58,50293,M,Nagpur,Sad
Employee_1573,59,75761,F,Nagpur,Happy
Employee_1574,46,142117,F,Pune,Sad
Employee_1575,35,129468,F,Pune,Happy
Employee_1576,54,63387,M,Delhi,Happy
Employee_1577,31,70750,M,Mumbai,Happy
Employee_1578,23,98602,F,Pune,Happy
Employee_1579,26,51256,M,Nagpur,Happy
Employee_1580,29,136942,F,Pune,Happy
Employee_1581,26,130641,M,Pune,Happy
Employee_1582,29,35594,F,Nashik,Sad
Employee_1583,59,32460,M,Pune,Happy
Employee_1584,51,102356,M,Delhi,Sad
Employee_1585,52,84698,M,Nagpur,Sad
Employee_1586,32,131746,M,Delhi,Sad
Employee_1587,28,46191,M,Delhi,Sad
Employee_1588,28,114631,M,Mumbai,Sad
Employee_1589,48,144630,M,Nashik,Sad
Employee_1590,40,40529,F,Delhi,Happy
Employee_1591,27,62175,F,Mumbai,Happy
Employee_1592,31,47675,F,Nagpur,Happy
Employee_1593,40,73158,M,Nagpur,Happy
Employee_1594,36,76798,M,Mumbai,Happy
Employee_1595,24,100910,M,Delhi,Sad
Employee_1596,26,55976,F,Delhi,Sad
Employee_1597,42,93116,F,Nashik,Sad
Employee_1598,46,108678,F,Nashik,Happy
Employee_1599,23,92821,F,Nagpur,Happy
Employee_1600,34,147343,F,Nashik,Happy
Employee_1601,31,42204,F,Mumbai,Happy
Employee_1602,38,85665,M,Nagpur,Sad
Employee_1603,32,37394,F,Delhi,Sad
Employee_1604,43,145392,M,Nagpur,Happy
Employee_1605,32,94814,F,Pune,Sad
Employee_1606,33,63593,F,Nagpur,Happy
Employee_1607,45,71964,M,Nashik,Happy
Employee_1608,39,107188,M,Mumbai,Happy
Employee_1609,56,145064,M,Delhi,Sad
Employee_1610,28,129276,F,Delhi,Sad
Employee_1611,49,83365,F,Nashik,Sad
Employee_1612,52,139572,M,Nashik,Happy
Employee_1613,38,30443,F,Nashik,Happy
Employee_1614,26,119439,M,Pune,Happy
Employee_1615,38,129058,F,Mumbai,Sad
Employee_1616,39,58180,F,Pune,Happy
Employee_1617,42,78791,F,Nashik,Happy
Employee_1618,57,116655,M,Mumbai,Sad
Employee_1619,52,105899,F,Nashik,Happy
Employee_1620,23,73665,M,Mumbai,Sad
Employee_1621,48,133700,M,Delhi,Sad
Employee_1622,30,127077,M,Pune,Happy
Employee_1623,55,33465,M,Nashik,Happy
Employee_1624,49,98247,M,Nashik,Happy
Employee_1625,35,81559,M,Nagpur,Happy
Employee_1626,53,55198,M,Delhi,Sad
Employee_1627,27,84740,M,Nashik,Sad
Employee_1628,32,52488,M,Pune,Sad
Employee_1629,50,68515,F,Delhi,Sad
Employee_1630,41,146411,M,Nashik,Sad
Employee_1631,51,119144,F,Pune,Sad
Employee_1632,44,57898,M,Nagpur,Sad
Employee_1633,40,31919,F,Nagpur,Happy
Employee_1634,57,80070,F,Pune,Happy
Employee_1635,24,92613,F,Delhi,Happy
Employee_1636,48,126707,F,Pune,Happy
Employee_1637,40,141777,F,Pune,Happy
Employee_1638,44,116135,F,Nagpur,Happy
Employee_1639,52,112501,M,Nagpur,Sad
Employee_1640,56,77003,M,Nagpur,Happy
Employee_1641,54,78478,M,Nashik,Happy
Employee_1642,56,44434,M,Nashik,Sad
Employee_1643,22,76246,M,Mumbai,Sad
Employee_1644,35,66649,M,Nashik,Happy
Employee_1645,54,89030,F,Delhi,Sad
Employee_1646,56,83061,M,Delhi,Happy
Employee_1647,26,31999,F,Nagpur,Sad
Employee_1648,59,44849,F,Pune,Happy
Employee_1649,32,106439,F,Nagpur,Happy
Employee_1650,23,145088,F,Pune,Happy
Employee_1651,38,143004,F,Nagpur,Sad
Employee_1652,41,82800,F,Nagpur,Sad
Employee_1653,35,35445,M,Delhi,Happy
Employee_1654,53,130932,F,Pune,Sad
Employee_1655,55,48040,F,Mumbai,Sad
Employee_1656,46,145308,M,Mumbai,Happy
Employee_1657,28,94315,M,Nagpur,Happy
Employee_1658,56,30246,M,Nagpur,Sad
Employee_1659,50,61153,M,Delhi,Sad
Employee_1660,43,35212,M,Pune,Happy
Employee_1661,34,33339,M,Nagpur,Sad
Employee_1662,34,118678,M,Mumbai,Sad
Employee_1663,22,86238,F,Pune,Sad
Employee_1664,57,49394,M,Nagpur,Happy
Employee_1665,25,83871,F,Pune,Sad
Employee_1666,58,130672,M,Delhi,Sad
Employee_1667,34,107722,M,Mumbai,Happy
Employee_1668,59,64607,F,Pune,Sad
Employee_1669,45,82055,M,Mumbai,Happy
Employee_1670,40,134509,M,Nagpur,Happy
Employee_1671,22,34395,M,Nashik,Happy
Employee_1672,59,45290,M,Pune,Happy
Employee_1673,26,117687,M,Mumbai,Happy
Employee_1674,37,95078,M,Pune,Happy
Employee_1675,45,33691,M,Nagpur,Sad
Employee_1676,48,37470,F,Nagpur,Happy
Employee_1677,22,33841,M,Mumbai,Sad
Employee_1678,55,132652,F,Delhi,Happy
Employee_1679,57,93197,F,Pune,Happy
Employee_1680,25,85773,F,Pune,Sad
Employee_1681,21,47776,F,Nagpur,Happy
Employee_1682,32,101596,F,Pune,Happy
Employee_1683,56,148943,F,Mumbai,Happy
Employee_1684,43,57584,F,Nashik,Happy
Employee_1685,51,143829,M,Nagpur,Sad
Employee_1686,31,34300,M,Nashik,Happy
Employee_1687,30,33338,M,Pune,Happy
Employee_1688,23,92601,F,Delhi,Happy
Employee_1689,34,35487,M,Mumbai,Sad
Employee_1690,36,66282,F,Pune,Happy
Employee_1691,30,125065,F,Mumbai,Happy
Employee_1692,49,145447,M,Pune,Sad
Employee_1693,30,125798,F,Pune,Happy
Employee_1694,32,106816,F,Pune,Sad
Employee_1695,50,138611,M,Nagpur,Sad
Employee_1696,21,58804,F,Nashik,Sad
Employee_1697,25,39915,M,Delhi,Sad
Employee_1698,40,41158,F,Nashik,Sad
Employee_1699,28,104157,F,Nashik,Happy
Employee_1700,32,40547,M,Mumbai,Happy
Employee_1701,21,118713,M,Nagpur,Sad
Employee_1702,40,141789,M,Nagpur,Happy
Employee_1703,48,32459,F,Pune,Happy
Employee_1704,57,58768,F,Nashik,Sad
Employee_1705,57,93146,M,Delhi,Sad
Employee_1706,32,133577,M,Mumbai,Happy
Employee_1707,57,80870,M,Nagpur,Happy
Employee_1708,48,137761,F,Pune,Sad
Employee_1709,35,133727,F,Delhi,Happy
Employee_1710,26,80460,M,Nashik,Sad
Employee_1711,40,112970,M,Delhi,Sad
Employee_1712,34,90817,M,Nagpur,Sad
Employee_1713,22,68247,F,Mumbai,Happy
Employee_1714,29,45419,M,Nashik,Sad
Employee_1715,57,130553,M,Mumbai,Sad
Employee_1716,40,65577,M,Delhi,Sad
Employee_1717,46,32921,F,Delhi,Sad
Employee_1718,49,34676,F,Pune,Sad
Employee_1719,21,115961,M,Nashik,Happy
Employee_1720,55,130721,F,Delhi,Happy
Employee_1721,26,79684,M,Nagpur,Happy
Employee_1722,57,43463,M,Nagpur,Sad
Employee_1723,25,55474,M,Mumbai,Happy
Employee_1724,53,70935,M,Nagpur,Sad
Employee_1725,34,97005,F,Delhi,Happy
Employee_1726,32,88596,M,Nagpur,Happy
Employee_1727,40,102828,M,Nashik,Sad
Employee_1728,44,120945,F,Mumbai,Happy
Employee_1729,54,119062,M,Nashik,Happy
Employee_1730,45,85152,F,Delhi,Happy
Employee_1731,49,119001,M,Delhi,Sad
Employee_1732,59,126491,M,Nagpur,Happy
Employee_1733,51,122321,M,Pune,Sad
Employee_1734,43,116569,M,Pune,Sad
Employee_1735,58,102467,F,Delhi,Sad
Employee_1736,40,82576,M,Delhi,Happy
Employee_1737,43,96627,F,Mumbai,Happy
Employee_1738,36,55772,F,Delhi,Sad
Employee_1739,28,46363,F,Delhi,Sad
Employee_1740,41,58490,M,Mumbai,Happy
Employee_1741,21,89004,F,Nashik,Happy
Employee_1742,28,83806,F,Nashik,Happy
Employee_1743,49,30260,F,Mumbai,Happy
Employee_1744,52,105992,M,Mumbai,Sad
Employee_1745,58,52320,M,Nashik,Happy
Employee_1746,25,108971,F,Nashik,Sad
Employee_1747,42,72145,F,Nashik,Sad
Employee_1748,54,93688,M,Nashik,Happy
Employee_1749,21,78581,F,Nagpur,Happy
Employee_1750,46,122561,F,Mumbai,Happy
Employee_1751,30,123645,F,Pune,Happy
Employee_1752,50,50754,M,Nagpur,Happy
Employee_1753,38,99837,F,Pune,Happy
Employee_1754,37,37207,F,Pune,Happy
Employee_1755,46,57920,M,Delhi,Sad
Employee_1756,28,117739,F,Mumbai,Sad
Employee_1757,32,144780,M,Nagpur,Happy
Employee_1758,47,117081,M,Mumbai,Sad
Employee_1759,28,54016,M,Nashik,Sad
Employee_1760,45,126634,F,Mumbai,Happy
Employee_1761,24,90522,F,Pune,Sad
Employee_1762,53,104092,F,Nashik,Happy
Employee_1763,21,84068,F,Mumbai,Happy
Employee_1764,39,142099,F,Mumbai,Sad
Employee_1765,51,50102,F,Pune,Happy
Employee_1766,36,134429,F,Nashik,Happy
Employee_1767,34,31924,F,Pune,Happy
Employee_1768,25,115015,M,Mumbai,Sad
Employee_1769,46,134987,F,Nagpur,Sad
Employee_1770,48,84333,F,Nagpur,Happy
Employee_1771,22,114458,M,Delhi,Happy
Employee_1772,26,114196,F,Nagpur,Sad
Employee_1773,29,76099,M,Nashik,Sad
Employee_1774,53,87346,F,Delhi,Happy
Employee_1775,45,105481,F,Nashik,Sad
Employee_1776,33,80062,M,Nagpur,Happy
Employee_1777,29,30306,M,Nagpur,Sad
Employee_1778,33,118495,F,Mumbai,Sad
Employee_1779,51,99767,M,Nashik,Sad
Employee_1780,31,134332,F,Pune,Sad
Employee_1781,24,42207,F,Mumbai,Happy
Employee_1782,54,69426,F,Nashik,Happy
Employee_1783,58,36336,F,Delhi,Sad
Employee_1784,24,142200,F,Nashik,Happy
Employee_1785,58,105166,F,Delhi,Happy
Employee_1786,39,47256,M,Delhi,Sad
Employee_1787,26,129445,M,Nagpur,Sad
Employee_1788,54,79817,M,Pune,Happy
Employee_1789,38,136704,F,Nashik,Sad
Employee_1790,33,63719,M,Pune,Happy
Employee_1791,43,72017,F,Delhi,Sad
Employee_1792,39,75704,M,Nagpur,Happy
Employee_1793,31,60013,F,Pune,Sad
Employee_1794,21,109991,F,Mumbai,Sad
Employee_1795,44,100258,F,Delhi,Happy
Employee_1796,27,108348,F,Mumbai,Sad
Employee_1797,45,125812,F,Pune,Happy
Employee_1798,41,66776,M,Pune,Happy
Employee_1799,35,40060,F,Pune,Sad
Employee_1800,21,108592,M,Nashik,Sad
Employee_1801,32,36655,F,Delhi,Sad
Employee_1802,27,118110,F,Delhi,Sad
Employee_1803,35,79923,F,Delhi,Happy
Employee_1804,41,108563,M,Nashik,Happy
Employee_1805,39,34030,F,Pune,Sad
Employee_1806,49,119779,M,Pune,Happy
Employee_1807,45,63289,F,Mumbai,Sad
Employee_1808,53,49739,M,Nashik,Happy
Employee_1809,52,129704,M,Nagpur,Sad
Employee_1810,55,140234,M,Nashik,Sad
Employee_1811,58,91687,F,Mumbai,Happy
Employee_1812,46,66491,F,Mumbai,Sad
Employee_1813,31,125549,M,Mumbai,Happy
Employee_1814,55,102115,F,Pune,Sad
Employee_1815,28,147935,F,Nagpur,Happy
Employee_1816,34,113778,F,Mumbai,Happy
Employee_1817,30,34781,M,Delhi,Happy
Employee_1818,22,50448,M,Pune,Happy
Employee_1819,29,141177,F,Nagpur,Sad
Employee_1820,23,81550,M,Delhi,Sad
Employee_1821,41,79294,F,Nagpur,Sad
Employee_1822,46,51446,F,Nagpur,Happy
Employee_1823,28,106579,M,Delhi,Sad
Employee_1824,22,115389,M,Nashik,Sad
Employee_1825,26,144679,F,Nagpur,Sad
Employee_1826,48,115615,F,Nashik,Sad
Employee_1827,49,47101,F,Nagpur,Happy
Employee_1828,46,96178,M,Delhi,Sad
Employee_1829,45,58016,M,Nagpur,Sad
Employee_1830,32,48932,F,Mumbai,Happy
Employee_1831,25,74653,F,Mumbai,Sad
Employee_1832,54,120481,M,Nagpur,Happy
Employee_1833,57,82802,F,Delhi,Sad
Employee_1834,35,37549,M,Delhi,Happy
Employee_1835,56,108933,M,Pune,Happy
Employee_1836,35,55362,F,Delhi,Sad
Employee_1837,43,77842,F,Nashik,Sad
Employee_1838,26,76539,M,Nagpur,Sad
Employee_1839,41,63717,F,Mumbai,Sad
Employee_1840,43,84596,M,Delhi,Sad
Employee_1841,36,145209,M,Mumbai,Sad
Employee_1842,35,53016,M,Pune,Happy
Employee_1843,45,85200,F,Nagpur,Happy
Employee_1844,56,110268,F,Delhi,Happy
Employee_1845,31,90287,F,Mumbai,Happy
Employee_1846,35,145042,M,Delhi,Sad
Employee_1847,24,122447,M,Pune,Happy
Employee_1848,41,113402,M,Mumbai,Happy
Employee_1849,33,72607,M,Mumbai,Happy
Employee_1850,42,57621,F,Nagpur,Sad
Employee_1851,39,42823,F,Nagpur,Sad
Employee_1852,54,59986,F,Mumbai,Sad
Employee_1853,34,94325,M,Nagpur,Happy
Employee_1854,24,146903,M,Mumbai,Sad
Employee_1855,47,149404,F,Nashik,Happy
Employee_1856,49,87771,M,Delhi,Happy
Employee_1857,48,84973,F,Nashik,Happy
Employee_1858,55,147225,M,Nashik,Sad
Employee_1859,28,44690,M,Delhi,Sad
Employee_1860,36,69107,M,Mumbai,Sad
Employee_1861,56,87888,M,Mumbai,Happy
Employee_1862,50,40956,M,Nagpur,Sad
Employee_1863,38,116839,F,Pune,Sad
Employee_1864,22,86227,F,Mumbai,Sad
Employee_1865,33,66533,F,Delhi,Happy
Employee_1866,24,125210,M,Pune,Happy
Employee_1867,46,86234,F,Delhi,Happy
Employee_1868,45,131131,F,Delhi,Happy
Employee_1869,50,97594,M,Delhi,Sad
Employee_1870,31,86901,M,Pune,Sad
Employee_1871,27,41519,F,Nashik,Happy
Employee_1872,51,61115,F,Delhi,Sad
Employee_1873,30,96266,F,Nagpur,Happy
Employee_1874,59,31832,F,Mumbai,Sad
Employee_1875,33,71368,F,Mumbai,Sad
Employee_1876,51,118425,M,Mumbai,Sad
Employee_1877,27,143922,F,Pune,Happy
Employee_1878,56,135474,F,Nagpur,Sad
Employee_1879,40,99715,F,Nagpur,Sad
Employee_1880,24,101835,F,Nagpur,Sad
Employee_1881,27,103366,F,Nagpur,Sad
Employee_1882,21,139743,F,Nagpur,Happy
Employee_1883,33,67570,M,Nashik,Happy
Employee_1884,42,117977,M,Nagpur,Happy
Employee_1885,41,36615,M,Nagpur,Sad
Employee_1886,42,102298,F,Pune,Sad
Employee_1887,48,68311,F,Pune,Sad
Employee_1888,29,120245,M,Nagpur,Happy
Employee_1889,46,133187,F,Nashik,Happy
Employee_1890,29,53434,F,Nagpur,Sad
Employee_1891,35,116879,F,Nagpur,Happy
Employee_1892,30,45739,M,Nagpur,Happy
Employee_1893,44,96202,M,Delhi,Sad
Employee_1894,28,128580,M,Nashik,Happy
Employee_1895,44,123419,F,Mumbai,Sad
Employee_1896,36,109599,M,Nagpur,Happy
Employee_1897,46,63649,M,Mumbai,Happy
Employee_1898,47,130364,M,Nashik,Happy
Employee_1899,57,77445,F,Nagpur,Happy
Employee_1900,24,146770,M,Mumbai,Sad
Employee_1901,44,69470,M,Mumbai,Sad
Employee_1902,39,104965,F,Nashik,Happy
Employee_1903,56,78621,M,Nagpur,Sad
Employee_1904,59,62926,F,Delhi,Happy
Employee_1905,30,144300,F,Nashik,Sad
Employee_1906,45,67997,M,Delhi,Happy
Employee_1907,38,89940,M,Nagpur,Sad
Employee_1908,39,70724,M,Mumbai,Happy
Employee_1909,56,127805,F,Nashik,Happy
Employee_1910,30,61704,M,Nashik,Sad
Employee_1911,53,58391,M,Nashik,Happy
Employee_1912,25,93291,M,Pune,Happy
Employee_1913,55,119723,F,Nagpur,Happy
Employee_1914,54,140870,F,Pune,Happy
Employee_1915,53,32526,F,Nashik,Sad
Employee_1916,41,54686,M,Nashik,Sad
Employee_1917,37,103339,M,Delhi,Happy
Employee_1918,42,128204,F,Pune,Happy
Employee_1919,57,36574,M,Mumbai,Sad
Employee_1920,35,38733,M,Nagpur,Sad
Employee_1921,55,80290,F,Mumbai,Happy
Employee_1922,48,102793,F,Mumbai,Happy
Employee_1923,27,66051,F,Nagpur,Sad
Employee_1924,52,45909,M,Nashik,Happy
Employee_1925,31,119682,M,Delhi,Sad
Employee_1926,30,107338,M,Nashik,Sad
Employee_1927,29,103432,F,Nashik,Sad
Employee_1928,34,58133,F,Pune,Happy
Employee_1929,33,81571,M,Mumbai,Sad
Employee_1930,45,109062,F,Mumbai,Sad
Employee_1931,22,80908,F,Mumbai,Happy
Employee_1932,55,41278,M,Delhi,Sad
Employee_1933,27,141546,F,Delhi,Sad
Employee_1934,41,81458,M,Delhi,Sad
Employee_1935,38,94265,F,Nagpur,Sad
Employee_1936,23,86782,M,Delhi,Sad
Employee_1937,59,85415,F,Pune,Sad
Employee_1938,31,121087,M,Pune,Happy
Employee_1939,59,84160,F,Nashik,Happy
Employee_1940,44,84399,F,Nashik,Happy
Employee_1941,39,55298,F,Nashik,Sad
Employee_1942,24,130874,F,Nashik,Sad
Employee_1943,46,52191,F,Pune,Sad
Employee_1944,58,86964,M,Nashik,Happy
Employee_1945,52,63092,M,Pune,Happy
Employee_1946,59,119407,M,Delhi,Sad
Employee_1947,56,105257,F,Delhi,Happy
Employee_1948,57,133949,M,Nagpur,Happy
Employee_1949,53,92513,F,Nashik,Sad
Employee_1950,56,81097,F,Delhi,Happy
Employee_1951,23,60279,M,Delhi,Happy
Employee_1952,29,44404,M,Mumbai,Happy
Employee_1953,28,100022,F,Mumbai,Happy
Employee_1954,53,65198,F,Pune,Sad
Employee_1955,26,124223,M,Nagpur,Sad
Employee_1956,59,148198,M,Mumbai,Happy
Employee_1957,24,79997,F,Nagpur,Happy
Employee_1958,33,108692,F,Delhi,Happy
Employee_1959,22,30567,M,Pune,Happy
Employee_1960,25,91032,F,Nagpur,Sad
Employee_1961,47,32179,F,Mumbai,Sad
Employee_1962,52,32019,M,Delhi,Happy
Employee_1963,41,111455,M,Nashik,Happy
Employee_1964,28,115239,F,Delhi,Happy
Employee_1965,58,48704,F,Mumbai,Happy
Employee_1966,28,48030,M,Mumbai,Sad
Employee_1967,23,99445,F,Nashik,Happy
Employee_1968,23,103551,M,Delhi,Happy
Employee_1969,42,33420,F,Nagpur,Sad
Employee_1970,26,89875,M,Nagpur,Happy
Employee_1971,22,77653,F,Delhi,Sad
Employee_1972,43,46740,F,Nagpur,Sad
Employee_1973,22,95263,F,Delhi,Happy
Employee_1974,58,135789,M,Delhi,Sad
Employee_1975,37,125864,M,Mumbai,Happy
Employee_1976,55,94559,M,Pune,Happy
Employee_1977,54,49465,F,Mumbai,Sad
Employee_1978,43,81432,F,Nagpur,Sad
Employee_1979,50,34131,M,Pune,Sad
Employee_1980,28,40652,M,Delhi,Happy
Employee_1981,42,94973,F,Nagpur,Happy
Employee_1982,56,117043,F,Nashik,Happy
Employee_1983,25,77147,F,Nagpur,Happy
Employee_1984,33,77671,F,Pune,Happy
Employee_1985,49,144217,M,Pune,Sad
Employee_1986,51,119342,M,Delhi,Sad
Employee_1987,36,49171,F,Nashik,Sad
Employee_1988,50,116129,F,Delhi,Happy
Employee_1989,36,85692,F,Nashik,Happy
Employee_1990,32,88541,M,Nashik,Happy
Employee_1991,37,39470,M,Delhi,Happy
Employee_1992,36,145153,F,Nagpur,Happy
Employee_1993,32,91344,F,Mumbai,Sad
Employee_1994,28,74308,F,Nashik,Happy
Employee_1995,40,80639,F,Pune,Sad
Employee_1996,23,51326,F,Delhi,Happy
Employee_1997,36,34597,F,Nagpur,Sad
Employee_1998,50,132840,M,Nashik,Happy
Employee_1999,43,60788,M,Nagpur,Happy
Employee_2000,48,95020,M,Delhi,Sad
Employee_2001,25,79477,F,Pune,Happy
Employee_2002,40,138261,F,Nashik,Happy
Employee_2003,21,132466,F,Nashik,Happy
Employee_2004,50,63071,M,Nagpur,Sad
Employee_2005,41,100603,F,Delhi,Sad
Employee_2006,40,91923,M,Mumbai,Happy
Employee_2007,26,100560,F,Nashik,Sad
Employee_2008,42,103251,F,Pune,Sad
Employee_2009,38,87492,F,Nashik,Sad
Employee_2010,28,61770,M,Nashik,Sad
Employee_2011,59,106762,M,Mumbai,Sad
Employee_2012,52,65399,M,Mumbai,Happy
Employee_2013,53,108948,F,Delhi,Happy
Employee_2014,36,143341,M,Nashik,Happy
Employee_2015,32,87439,F,Nashik,Sad
Employee_2016,58,74415,F,Nagpur,Sad
Employee_2017,54,42569,M,Nagpur,Sad
Employee_2018,34,32369,M,Pune,Happy
Employee_2019,56,139963,F,Pune,Happy
Employee_2020,53,127557,F,Nagpur,Happy
Employee_2021,43,30528,F,Pune,Happy
Employee_2022,22,138806,F,Nashik,Happy
Employee_2023,41,60314,M,Mumbai,Happy
Employee_2024,22,132979,M,Nashik,Happy
Employee_2025,47,48047,M,Nagpur,Happy
Employee_2026,29,49748,F,Delhi,Sad
Employee_2027,21,65109,F,Delhi,Sad
Employee_2028,31,43919,F,Nagpur,Sad
Employee_2029,23,77498,M,Nashik,Happy
Employee_2030,43,85808,F,Pune,Happy
Employee_2031,46,110792,F,Pune,Happy
Employee_2032,24,100441,M,Delhi,Sad
Employee_2033,38,143843,M,Nagpur,Happy
Employee_2034,26,143559,F,Nagpur,Sad
Employee_2035,55,104420,M,Mumbai,Sad
Employee_2036,42,58906,F,Delhi,Happy
Employee_2037,35,137447,M,Nagpur,Sad
Employee_2038,42,101486,F,Mumbai,Happy
Employee_2039,57,96896,M,Pune,Sad
Employee_2040,32,133431,M,Delhi,Happy
Employee_2041,58,51946,M,Delhi,Happy
Employee_2042,38,77020,M,Nagpur,Happy
Employee_2043,55,104266,F,Nagpur,Sad
Employee_2044,50,52161,F,Nashik,Happy
Employee_2045,44,57738,M,Pune,Happy
Employee_2046,50,33925,F,Pune,Happy
Employee_2047,34,38463,M,Mumbai,Happy
Employee_2048,26,87153,M,Mumbai,Happy
Employee_2049,23,112948,F,Nashik,Sad
Employee_2050,36,91009,F,Pune,Sad
Employee_2051,27,117938,F,Mumbai,Sad
Employee_2052,34,129546,F,Pune,Happy
Employee_2053,29,121253,F,Pune,Happy
Employee_2054,35,71552,F,Mumbai,Happy
Employee_2055,41,86271,F,Nagpur,Sad
Employee_2056,55,39797,M,Nagpur,Sad
Employee_2057,22,116130,F,Mumbai,Happy
Employee_2058,47,101942,M,Nashik,Sad
Employee_2059,22,148065,F,Delhi,Sad
Employee_2060,55,43965,F,Pune,Happy
Employee_2061,38,43733,M,Delhi,Sad
Employee_2062,34,83223,M,Mumbai,Happy
Employee_2063,40,56926,M,Pune,Sad
Employee_2064,38,58783,M,Delhi,Sad
Employee_2065,30,113360,F,Nagpur,Sad
Employee_2066,45,66394,F,Nashik,Happy
Employee_2067,22,138378,M,Delhi,Sad
Employee_2068,45,94796,M,Nashik,Happy
Employee_2069,53,58287,F,Nagpur,Sad
Employee_2070,56,112104,F,Delhi,Happy
Employee_2071,51,60436,M,Mumbai,Happy
Employee_2072,34,116916,F,Pune,Happy
Employee_2073,21,120332,F,Nagpur,Sad
Employee_2074,36,103567,M,Nashik,Happy
Employee_2075,23,117483,M,Nashik,Sad
Employee_2076,55,33188,M,Nagpur,Happy
Employee_2077,26,121205,M,Mumbai,Happy
Employee_2078,45,131249,F,Mumbai,Happy
Employee_2079,33,127349,M,Nashik,Happy
Employee_2080,54,36765,F,Nagpur,Sad
Employee_2081,28,81626,F,Nagpur,Sad
Employee_2082,41,118707,F,Pune,Happy
Employee_2083,54,40807,F,Nashik,Sad
Employee_2084,24,40204,M,Mumbai,Sad
Employee_2085,45,122602,F,Delhi,Happy
Employee_2086,35,87944,M,Mumbai,Sad
Employee_2087,24,72120,F,Mumbai,Sad
Employee_2088,32,132903,M,Delhi,Happy
Employee_2089,52,52658,F,Nashik,Sad
Employee_2090,52,67081,F,Pune,Happy
Employee_2091,48,64986,M,Mumbai,Sad
Employee_2092,33,109322,M,Mumbai,Happy
Employee_2093,51,124819,M,Nashik,Sad
Employee_2094,34,80304,M,Nashik,Sad
Employee_2095,40,95592,F,Nagpur,Sad
Employee_2096,38,88548,F,Nashik,Sad
Employee_2097,49,140837,F,Nashik,Sad
Employee_2098,26,128447,F,Mumbai,Happy
Employee_2099,52,69986,F,Pune,Sad
Employee_2100,49,104095,M,Mumbai,Happy
Employee_2101,22,121594,M,Nashik,Happy
Employee_2102,43,118281,F,Nagpur,Sad
Employee_2103,39,96151,M,Pune,Happy
Employee_2104,51,103598,F,Nagpur,Sad
Employee_2105,25,58214,F,Delhi,Sad
Employee_2106,39,139824,M,Nagpur,Sad
Employee_2107,54,68745,F,Nagpur,Sad
Employee_2108,30,139723,M,Nashik,Happy
Employee_2109,45,72548,F,Nashik,Sad
Employee_2110,22,40681,M,Nashik,Sad
Employee_2111,31,36984,F,Nashik,Sad
Employee_2112,51,57579,F,Nashik,Happy
Employee_2113,35,120810,M,Nagpur,Happy
Employee_2114,29,133275,F,Delhi,Happy
Employee_2115,43,84933,F,Nashik,Happy
Employee_2116,39,57399,M,Delhi,Sad
Employee_2117,29,61481,M,Delhi,Happy
Employee_2118,55,30944,M,Mumbai,Happy
Employee_2119,41,123993,F,Mumbai,Happy
Employee_2120,29,39114,M,Pune,Happy
Employee_2121,48,69846,M,Mumbai,Sad
Employee_2122,27,113666,M,Nashik,Sad
Employee_2123,36,107848,F,Delhi,Happy
Employee_2124,36,62596,M,Pune,Happy
Employee_2125,53,134087,F,Mumbai,Sad
Employee_2126,24,105287,F,Nagpur,Sad
Employee_2127,24,36907,M,Pune,Sad
Employee_2128,59,58114,F,Nashik,Sad
Employee_2129,37,55009,F,Delhi,Happy
Employee_2130,57,114846,F,Nashik,Happy
Employee_2131,59,80241,F,Nashik,Sad
Employee_2132,49,65725,F,Nagpur,Happy
Employee_2133,56,48996,M,Nagpur,Happy
Employee_2134,58,36047,M,Delhi,Happy
Employee_2135,59,134553,M,Mumbai,Sad
Employee_2136,57,58767,F,Nashik,Sad
Employee_2137,55,46347,M,Mumbai,Sad
Employee_2138,27,132063,F,Delhi,Sad
Employee_2139,47,54102,F,Nashik,Happy
Employee_2140,48,34263,F,Mumbai,Sad
Employee_2141,42,138585,F,Nashik,Sad
Employee_2142,34,97438,M,Nagpur,Happy
Employee_2143,27,126359,F,Nagpur,Sad
Employee_2144,57,60540,M,Pune,Happy
Employee_2145,42,130871,M,Delhi,Sad
Employee_2146,25,105726,F,Mumbai,Happy
Employee_2147,22,93769,M,Nashik,Happy
Employee_2148,47,70843,M,Pune,Happy
Employee_2149,41,57690,M,Delhi,Happy
Employee_2150,58,32994,F,Delhi,Sad
Employee_2151,35,133533,F,Delhi,Happy
Employee_2152,41,97546,F,Mumbai,Happy
Employee_2153,30,37377,M,Nagpur,Sad
Employee_2154,43,108572,M,Pune,Happy
Employee_2155,59,56467,F,Mumbai,Happy
Employee_2156,25,145518,F,Nashik,Sad
Employee_2157,21,30048,M,Mumbai,Sad
Employee_2158,33,66978,F,Nashik,Sad
Employee_2159,41,145866,F,Nashik,Happy
Employee_2160,46,77606,M,Delhi,Happy
Employee_2161,41,111574,M,Mumbai,Sad
Employee_2162,38,128112,F,Nagpur,Sad
Employee_2163,57,103414,F,Nashik,Sad
Employee_2164,52,123145,F,Delhi,Happy
Employee_2165,56,79222,F,Nagpur,Happy
Employee_2166,37,78115,M,Mumbai,Sad
Employee_2167,55,119606,F,Nagpur,Happy
Employee_2168,31,70647,F,Mumbai,Happy
Employee_2169,41,84607,M,Nashik,Happy
Employee_2170,46,87410,M,Pune,Sad
Employee_2171,24,51996,M,Pune,Sad
Employee_2172,54,84921,M,Nashik,Happy
Employee_2173,38,113697,M,Nagpur,Sad
Employee_2174,55,76022,M,Mumbai,Happy
Employee_2175,49,70148,M,Pune,Happy
Employee_2176,49,97764,F,Mumbai,Sad
Employee_2177,58,121901,F,Nashik,Sad
Employee_2178,41,120724,M,Nagpur,Sad
Employee_2179,33,138118,F,Mumbai,Happy
Employee_2180,37,38888,F,Nagpur,Sad
Employee_2181,29,118666,M,Pune,Happy
Employee_2182,21,69159,M,Mumbai,Happy
Employee_2183,22,72197,M,Delhi,Happy
Employee_2184,49,114326,M,Pune,Happy
Employee_2185,53,120360,M,Nagpur,Happy
Employee_2186,30,128941,F,Nashik,Sad
Employee_2187,41,54474,F,Delhi,Happy
Employee_2188,48,47333,M,Mumbai,Happy
Employee_2189,31,138400,M,Pune,Sad
Employee_2190,54,66355,F,Mumbai,Happy
Employee_2191,28,129415,F,Mumbai,Sad
Employee_2192,42,103903,F,Delhi,Happy
Employee_2193,28,96258,M,Delhi,Sad
Employee_2194,35,61145,M,Delhi,Sad
Employee_2195,37,148530,F,Delhi,Sad
Employee_2196,43,148362,M,Nashik,Sad
Employee_2197,44,133170,F,Nagpur,Sad
Employee_2198,39,105675,M,Delhi,Happy
Employee_2199,25,79854,M,Pune,Sad
Employee_2200,52,97664,F,Mumbai,Sad
Employee_2201,21,137422,F,Delhi,Sad
Employee_2202,43,116153,M,Pune,Happy
Employee_2203,57,123616,F,Nashik,Sad
Employee_2204,28,65285,M,Pune,Happy
Employee_2205,33,47533,F,Pune,Happy
Employee_2206,28,62624,F,Nashik,Sad
Employee_2207,43,76996,M,Nashik,Happy
Employee_2208,21,76947,M,Mumbai,Happy
Employee_2209,44,57956,M,Delhi,Happy
Employee_2210,55,81030,F,Pune,Happy
Employee_2211,44,88597,F,Nagpur,Happy
Employee_2212,37,72443,M,Nagpur,Sad
Employee_2213,25,128613,F,Mumbai,Happy
Employee_2214,40,95464,M,Nagpur,Happy
Employee_2215,41,33952,M,Mumbai,Happy
Employee_2216,51,86880,M,Delhi,Happy
Employee_2217,56,82201,M,Mumbai,Happy
Employee_2218,31,142175,M,Nashik,Sad
Employee_2219,35,72460,F,Nashik,Happy
Employee_2220,39,52796,F,Nashik,Happy
Employee_2221,27,61746,M,Nashik,Happy
Employee_2222,48,116785,F,Nashik,Sad
Employee_2223,25,30015,M,Nashik,Sad
Employee_2224,25,79757,F,Nashik,Sad
Employee_2225,50,55957,F,Nashik,Happy
Employee_2226,52,111541,M,Nashik,Happy
Employee_2227,28,51292,F,Delhi,Happy
Employee_2228,30,61876,M,Nashik,Happy
Employee_2229,58,90727,F,Mumbai,Happy
Employee_2230,52,77046,M,Delhi,Happy
Employee_2231,48,44817,M,Nagpur,Happy
Employee_2232,37,121006,M,Pune,Happy
Employee_2233,51,39759,M,Delhi,Happy
Employee_2234,28,78432,M,Nashik,Happy
Employee_2235,45,36412,M,Delhi,Happy
Employee_2236,29,87757,F,Pune,Sad
Employee_2237,22,50504,M,Pune,Sad
Employee_2238,35,138500,F,Nashik,Sad
Employee_2239,23,38507,M,Nashik,Sad
Employee_2240,56,51050,F,Mumbai,Happy
Employee_2241,24,34820,M,Pune,Sad
Employee_2242,34,37835,M,Nashik,Sad
Employee_2243,45,123167,F,Pune,Sad
Employee_2244,30,130153,M,Mumbai,Sad
Employee_2245,41,43587,M,Nagpur,Sad
Employee_2246,56,130257,M,Pune,Happy
Employee_2247,32,87732,M,Mumbai,Sad
Employee_2248,47,81921,F,Mumbai,Sad
Employee_2249,22,75499,M,Mumbai,Happy
Employee_2250,33,147734,F,Delhi,Sad
Employee_2251,52,36840,M,Nashik,Happy
Employee_2252,51,133370,M,Pune,Happy
Employee_2253,36,95077,M,Delhi,Happy
Employee_2254,52,61440,M,Pune,Happy
Employee_2255,52,65183,F,Delhi,Sad
Employee_2256,54,126172,M,Nashik,Sad
Employee_2257,31,32389,M,Mumbai,Happy
Employee_2258,30,85076,M,Pune,Sad
Employee_2259,35,144515,F,Mumbai,Happy
Employee_2260,37,96299,F,Nashik,Sad
Employee_2261,38,119461,F,Pune,Sad
Employee_2262,29,122085,F,Nagpur,Happy
Employee_2263,45,145503,M,Nagpur,Sad
Employee_2264,34,69023,M,Nagpur,Happy
Employee_2265,45,80029,F,Nashik,Happy
Employee_2266,42,69941,M,Nagpur,Sad
Employee_2267,50,118993,M,Pune,Sad
Employee_2268,40,83950,F,Nagpur,Happy
Employee_2269,41,116959,M,Pune,Happy
Employee_2270,52,106054,F,Nashik,Sad
Employee_2271,41,95363,F,Mumbai,Sad
Employee_2272,55,138556,F,Delhi,Sad
Employee_2273,52,91742,F,Nagpur,Sad
Employee_2274,50,127896,F,Delhi,Happy
Employee_2275,59,75215,F,Mumbai,Sad
Employee_2276,32,77857,M,Nashik,Sad
Employee_2277,38,85476,M,Nashik,Happy
Employee_2278,41,58173,M,Mumbai,Sad
Employee_2279,33,39395,F,Delhi,Happy
Employee_2280,41,89768,F,Nagpur,Happy
Employee_2281,28,140371,F,Pune,Sad
Employee_2282,27,114743,M,Nashik,Sad
Employee_2283,43,133591,M,Mumbai,Happy
Employee_2284,52,147973,F,Delhi,Happy
Employee_2285,31,76229,F,Nagpur,Sad
Employee_2286,42,56639,F,Delhi,Happy
Employee_2287,42,141706,F,Nagpur,Happy
Employee_2288,45,92583,F,Pune,Happy
Employee_2289,42,58924,M,Pune,Happy
Employee_2290,48,102969,F,Mumbai,Happy
Employee_2291,49,60104,F,Mumbai,Happy
Employee_2292,33,139588,F,Nagpur,Happy
Employee_2293,38,67594,F,Nagpur,Sad
Employee_2294,22,33664,M,Nagpur,Happy
Employee_2295,49,40528,F,Nagpur,Sad
Employee_2296,41,58190,F,Pune,Happy
Employee_2297,35,96033,F,Mumbai,Sad
Employee_2298,47,91161,M,Mumbai,Happy
Employee_2299,51,103177,F,Nashik,Sad
Employee_2300,35,100179,M,Mumbai,Sad
Employee_2301,43,100592,F,Mumbai,Sad
Employee_2302,44,62899,F,Delhi,Sad
Employee_2303,33,100979,F,Delhi,Happy
Employee_2304,42,47241,F,Nashik,Happy
Employee_2305,57,76211,F,Nagpur,Happy
Employee_2306,53,93472,F,Nashik,Happy
Employee_2307,23,104248,F,Nashik,Sad
Employee_2308,39,103757,F,Pune,Happy
Employee_2309,43,61346,F,Mumbai,Happy
Employee_2310,49,111196,M,Pune,Happy
Employee_2311,50,134451,M,Mumbai,Happy
Employee_2312,59,107124,M,Nashik,Sad
Employee_2313,45,132908,M,Mumbai,Happy
Employee_2314,57,72220,F,Nagpur,Happy
Employee_2315,28,47942,F,Nagpur,Sad
Employee_2316,36,79167,M,Nashik,Sad
Employee_2317,28,66373,M,Delhi,Happy
Employee_2318,21,141588,M,Nagpur,Sad
Employee_2319,25,97143,M,Nashik,Happy
Employee_2320,23,140013,F,Pune,Happy
Employee_2321,21,32016,M,Delhi,Happy
Employee_2322,24,99110,F,Nagpur,Happy
Employee_2323,55,76309,F,Nashik,Sad
Employee_2324,52,37274,F,Nashik,Sad
Employee_2325,54,138239,M,Pune,Sad
Employee_2326,45,45748,M,Pune,Sad
Employee_2327,30,50175,F,Delhi,Happy
Employee_2328,41,134710,M,Nagpur,Sad
Employee_2329,59,41826,M,Nashik,Sad
Employee_2330,47,113008,F,Delhi,Happy
Employee_2331,47,64129,F,Delhi,Happy
Employee_2332,22,100009,M,Pune,Sad
Employee_2333,33,149982,F,Nashik,Happy
Employee_2334,29,53490,M,Mumbai,Happy
Employee_2335,56,135623,M,Pune,Happy
Employee_2336,42,71435,F,Nashik,Sad
Employee_2337,46,105017,F,Delhi,Sad
Employee_2338,32,38520,M,Delhi,Sad
Employee_2339,37,121951,F,Nagpur,Happy
Employee_2340,34,113106,M,Mumbai,Sad
Employee_2341,34,91877,F,Pune,Happy
Employee_2342,54,49798,M,Nagpur,Sad
Employee_2343,40,84638,F,Nagpur,Happy
Employee_2344,31,99072,M,Mumbai,Happy
Employee_2345,36,97309,M,Pune,Sad
Employee_2346,51,59894,F,Pune,Sad
Employee_2347,26,92963,M,Delhi,Sad
Employee_2348,39,138559,M,Pune,Sad
Employee_2349,57,84567,M,Nagpur,Happy
Employee_2350,24,65326,M,Delhi,Sad
Employee_2351,24,85059,M,Pune,Happy
Employee_2352,40,35079,F,Mumbai,Happy
Employee_2353,30,55838,M,Nagpur,Sad
Employee_2354,44,117340,M,Nashik,Happy
Employee_2355,55,77109,M,Mumbai,Sad
Employee_2356,46,115211,F,Mumbai,Sad
Employee_2357,57,55594,F,Pune,Sad
Employee_2358,58,72749,M,Delhi,Happy
Employee_2359,41,66292,M,Delhi,Sad
Employee_2360,59,148192,F,Nagpur,Sad
Employee_2361,41,104534,F,Pune,Happy
Employee_2362,30,109233,M,Delhi,Sad
Employee_2363,58,81818,F,Nashik,Sad
Employee_2364,24,141910,M,Pune,Happy
Employee_2365,40,43429,M,Pune,Sad
Employee_2366,37,87748,M,Delhi,Happy
Employee_2367,27,78807,F,Mumbai,Happy
Employee_2368,24,37140,M,Pune,Happy
Employee_2369,49,93226,M,Mumbai,Happy
Employee_2370,34,137089,F,Nagpur,Happy
Employee_2371,23,44901,M,Nagpur,Happy
Employee_2372,44,118815,M,Delhi,Happy
Employee_2373,57,58525,M,Nagpur,Happy
Employee_2374,36,50491,F,Delhi,Happy
Employee_2375,24,98816,F,Delhi,Sad
Employee_2376,44,64980,M,Mumbai,Sad
Employee_2377,54,143517,F,Mumbai,Sad
Employee_2378,50,125525,M,Nagpur,Happy
Employee_2379,38,38078,M,Mumbai,Happy
Employee_2380,39,121654,F,Pune,Happy
Employee_2381,51,119521,F,Nashik,Sad
Employee_2382,39,78704,M,Pune,Sad
Employee_2383,39,46997,F,Pune,Sad
Employee_2384,42,109810,F,Delhi,Happy
Employee_2385,44,30868,F,Nashik,Happy
Employee_2386,32,145499,M,Delhi,Sad
Employee_2387,50,56398,M,Mumbai,Sad
Employee_2388,58,111578,F,Mumbai,Happy
Employee_2389,51,127356,M,Nashik,Sad
Employee_2390,56,143711,M,Nagpur,Sad
Employee_2391,39,51246,F,Mumbai,Happy
Employee_2392,56,50561,M,Pune,Sad
Employee_2393,50,46254,F,Nashik,Happy
Employee_2394,53,64512,M,Nashik,Happy
Employee_2395,38,130560,M,Mumbai,Happy
Employee_2396,48,119532,F,Mumbai,Sad
Employee_2397,31,124154,M,Delhi,Happy
Employee_2398,53,107395,F,Delhi,Happy
Employee_2399,37,87865,M,Pune,Happy
Employee_2400,26,53580,M,Nashik,Sad
Employee_2401,24,100959,M,Nagpur,Sad
Employee_2402,40,133393,F,Nagpur,Sad
Employee_2403,47,102144,M,Nashik,Happy
Employee_2404,35,72485,M,Pune,Sad
Employee_2405,26,80621,F,Delhi,Sad
Employee_2406,34,147363,F,Delhi,Sad
Employee_2407,31,80665,M,Delhi,Sad
Employee_2408,59,100412,F,Nagpur,Happy
Employee_2409,29,80603,F,Nagpur,Happy
Employee_2410,46,51038,F,Pune,Happy
Employee_2411,36,123542,F,Nagpur,Happy
Employee_2412,25,131311,M,Mumbai,Happy
Employee_2413,30,126346,F,Nagpur,Happy
Employee_2414,23,44325,M,Delhi,Sad
Employee_2415,33,65892,M,Pune,Sad
Employee_2416,50,31753,M,Nashik,Sad
Employee_2417,26,125067,F,Nashik,Sad
Employee_2418,37,47996,F,Pune,Happy
Employee_2419,39,98811,M,Mumbai,Happy
Employee_2420,55,104283,M,Nashik,Sad
Employee_2421,46,75211,F,Delhi,Sad
Employee_2422,25,146737,F,Nashik,Happy
Employee_2423,49,92820,M,Nashik,Sad
Employee_2424,57,30824,F,Delhi,Sad
Employee_2425,40,43880,F,Nagpur,Sad
Employee_2426,41,139345,M,Mumbai,Happy
Employee_2427,30,147718,F,Delhi,Happy
Employee_2428,25,96617,F,Delhi,Happy
Employee_2429,56,41517,M,Pune,Sad
Employee_2430,26,51683,F,Mumbai,Happy
Employee_2431,46,46876,M,Nagpur,Sad
Employee_2432,24,133068,F,Delhi,Sad
Employee_2433,59,86354,M,Nagpur,Happy
Employee_2434,59,103802,F,Delhi,Happy
Employee_2435,55,106719,M,Delhi,Happy
Employee_2436,21,148048,F,Pune,Happy
Employee_2437,44,116602,F,Nashik,Happy
Employee_2438,56,145016,F,Mumbai,Happy
Employee_2439,26,108413,M,Pune,Happy
Employee_2440,51,39982,F,Nagpur,Sad
Employee_2441,40,104504,M,Delhi,Happy
Employee_2442,44,56598,F,Delhi,Sad
Employee_2443,45,44639,F,Mumbai,Happy
Employee_2444,56,100210,F,Pune,Sad
Employee_2445,41,99852,F,Pune,Sad
Employee_2446,50,143618,F,Nagpur,Happy
Employee_2447,44,39695,F,Pune,Happy
Employee_2448,50,78582,M,Pune,Happy
Employee_2449,42,61094,M,Nashik,Sad
Employee_2450,48,90635,F,Mumbai,Happy
Employee_2451,27,52187,F,Pune,Happy
Employee_2452,55,148013,F,Nagpur,Sad
Employee_2453,48,136683,F,Delhi,Sad
Employee_2454,34,31214,F,Pune,Sad
Employee_2455,30,53940,M,Pune,Sad
Employee_2456,36,74406,F,Delhi,Sad
Employee_2457,36,121221,F,Nashik,Sad
Employee_2458,51,73481,M,Mumbai,Sad
Employee_2459,45,45977,M,Nashik,Sad
Employee_2460,33,74839,M,Nagpur,Happy
Employee_2461,26,87874,F,Pune,Happy
Employee_2462,29,88414,F,Nashik,Sad
Employee_2463,56,131440,F,Mumbai,Sad
Employee_2464,40,55538,F,Nagpur,Sad
Employee_2465,38,134922,F,Nashik,Sad
Employee_2466,41,133569,M,Pune,Sad
Employee_2467,24,86241,F,Mumbai,Happy
Employee_2468,53,103501,F,Pune,Sad
Employee_2469,47,105133,F,Pune,Sad
Employee_2470,27,90481,M,Nagpur,Happy
Employee_2471,26,137012,F,Mumbai,Sad
Employee_2472,35,57740,F,Delhi,Sad
Employee_2473,38,93328,F,Pune,Happy
Employee_2474,52,102105,F,Mumbai,Sad
Employee_2475,31,80643,M,Pune,Sad
Employee_2476,40,133517,M,Nashik,Sad
Employee_2477,44,41881,M,Nashik,Happy
Employee_2478,35,66996,F,Mumbai,Sad
Employee_2479,27,62177,M,Nagpur,Sad
Employee_2480,41,67177,M,Delhi,Happy
Employee_2481,46,96126,F,Nashik,Happy
Employee_2482,34,86531,F,Nagpur,Sad
Employee_2483,57,56119,M,Delhi,Sad
Employee_2484,41,147744,M,Nashik,Sad
Employee_2485,38,146894,M,Delhi,Sad
Employee_2486,25,57915,M,Pune,Sad
Employee_2487,23,32708,F,Mumbai,Sad
Employee_2488,43,68749,F,Nashik,Sad
Employee_2489,46,74989,M,Nashik,Happy
Employee_2490,57,52106,M,Pune,Happy
Employee_2491,44,47131,M,Nashik,Sad
Employee_2492,39,76553,F,Nashik,Happy
Employee_2493,45,88144,F,Nashik,Sad
Employee_2494,41,36553,F,Nashik,Sad
Employee_2495,32,47881,M,Nashik,Sad
Employee_2496,53,31379,F,Nagpur,Sad
Employee_2497,24,120791,M,Nashik,Happy
Employee_2498,27,135664,M,Pune,Sad
Employee_2499,42,99306,F,Nashik,Sad
Employee_2500,53,49726,M,Delhi,Sad
Employee_2501,37,142753,F,Delhi,Sad
Employee_2502,44,39088,F,Pune,Happy
Employee_2503,54,64314,M,Nagpur,Sad
Employee_2504,48,147814,M,Pune,Happy
Employee_2505,59,85041,F,Nagpur,Happy
Employee_2506,42,134512,F,Mumbai,Sad
Employee_2507,37,46350,F,Delhi,Sad
Employee_2508,54,137179,F,Delhi,Sad
Employee_2509,26,129599,F,Delhi,Happy
Employee_2510,26,111397,F,Nagpur,Happy
Employee_2511,54,109509,F,Pune,Sad
Employee_2512,21,47769,M,Nagpur,Sad
Employee_2513,30,77249,F,Delhi,Happy
Employee_2514,41,112862,M,Delhi,Sad
Employee_2515,25,131584,M,Delhi,Happy
Employee_2516,22,76365,F,Delhi,Happy
Employee_2517,42,80185,F,Mumbai,Happy
Employee_2518,22,32786,F,Delhi,Happy
Employee_2519,30,130537,F,Nagpur,Sad
Employee_2520,54,31620,F,Delhi,Sad
Employee_2521,36,66303,M,Nashik,Happy
Employee_2522,59,49589,M,Mumbai,Sad
Employee_2523,42,32882,F,Delhi,Happy
Employee_2524,32,92248,F,Nashik,Sad
Employee_2525,44,79322,F,Nagpur,Happy
Employee_2526,58,54524,F,Mumbai,Sad
Employee_2527,30,39745,M,Delhi,Sad
Employee_2528,55,132201,M,Nagpur,Happy
Employee_2529,52,45861,M,Nashik,Sad
Employee_2530,27,121707,F,Mumbai,Happy
Employee_2531,41,121735,F,Delhi,Sad
Employee_2532,40,148810,F,Nagpur,Happy
Employee_2533,46,84261,M,Mumbai,Sad
Employee_2534,24,32837,M,Nashik,Sad
Employee_2535,42,104135,M,Delhi,Happy
Employee_2536,35,111447,F,Mumbai,Happy
Employee_2537,41,84380,M,Nashik,Sad
Employee_2538,35,116089,F,Nashik,Sad
Employee_2539,42,135025,M,Nagpur,Happy
Employee_2540,48,79831,F,Nashik,Happy
Employee_2541,34,119349,F,Nashik,Happy
Employee_2542,47,68255,F,Pune,Happy
Employee_2543,48,143425,F,Nashik,Sad
Employee_2544,46,59520,M,Delhi,Sad
Employee_2545,22,59541,M,Mumbai,Sad
Employee_2546,45,95772,M,Delhi,Sad
Employee_2547,23,57350,F,Delhi,Sad
Employee_2548,28,74397,M,Nagpur,Sad
Employee_2549,53,107085,F,Pune,Happy
Employee_2550,55,93865,M,Pune,Sad
Employee_2551,26,85956,M,Delhi,Happy
Employee_2552,59,57453,F,Mumbai,Happy
Employee_2553,43,92345,F,Pune,Happy
Employee_2554,45,130727,F,Pune,Happy
Employee_2555,39,42906,M,Delhi,Sad
Employee_2556,25,44988,F,Pune,Happy
Employee_2557,31,57723,M,Nagpur,Happy
Employee_2558,32,63800,M,Delhi,Sad
Employee_2559,30,69107,M,Pune,Happy
Employee_2560,28,57430,F,Pune,Happy
Employee_2561,44,62535,M,Pune,Sad
Employee_2562,48,98476,F,Delhi,Happy
Employee_2563,56,117329,F,Mumbai,Sad
Employee_2564,57,107798,M,Nashik,Sad
Employee_2565,41,82284,M,Pune,Sad
Employee_2566,28,86232,M,Nashik,Sad
Employee_2567,29,74420,M,Nashik,Sad
Employee_2568,35,67710,F,Pune,Happy
Employee_2569,38,102497,F,Pune,Sad
Employee_2570,40,122035,F,Nashik,Sad
Employee_2571,26,70498,F,Mumbai,Sad
Employee_2572,32,61283,F,Nashik,Sad
Employee_2573,22,96169,F,Mumbai,Sad
Employee_2574,27,102358,F,Nagpur,Happy
Employee_2575,36,92457,F,Mumbai,Happy
Employee_2576,23,148791,F,Delhi,Sad
Employee_2577,23,55968,M,Pune,Happy
Employee_2578,47,92508,M,Nagpur,Sad
Employee_2579,58,134791,F,Nashik,Sad
Employee_2580,53,93220,F,Mumbai,Sad
Employee_2581,48,143435,M,Nagpur,Happy
Employee_2582,21,115366,M,Delhi,Sad
Employee_2583,28,35738,M,Mumbai,Sad
Employee_2584,57,33098,F,Nashik,Happy
Employee_2585,52,125424,M,Nashik,Sad
Employee_2586,57,103633,M,Mumbai,Happy
Employee_2587,24,108672,M,Delhi,Happy
Employee_2588,50,68244,M,Pune,Sad
Employee_2589,26,38253,M,Pune,Happy
Employee_2590,39,84333,F,Nashik,Sad
Employee_2591,52,80969,M,Delhi,Happy
Employee_2592,29,120744,F,Nashik,Happy
Employee_2593,32,100423,M,Pune,Happy
Employee_2594,31,147286,M,Nashik,Sad
Employee_2595,36,74411,M,Mumbai,Happy
Employee_2596,21,105028,M,Mumbai,Sad
Employee_2597,41,65421,M,Delhi,Sad
Employee_2598,50,31454,F,Pune,Sad
Employee_2599,33,47522,F,Delhi,Happy
Employee_2600,54,68575,F,Delhi,Happy
Employee_2601,24,33192,F,Pune,Sad
Employee_2602,48,141116,F,Nagpur,Sad
Employee_2603,58,85268,F,Nagpur,Sad
Employee_2604,51,111311,F,Nashik,Sad
Employee_2605,47,40402,M,Nagpur,Sad
Employee_2606,25,108610,F,Mumbai,Sad
Employee_2607,45,110781,M,Delhi,Happy
Employee_2608,23,66527,M,Nashik,Sad
Employee_2609,53,82181,F,Delhi,Sad
Employee_2610,24,121472,M,Pune,Sad
Employee_2611,45,57002,M,Nagpur,Sad
Employee_2612,40,111219,F,Pune,Happy
Employee_2613,54,42460,M,Nashik,Happy
Employee_2614,46,149783,F,Mumbai,Sad
Employee_2615,25,60482,M,Nagpur,Sad
Employee_2616,55,46447,F,Pune,Sad
Employee_2617,48,78228,M,Nagpur,Happy
Employee_2618,49,113265,F,Delhi,Happy
Employee_2619,29,80126,M,Mumbai,Happy
Employee_2620,58,50545,F,Nagpur,Sad
Employee_2621,26,85114,M,Mumbai,Happy
Employee_2622,39,123740,M,Delhi,Sad
Employee_2623,31,105350,F,Delhi,Sad
Employee_2624,22,87801,M,Pune,Sad
Employee_2625,29,43890,F,Nashik,Sad
Employee_2626,41,82482,M,Pune,Sad
Employee_2627,44,93397,M,Mumbai,Happy
Employee_2628,54,31740,F,Pune,Happy
Employee_2629,42,60121,M,Nagpur,Happy
Employee_2630,23,41218,F,Pune,Sad
Employee_2631,32,101591,M,Nashik,Happy
Employee_2632,48,118241,M,Nashik,Sad
Employee_2633,50,64722,M,Mumbai,Sad
Employee_2634,46,79431,M,Delhi,Sad
Employee_2635,41,81543,F,Nashik,Happy
Employee_2636,48,72000,F,Mumbai,Happy
Employee_2637,46,101975,M,Nashik,Happy
Employee_2638,53,60921,M,Nashik,Happy
Employee_2639,41,129265,F,Delhi,Sad
Employee_2640,55,118747,M,Nagpur,Sad
Employee_2641,54,60614,F,Mumbai,Sad
Employee_2642,38,91189,M,Nashik,Sad
Employee_2643,31,47601,M,Nashik,Sad
Employee_2644,43,123332,F,Pune,Happy
Employee_2645,42,101543,M,Nagpur,Happy
Employee_2646,37,50514,F,Delhi,Sad
Employee_2647,25,113312,F,Mumbai,Sad
Employee_2648,31,97612,F,Nashik,Sad
Employee_2649,50,120886,F,Mumbai,Sad
Employee_2650,35,149004,F,Delhi,Sad
Employee_2651,47,134500,F,Nagpur,Happy
Employee_2652,55,46292,M,Pune,Sad
Employee_2653,53,61510,F,Nagpur,Happy
Employee_2654,40,58000,F,Pune,Happy
Employee_2655,36,138619,M,Mumbai,Sad
Employee_2656,54,149277,F,Nagpur,Sad
Employee_2657,22,60383,M,Nagpur,Happy
Employee_2658,55,41785,F,Nagpur,Happy
Employee_2659,48,70910,F,Delhi,Happy
Employee_2660,59,69028,F,Mumbai,Sad
Employee_2661,26,54855,M,Pune,Happy
Employee_2662,29,54281,M,Nagpur,Sad
Employee_2663,40,143838,F,Mumbai,Happy
Employee_2664,21,34841,F,Delhi,Sad
Employee_2665,28,127204,M,Delhi,Sad
Employee_2666,43,90155,M,Mumbai,Happy
Employee_2667,23,56918,M,Pune,Sad
Employee_2668,24,86313,F,Mumbai,Sad
Employee_2669,45,141688,M,Mumbai,Happy
Employee_2670,58,47443,M,Nashik,Sad
Employee_2671,35,62250,M,Delhi,Happy
Employee_2672,41,31922,M,Pune,Happy
Employee_2673,55,61976,M,Nashik,Happy
Employee_2674,34,41991,M,Mumbai,Sad
Employee_2675,56,134405,M,Delhi,Sad
Employee_2676,32,83744,F,Nashik,Happy
Employee_2677,37,52733,M,Nashik,Sad
Employee_2678,59,32473,F,Pune,Happy
Employee_2679,29,38108,F,Mumbai,Happy
Employee_2680,55,58715,M,Pune,Happy
Employee_2681,33,143754,F,Nashik,Sad
Employee_2682,35,138347,F,Nashik,Sad
Employee_2683,38,62210,M,Pune,Sad
Employee_2684,53,144514,F,Nashik,Happy
Employee_2685,26,67317,M,Nagpur,Happy
Employee_2686,47,95516,M,Delhi,Sad
Employee_2687,43,63362,M,Mumbai,Sad
Employee_2688,47,84604,M,Delhi,Happy
Employee_2689,54,145194,M,Mumbai,Happy
Employee_2690,58,34889,M,Nashik,Happy
Employee_2691,34,119557,M,Pune,Happy
Employee_2692,56,103748,F,Pune,Sad
Employee_2693,28,61971,M,Nashik,Sad
Employee_2694,55,80551,F,Mumbai,Happy
Employee_2695,39,33201,M,Nashik,Happy
Employee_2696,50,136158,M,Mumbai,Sad
Employee_2697,34,135067,M,Nashik,Happy
Employee_2698,40,138957,F,Nashik,Happy
Employee_2699,45,119882,F,Nashik,Sad
Employee_2700,44,67958,F,Pune,Sad
Employee_2701,34,109251,F,Mumbai,Sad
Employee_2702,46,35681,F,Nashik,Happy
Employee_2703,58,131982,F,Delhi,Happy
Employee_2704,43,76870,M,Delhi,Sad
Employee_2705,42,112256,M,Pune,Sad
Employee_2706,39,97203,F,Nagpur,Happy
Employee_2707,23,58152,F,Pune,Happy
Employee_2708,39,80061,F,Nagpur,Happy
Employee_2709,29,87619,F,Pune,Sad
Employee_2710,48,88235,F,Delhi,Sad
Employee_2711,40,103740,M,Nashik,Happy
Employee_2712,27,67890,M,Mumbai,Sad
Employee_2713,34,120073,M,Nashik,Sad
Employee_2714,29,91401,M,Delhi,Sad
Employee_2715,39,41217,M,Mumbai,Happy
Employee_2716,34,78351,M,Nagpur,Happy
Employee_2717,58,63741,M,Nagpur,Sad
Employee_2718,56,50654,M,Delhi,Happy
Employee_2719,37,91314,F,Mumbai,Sad
Employee_2720,50,31408,F,Nashik,Sad
Employee_2721,29,72903,M,Delhi,Happy
Employee_2722,53,114208,M,Nagpur,Sad
Employee_2723,45,137042,M,Delhi,Sad
Employee_2724,34,142653,F,Nashik,Sad
Employee_2725,31,31218,F,Pune,Sad
Employee_2726,55,80572,M,Pune,Sad
Employee_2727,34,88798,F,Nashik,Sad
Employee_2728,50,131681,M,Mumbai,Happy
Employee_2729,24,139268,M,Delhi,Sad
Employee_2730,24,60105,M,Nashik,Happy
Employee_2731,48,99634,M,Pune,Happy
Employee_2732,28,147426,M,Nagpur,Happy
Employee_2733,22,95063,F,Nashik,Happy
Employee_2734,42,37619,M,Nashik,Happy
Employee_2735,36,41939,M,Nashik,Sad
Employee_2736,49,48226,M,Pune,Sad
Employee_2737,50,55322,M,Pune,Happy
Employee_2738,32,147504,F,Nashik,Sad
Employee_2739,55,88215,M,Nashik,Happy
Employee_2740,31,46878,M,Mumbai,Sad
Employee_2741,41,36560,F,Nagpur,Happy
Employee_2742,41,68278,M,Delhi,Happy
Employee_2743,25,66212,M,Delhi,Happy
Employee_2744,40,124835,M,Delhi,Sad
Employee_2745,57,103079,M,Pune,Sad
Employee_2746,23,53946,F,Pune,Happy
Employee_2747,53,148682,M,Mumbai,Happy
Employee_2748,29,61740,M,Pune,Sad
Employee_2749,29,140733,F,Nashik,Sad
Employee_2750,24,37253,M,Nagpur,Happy
Employee_2751,55,109311,M,Nagpur,Happy
Employee_2752,37,62813,F,Nagpur,Happy
Employee_2753,54,94331,M,Nagpur,Sad
Employee_2754,44,57632,F,Delhi,Happy
Employee_2755,52,78365,M,Delhi,Sad
Employee_2756,21,97593,F,Nashik,Sad
Employee_2757,28,63431,M,Mumbai,Happy
Employee_2758,43,67436,M,Pune,Sad
Employee_2759,32,48413,F,Pune,Happy
Employee_2760,32,125761,M,Delhi,Happy
Employee_2761,35,68485,F,Nagpur,Sad
Employee_2762,39,98232,F,Nashik,Happy
Employee_2763,46,141504,F,Mumbai,Sad
Employee_2764,49,46101,F,Delhi,Sad
Employee_2765,42,38831,M,Nashik,Happy
Employee_2766,41,114583,F,Nashik,Sad
Employee_2767,58,81897,M,Delhi,Sad
Employee_2768,40,35004,M,Nashik,Happy
Employee_2769,49,118241,F,Nagpur,Sad
Employee_2770,24,75924,F,Nashik,Happy
Employee_2771,27,51509,M,Mumbai,Happy
Employee_2772,48,149636,F,Nashik,Sad
Employee_2773,48,67170,M,Pune,Sad
Employee_2774,24,73555,F,Nashik,Happy
Employee_2775,42,44662,M,Delhi,Sad
Employee_2776,32,148115,M,Pune,Happy
Employee_2777,23,134216,F,Delhi,Sad
Employee_2778,42,95930,M,Mumbai,Happy
Employee_2779,22,77403,M,Nagpur,Happy
Employee_2780,44,66365,F,Mumbai,Sad
Employee_2781,54,92188,F,Pune,Sad
Employee_2782,47,106060,F,Nagpur,Sad
Employee_2783,21,128633,F,Nashik,Happy
Employee_2784,28,56673,F,Pune,Happy
Employee_2785,43,93471,M,Nagpur,Sad
Employee_2786,58,47156,M,Delhi,Sad
Employee_2787,26,87287,F,Nagpur,Happy
Employee_2788,42,31645,M,Delhi,Sad
Employee_2789,45,89076,M,Delhi,Sad
Employee_2790,38,124585,M,Nagpur,Happy
Employee_2791,37,146475,M,Mumbai,Sad
Employee_2792,32,105351,M,Mumbai,Happy
Employee_2793,26,80151,F,Delhi,Happy
Employee_2794,46,97384,F,Pune,Sad
Employee_2795,47,129865,M,Nagpur,Sad
Employee_2796,28,63541,M,Pune,Sad
Employee_2797,39,102847,F,Mumbai,Happy
Employee_2798,21,117099,F,Pune,Happy
Employee_2799,49,110739,F,Nashik,Happy
Employee_2800,55,80955,F,Nashik,Sad
Employee_2801,34,39290,M,Mumbai,Happy
Employee_2802,55,130354,F,Pune,Happy
Employee_2803,40,88942,F,Nagpur,Happy
Employee_2804,33,112667,M,Mumbai,Sad
Employee_2805,58,60143,F,Nashik,Happy
Employee_2806,28,54509,F,Mumbai,Sad
Employee_2807,40,117780,F,Pune,Sad
Employee_2808,53,66741,F,Pune,Happy
Employee_2809,46,56898,F,Pune,Happy
Employee_2810,59,129919,M,Delhi,Happy
Employee_2811,41,142854,M,Pune,Sad
Employee_2812,29,115674,M,Nashik,Sad
Employee_2813,44,92948,M,Nashik,Sad
Employee_2814,57,91768,M,Delhi,Sad
Employee_2815,37,73262,F,Nashik,Happy
Employee_2816,44,35506,F,Nashik,Happy
Employee_2817,41,50605,F,Mumbai,Sad
Employee_2818,59,108590,F,Pune,Sad
Employee_2819,59,58231,F,Mumbai,Sad
Employee_2820,33,109397,F,Mumbai,Sad
Employee_2821,31,107123,F,Nashik,Sad
Employee_2822,39,43515,F,Nagpur,Sad
Employee_2823,31,117211,F,Pune,Sad
Employee_2824,33,68622,F,Nagpur,Sad
Employee_2825,21,46600,F,Nashik,Happy
Employee_2826,39,57892,F,Delhi,Happy
Employee_2827,32,113279,F,Mumbai,Sad
Employee_2828,28,99310,M,Nashik,Happy
Employee_2829,28,51801,F,Nashik,Happy
Employee_2830,32,67695,M,Nagpur,Happy
Employee_2831,53,58853,F,Delhi,Sad
Employee_2832,46,34429,F,Mumbai,Sad
Employee_2833,59,34606,F,Delhi,Sad
Employee_2834,48,34478,M,Delhi,Happy
Employee_2835,25,144380,M,Delhi,Sad
Employee_2836,28,113816,F,Pune,Happy
Employee_2837,45,70134,F,Delhi,Sad
Employee_2838,47,99963,F,Nashik,Sad
Employee_2839,43,141780,F,Pune,Happy
Employee_2840,50,100897,M,Pune,Sad
Employee_2841,43,55475,M,Delhi,Happy
Employee_2842,40,96177,F,Nashik,Sad
Employee_2843,38,51730,M,Mumbai,Sad
Employee_2844,38,51113,M,Delhi,Sad
Employee_2845,22,50011,F,Pune,Happy
Employee_2846,24,85746,F,Mumbai,Sad
Employee_2847,50,72853,F,Mumbai,Happy
Employee_2848,53,115195,M,Pune,Happy
Employee_2849,56,66818,F,Mumbai,Happy
Employee_2850,38,67321,M,Nashik,Sad
Employee_2851,57,51309,F,Nashik,Sad
Employee_2852,39,48688,F,Delhi,Sad
Employee_2853,48,58176,M,Delhi,Sad
Employee_2854,40,98879,M,Mumbai,Sad
Employee_2855,53,97592,M,Pune,Happy
Employee_2856,32,114728,M,Nashik,Happy
Employee_2857,35,119012,M,Nagpur,Happy
Employee_2858,59,39416,M,Delhi,Happy
Employee_2859,22,69994,F,Nashik,Happy
Employee_2860,49,96422,M,Mumbai,Happy
Employee_2861,30,38584,M,Nashik,Sad
Employee_2862,22,123302,F,Nashik,Happy
Employee_2863,31,48830,M,Mumbai,Happy
Employee_2864,33,115825,M,Delhi,Happy
Employee_2865,30,107066,F,Delhi,Happy
Employee_2866,34,33591,F,Nagpur,Sad
Employee_2867,38,123878,F,Nagpur,Happy
Employee_2868,29,146869,M,Delhi,Sad
Employee_2869,59,51395,F,Delhi,Sad
Employee_2870,48,84182,M,Delhi,Happy
Employee_2871,23,46738,F,Delhi,Happy
Employee_2872,40,32631,M,Nashik,Sad
Employee_2873,26,47905,F,Nagpur,Happy
Employee_2874,47,49056,F,Mumbai,Happy
Employee_2875,22,139674,F,Pune,Happy
Employee_2876,49,147025,M,Mumbai,Sad
Employee_2877,58,145316,M,Pune,Happy
Employee_2878,23,119082,F,Nashik,Sad
Employee_2879,36,65447,F,Nagpur,Sad
Employee_2880,50,84418,F,Pune,Sad
Employee_2881,22,67190,F,Delhi,Happy
Employee_2882,37,56014,M,Nashik,Sad
Employee_2883,32,102999,F,Pune,Happy
Employee_2884,55,137917,F,Delhi,Sad
Employee_2885,21,80278,M,Nashik,Happy
Employee_2886,35,31780,M,Pune,Happy
Employee_2887,46,121643,F,Delhi,Sad
Employee_2888,57,89258,F,Nagpur,Sad
Employee_2889,41,127123,M,Nashik,Sad
Employee_2890,51,72192,M,Pune,Happy
Employee_2891,45,89300,F,Delhi,Happy
Employee_2892,43,134875,M,Nagpur,Happy
Employee_2893,44,120504,M,Delhi,Sad
Employee_2894,58,129129,F,Nagpur,Happy
Employee_2895,48,73923,F,Pune,Happy
Employee_2896,41,119196,M,Delhi,Happy
Employee_2897,38,32395,F,Delhi,Sad
Employee_2898,56,132449,F,Mumbai,Sad
Employee_2899,55,127384,F,Nashik,Happy
Employee_2900,29,45779,F,Delhi,Sad
Employee_2901,58,101028,F,Nagpur,Sad
Employee_2902,50,59722,M,Nashik,Sad
Employee_2903,54,37111,M,Pune,Sad
Employee_2904,52,141391,F,Nashik,Sad
Employee_2905,23,39984,F,Mumbai,Sad
Employee_2906,23,127552,F,Pune,Sad
Employee_2907,48,123176,M,Delhi,Sad
Employee_2908,35,102328,M,Pune,Sad
Employee_2909,43,56924,M,Pune,Happy
Employee_2910,31,82703,M,Mumbai,Happy
Employee_2911,52,62577,F,Nagpur,Sad
Employee_2912,56,37711,F,Pune,Sad
Employee_2913,53,115548,M,Nagpur,Sad
Employee_2914,44,129869,M,Nashik,Sad
Employee_2915,59,131971,F,Mumbai,Happy
Employee_2916,54,134763,F,Delhi,Sad
Employee_2917,48,34096,F,Pune,Happy
Employee_2918,57,96555,F,Nagpur,Happy
Employee_2919,27,119848,F,Pune,Happy
Employee_2920,24,105012,M,Mumbai,Happy
Employee_2921,57,38254,F,Delhi,Happy
Employee_2922,21,127955,M,Nashik,Happy
Employee_2923,21,107120,M,Nashik,Sad
Employee_2924,40,35965,F,Nagpur,Sad
Employee_2925,39,107000,M,Nashik,Happy
Employee_2926,49,146957,M,Nagpur,Sad
Employee_2927,30,107975,F,Delhi,Happy
Employee_2928,38,87987,M,Pune,Sad
Employee_2929,48,133025,F,Mumbai,Happy
Employee_2930,55,136712,F,Delhi,Happy
Employee_2931,51,62963,M,Delhi,Sad
Employee_2932,47,123976,F,Nashik,Happy
Employee_2933,31,33273,F,Nashik,Sad
Employee_2934,58,45330,M,Mumbai,Happy
Employee_2935,25,51494,F,Pune,Sad
Employee_2936,28,106422,M,Delhi,Sad
Employee_2937,54,33212,M,Nashik,Sad
Employee_2938,32,131059,F,Delhi,Sad
Employee_2939,58,113441,M,Pune,Sad
Employee_2940,21,117594,F,Nagpur,Happy
Employee_2941,51,31080,M,Pune,Happy
Employee_2942,24,62675,F,Delhi,Sad
Employee_2943,25,52007,F,Delhi,Happy
Employee_2944,50,143805,M,Mumbai,Happy
Employee_2945,44,112641,M,Delhi,Sad
Employee_2946,23,125815,F,Nashik,Sad
Employee_2947,31,76815,F,Mumbai,Happy
Employee_2948,24,113482,M,Delhi,Sad
Employee_2949,46,30639,F,Pune,Sad
Employee_2950,47,93593,F,Delhi,Sad
Employee_2951,47,148948,M,Pune,Happy
Employee_2952,26,108038,M,Pune,Sad
Employee_2953,35,133494,F,Delhi,Happy
Employee_2954,50,123899,M,Pune,Sad
Employee_2955,57,33736,M,Nagpur,Happy
Employee_2956,57,46473,F,Mumbai,Sad
Employee_2957,57,64019,M,Delhi,Sad
Employee_2958,55,137598,M,Nagpur,Sad
Employee_2959,43,116623,F,Pune,Happy
Employee_2960,26,145036,M,Pune,Happy
Employee_2961,24,124025,F,Mumbai,Happy
Employee_2962,38,66820,M,Nagpur,Happy
Employee_2963,29,114861,M,Nagpur,Sad
Employee_2964,49,87589,F,Delhi,Sad
Employee_2965,33,95807,M,Pune,Happy
Employee_2966,37,48414,M,Nashik,Happy
Employee_2967,52,54220,M,Delhi,Happy
Employee_2968,42,90531,M,Delhi,Happy
Employee_2969,24,140002,M,Delhi,Happy
Employee_2970,25,144193,M,Mumbai,Happy
Employee_2971,57,72425,F,Mumbai,Sad
Employee_2972,33,39387,M,Delhi,Happy
Employee_2973,54,144680,M,Nashik,Happy
Employee_2974,42,106815,F,Nagpur,Happy
Employee_2975,43,57584,F,Nagpur,Sad
Employee_2976,23,74783,F,Pune,Happy
Employee_2977,54,69809,M,Nagpur,Sad
Employee_2978,52,84327,F,Nagpur,Sad
Employee_2979,41,145814,F,Nashik,Happy
Employee_2980,41,149067,M,Nagpur,Sad
Employee_2981,31,137012,F,Nashik,Happy
Employee_2982,59,40857,M,Mumbai,Sad
Employee_2983,24,72261,M,Nashik,Happy
Employee_2984,21,103588,M,Mumbai,Happy
Employee_2985,48,46995,M,Nashik,Sad
Employee_2986,44,145437,M,Delhi,Happy
Employee_2987,55,43580,F,Mumbai,Happy
Employee_2988,33,48240,M,Mumbai,Sad
Employee_2989,54,113446,F,Nagpur,Sad
Employee_2990,31,105752,M,Mumbai,Happy
Employee_2991,56,134533,F,Nashik,Sad
Employee_2992,37,76111,M,Delhi,Happy
Employee_2993,55,120447,M,Delhi,Sad
Employee_2994,38,64866,M,Nagpur,Sad
Employee_2995,42,110974,F,Nashik,Sad
Employee_2996,44,103401,F,Nashik,Happy
Employee_2997,39,112093,F,Pune,Happy
Employee_2998,57,42211,M,Mumbai,Happy
Employee_2999,59,88985,M,Nagpur,Happy
Employee_3000,41,63268,F,Delhi,Happy
Employee_3001,28,33646,M,Pune,Sad
Employee_3002,48,85371,F,Nashik,Happy
Employee_3003,25,147051,M,Mumbai,Sad
Employee_3004,37,72816,F,Delhi,Sad
Employee_3005,57,119460,F,Pune,Sad
Employee_3006,56,74112,M,Nashik,Happy
Employee_3007,39,81048,F,Delhi,Sad
Employee_3008,47,84911,M,Delhi,Happy
Employee_3009,54,105446,M,Nashik,Happy
Employee_3010,31,31778,M,Nashik,Happy
Employee_3011,32,75752,F,Nagpur,Happy
Employee_3012,41,114977,F,Delhi,Sad
Employee_3013,31,100726,F,Nashik,Happy
Employee_3014,59,110840,M,Pune,Sad
Employee_3015,48,135301,M,Mumbai,Sad
Employee_3016,25,57289,F,Nagpur,Happy
Employee_3017,37,74788,M,Nashik,Sad
Employee_3018,40,34747,M,Mumbai,Sad
Employee_3019,32,104822,F,Nagpur,Sad
Employee_3020,26,30045,F,Delhi,Happy
Employee_3021,37,125278,M,Mumbai,Sad
Employee_3022,39,37758,M,Nagpur,Happy
Employee_3023,46,53437,F,Nashik,Happy
Employee_3024,52,49585,F,Nashik,Happy
Employee_3025,26,128759,M,Nagpur,Happy
Employee_3026,56,39854,M,Delhi,Sad
Employee_3027,58,82076,M,Nagpur,Sad
Employee_3028,31,86950,F,Pune,Sad
Employee_3029,53,47349,M,Nagpur,Happy
Employee_3030,44,126228,M,Nagpur,Sad
Employee_3031,43,51348,M,Nashik,Happy
Employee_3032,35,64296,M,Delhi,Sad
Employee_3033,47,131280,M,Nagpur,Happy
Employee_3034,31,49455,M,Mumbai,Happy
Employee_3035,37,108824,F,Nashik,Happy
Employee_3036,34,84021,F,Nashik,Happy
Employee_3037,47,101923,F,Nagpur,Sad
Employee_3038,38,130825,M,Mumbai,Happy
Employee_3039,48,69293,F,Nagpur,Sad
Employee_3040,24,129430,M,Mumbai,Sad
Employee_3041,27,118552,M,Nashik,Sad
Employee_3042,55,76116,M,Mumbai,Happy
Employee_3043,29,70484,M,Nagpur,Happy
Employee_3044,28,60215,M,Pune,Happy
Employee_3045,37,111638,F,Pune,Sad
Employee_3046,37,33404,F,Mumbai,Happy
Employee_3047,53,67260,F,Nagpur,Happy
Employee_3048,52,130647,M,Delhi,Sad
Employee_3049,28,95642,F,Pune,Happy
Employee_3050,39,110731,M,Nashik,Sad
Employee_3051,58,76009,F,Nagpur,Sad
Employee_3052,23,122689,F,Nagpur,Sad
Employee_3053,25,147842,F,Pune,Happy
Employee_3054,33,59605,F,Delhi,Happy
Employee_3055,51,140879,F,Nashik,Sad
Employee_3056,36,83205,F,Delhi,Sad
Employee_3057,52,67569,M,Nashik,Happy
Employee_3058,42,35580,M,Pune,Happy
Employee_3059,49,144902,M,Nagpur,Sad
Employee_3060,42,35400,M,Nashik,Sad
Employee_3061,23,69643,M,Nagpur,Sad
Employee_3062,30,126185,F,Mumbai,Happy
Employee_3063,41,126032,M,Mumbai,Sad
Employee_3064,36,148977,M,Pune,Happy
Employee_3065,32,116173,M,Pune,Sad
Employee_3066,22,136960,M,Pune,Happy
Employee_3067,44,69015,M,Mumbai,Sad
Employee_3068,55,101713,M,Nashik,Happy
Employee_3069,50,102805,M,Delhi,Happy
Employee_3070,50,44974,M,Pune,Happy
Employee_3071,55,44037,M,Delhi,Happy
Employee_3072,39,114292,F,Delhi,Happy
Employee_3073,28,46167,M,Mumbai,Happy
Employee_3074,46,118754,M,Nashik,Sad
Employee_3075,27,120703,F,Mumbai,Sad
Employee_3076,50,73148,F,Pune,Sad
Employee_3077,27,102153,M,Mumbai,Happy
Employee_3078,23,51534,M,Mumbai,Happy
Employee_3079,21,120995,M,Mumbai,Sad
Employee_3080,56,116078,F,Pune,Happy
Employee_3081,45,86879,M,Pune,Happy
Employee_3082,57,149894,F,Mumbai,Sad
Employee_3083,21,95839,F,Mumbai,Sad
Employee_3084,35,59756,F,Delhi,Sad
Employee_3085,57,42683,F,Nashik,Sad
Employee_3086,33,79485,F,Delhi,Sad
Employee_3087,28,128231,M,Nashik,Sad
Employee_3088,25,41025,M,Nashik,Sad
Employee_3089,29,116426,F,Mumbai,Happy
Employee_3090,21,48715,F,Delhi,Happy
Employee_3091,56,100097,F,Nashik,Happy
Employee_3092,55,128383,F,Nashik,Happy
Employee_3093,22,132067,M,Pune,Sad
Employee_3094,43,122943,F,Nashik,Happy
Employee_3095,29,117116,F,Mumbai,Happy
Employee_3096,54,105705,M,Nagpur,Happy
Employee_3097,34,47116,M,Pune,Happy
Employee_3098,24,66744,M,Nagpur,Sad
Employee_3099,50,117579,M,Mumbai,Happy
Employee_3100,51,146072,F,Nagpur,Sad
Employee_3101,58,32124,F,Nashik,Sad
Employee_3102,31,134956,F,Nagpur,Happy
Employee_3103,55,68051,F,Delhi,Sad
Employee_3104,28,37176,F,Mumbai,Happy
Employee_3105,23,121310,F,Delhi,Sad
Employee_3106,34,94818,F,Nagpur,Sad
Employee_3107,33,48676,F,Delhi,Sad
Employee_3108,52,75177,F,Pune,Happy
Employee_3109,54,120296,M,Nagpur,Happy
Employee_3110,39,140623,F,Delhi,Happy
Employee_3111,58,30997,M,Nashik,Happy
Employee_3112,36,89330,M,Nagpur,Sad
Employee_3113,22,73769,M,Pune,Happy
Employee_3114,37,132968,M,Nashik,Sad
Employee_3115,54,147045,F,Nagpur,Sad
Employee_3116,36,146367,M,Nashik,Sad
Employee_3117,58,108653,M,Nagpur,Sad
Employee_3118,22,41231,F,Nagpur,Sad
Employee_3119,22,125287,M,Mumbai,Sad
Employee_3120,46,149574,F,Delhi,Sad
Employee_3121,33,102976,F,Nagpur,Sad
Employee_3122,51,115447,F,Pune,Sad
Employee_3123,54,139522,F,Delhi,Sad
Employee_3124,59,85965,M,Mumbai,Sad
Employee_3125,23,111144,F,Delhi,Happy
Employee_3126,28,147433,M,Delhi,Sad
Employee_3127,43,125201,M,Nagpur,Happy
Employee_3128,34,91517,F,Pune,Happy
Employee_3129,47,122693,M,Nagpur,Sad
Employee_3130,49,124315,F,Pune,Sad
Employee_3131,59,125504,M,Pune,Sad
Employee_3132,59,57387,M,Nashik,Sad
Employee_3133,21,34090,M,Nagpur,Happy
Employee_3134,37,54945,M,Mumbai,Happy
Employee_3135,50,70239,F,Delhi,Sad
Employee_3136,33,33743,F,Nashik,Happy
Employee_3137,41,60924,M,Mumbai,Sad
Employee_3138,39,40196,M,Nagpur,Sad
Employee_3139,39,121815,M,Pune,Sad
Employee_3140,45,135312,M,Nagpur,Happy
Employee_3141,42,98860,F,Nagpur,Happy
Employee_3142,51,71400,M,Nashik,Happy
Employee_3143,37,115177,M,Mumbai,Sad
Employee_3144,43,123018,M,Nashik,Happy
Employee_3145,52,128530,F,Mumbai,Sad
Employee_3146,30,110399,M,Nashik,Sad
Employee_3147,30,78795,F,Delhi,Happy
Employee_3148,56,81553,F,Pune,Sad
Employee_3149,28,133022,M,Pune,Sad
Employee_3150,40,145712,M,Pune,Sad
Employee_3151,52,133976,M,Delhi,Sad
Employee_3152,34,54111,F,Delhi,Happy
Employee_3153,48,143566,F,Pune,Sad
Employee_3154,44,93083,M,Pune,Sad
Employee_3155,35,149968,F,Mumbai,Sad
Employee_3156,42,91600,M,Mumbai,Happy
Employee_3157,50,80022,M,Nagpur,Sad
Employee_3158,24,33199,M,Nashik,Sad
Employee_3159,33,80897,M,Mumbai,Happy
Employee_3160,43,68038,M,Mumbai,Sad
Employee_3161,28,85038,M,Mumbai,Happy
Employee_3162,38,141054,F,Mumbai,Sad
Employee_3163,32,37897,F,Delhi,Happy
Employee_3164,51,94541,F,Nagpur,Sad
Employee_3165,34,136968,M,Mumbai,Happy
Employee_3166,54,44892,M,Nashik,Happy
Employee_3167,38,38271,M,Mumbai,Sad
Employee_3168,54,133462,F,Delhi,Sad
Employee_3169,31,54815,M,Pune,Happy
Employee_3170,32,75612,F,Pune,Sad
Employee_3171,35,63357,M,Nagpur,Sad
Employee_3172,51,105088,F,Pune,Happy
Employee_3173,49,46267,M,Mumbai,Happy
Employee_3174,46,48268,M,Delhi,Sad
Employee_3175,38,144463,F,Nagpur,Sad
Employee_3176,52,44263,F,Mumbai,Sad
Employee_3177,42,100935,F,Pune,Sad
Employee_3178,58,125347,M,Nashik,Happy
Employee_3179,37,89660,F,Mumbai,Happy
Employee_3180,43,95527,F,Nashik,Happy
Employee_3181,44,93379,M,Nashik,Happy
Employee_3182,28,124542,M,Nagpur,Sad
Employee_3183,26,71271,F,Delhi,Happy
Employee_3184,25,96612,M,Pune,Happy
Employee_3185,49,37235,F,Pune,Sad
Employee_3186,48,118757,F,Mumbai,Sad
Employee_3187,31,46417,F,Pune,Happy
Employee_3188,21,128075,M,Nagpur,Sad
Employee_3189,39,64609,F,Pune,Happy
Employee_3190,29,132785,F,Mumbai,Sad
Employee_3191,47,63902,M,Pune,Sad
Employee_3192,54,53645,F,Delhi,Happy
Employee_3193,24,92873,F,Nashik,Sad
Employee_3194,56,117218,F,Nashik,Happy
Employee_3195,38,94558,M,Nashik,Happy
Employee_3196,35,92233,F,Delhi,Happy
Employee_3197,33,141443,M,Nagpur,Sad
Employee_3198,39,53401,M,Mumbai,Happy
Employee_3199,26,37771,F,Delhi,Happy
Employee_3200,32,71335,F,Mumbai,Happy
Employee_3201,57,104451,M,Nagpur,Happy
Employee_3202,37,109434,F,Delhi,Happy
Employee_3203,43,97449,F,Pune,Happy
Employee_3204,46,132601,M,Nagpur,Sad
Employee_3205,49,122604,F,Nashik,Happy
Employee_3206,53,31942,F,Delhi,Sad
Employee_3207,47,50388,M,Nagpur,Sad
Employee_3208,45,113251,F,Nagpur,Happy
Employee_3209,30,87042,M,Delhi,Sad
Employee_3210,43,83740,M,Nashik,Sad
Employee_3211,41,95873,F,Nashik,Happy
Employee_3212,41,77024,M,Nagpur,Sad
Employee_3213,33,53450,F,Mumbai,Happy
Employee_3214,57,86965,F,Nagpur,Sad
Employee_3215,53,40057,M,Delhi,Happy
Employee_3216,44,123249,M,Delhi,Sad
Employee_3217,31,38983,M,Delhi,Happy
Employee_3218,37,49995,M,Nashik,Happy
Employee_3219,24,144587,M,Pune,Sad
Employee_3220,45,132004,M,Delhi,Happy
Employee_3221,50,121628,F,Delhi,Happy
Employee_3222,29,107681,F,Mumbai,Sad
Employee_3223,41,68886,M,Mumbai,Happy
Employee_3224,40,119025,F,Nagpur,Happy
Employee_3225,39,126572,M,Nagpur,Sad
Employee_3226,39,125149,M,Nagpur,Sad
Employee_3227,32,124020,F,Delhi,Sad
Employee_3228,57,32673,F,Mumbai,Sad
Employee_3229,37,64890,M,Nagpur,Sad
Employee_3230,57,107513,M,Mumbai,Sad
Employee_3231,59,53466,M,Delhi,Happy
Employee_3232,48,136554,F,Delhi,Sad
Employee_3233,55,122545,M,Nagpur,Sad
Employee_3234,38,146750,M,Delhi,Sad
Employee_3235,34,80406,F,Delhi,Happy
Employee_3236,55,33688,F,Mumbai,Happy
Employee_3237,27,99284,F,Pune,Happy
Employee_3238,33,134646,M,Nashik,Sad
Employee_3239,38,144579,M,Nagpur,Happy
Employee_3240,57,43665,F,Pune,Happy
Employee_3241,33,132434,M,Nagpur,Happy
Employee_3242,56,50641,M,Pune,Happy
Employee_3243,51,62500,F,Delhi,Sad
Employee_3244,22,65797,F,Nagpur,Sad
Employee_3245,36,114766,M,Pune,Sad
Employee_3246,29,75950,F,Nashik,Sad
Employee_3247,29,55046,F,Delhi,Sad
Employee_3248,58,132339,M,Nagpur,Sad
Employee_3249,31,143431,M,Nagpur,Happy
Employee_3250,42,131203,M,Pune,Sad
Employee_3251,53,39638,M,Nagpur,Sad
Employee_3252,56,116363,M,Delhi,Sad
Employee_3253,43,51173,M,Mumbai,Sad
Employee_3254,54,43222,F,Pune,Sad
Employee_3255,29,80064,F,Nashik,Happy
Employee_3256,44,67010,F,Nagpur,Happy
Employee_3257,28,48095,M,Delhi,Happy
Employee_3258,27,31439,M,Nagpur,Happy
Employee_3259,56,133917,M,Nashik,Happy
Employee_3260,38,115550,M,Delhi,Sad
Employee_3261,23,35375,M,Nashik,Happy
Employee_3262,48,119023,F,Delhi,Happy
Employee_3263,26,137181,M,Mumbai,Sad
Employee_3264,41,121238,F,Delhi,Happy
Employee_3265,48,50600,M,Nashik,Happy
Employee_3266,21,32466,F,Pune,Sad
Employee_3267,56,136128,F,Mumbai,Sad
Employee_3268,41,75097,F,Nagpur,Sad
Employee_3269,55,139934,F,Mumbai,Happy
Employee_3270,33,83276,F,Mumbai,Happy
Employee_3271,30,80117,F,Nagpur,Happy
Employee_3272,30,76971,F,Delhi,Sad
Employee_3273,33,36928,M,Mumbai,Happy
Employee_3274,57,118016,M,Mumbai,Happy
Employee_3275,58,85309,F,Pune,Happy
Employee_3276,44,104647,M,Pune,Happy
Employee_3277,22,70888,M,Nashik,Sad
Employee_3278,42,125025,F,Nagpur,Sad
Employee_3279,37,73832,M,Delhi,Sad
Employee_3280,56,146196,F,Delhi,Sad
Employee_3281,34,39404,M,Nashik,Happy
Employee_3282,30,63639,F,Delhi,Sad
Employee_3283,55,108118,M,Delhi,Happy
Employee_3284,45,90598,F,Pune,Sad
Employee_3285,23,96399,M,Delhi,Sad
Employee_3286,58,143187,M,Delhi,Happy
Employee_3287,37,140449,M,Nashik,Happy
Employee_3288,32,57684,F,Nashik,Sad
Employee_3289,44,98591,F,Mumbai,Happy
Employee_3290,49,149821,M,Delhi,Sad
Employee_3291,45,107722,M,Delhi,Happy
Employee_3292,56,32682,F,Delhi,Sad
Employee_3293,46,141186,M,Pune,Sad
Employee_3294,58,68046,M,Delhi,Sad
Employee_3295,21,142109,F,Pune,Sad
Employee_3296,40,51832,F,Mumbai,Happy
Employee_3297,48,46997,M,Nagpur,Happy
Employee_3298,36,64640,F,Delhi,Sad
Employee_3299,37,106882,M,Nashik,Sad
Employee_3300,48,70491,M,Nashik,Sad
Employee_3301,32,93043,F,Delhi,Happy
Employee_3302,47,142175,M,Pune,Sad
Employee_3303,50,144250,F,Nashik,Happy
Employee_3304,54,102725,F,Nashik,Happy
Employee_3305,57,75520,M,Mumbai,Sad
Employee_3306,26,92919,F,Mumbai,Happy
Employee_3307,27,139869,M,Mumbai,Sad
Employee_3308,52,94442,F,Nashik,Sad
Employee_3309,52,51770,M,Nashik,Happy
Employee_3310,45,135246,F,Delhi,Happy
Employee_3311,53,77498,M,Delhi,Sad
Employee_3312,27,139687,M,Pune,Happy
Employee_3313,32,91477,F,Nashik,Happy
Employee_3314,36,30244,M,Delhi,Happy
Employee_3315,36,62788,M,Delhi,Sad
Employee_3316,56,125341,M,Mumbai,Sad
Employee_3317,33,109453,M,Mumbai,Happy
Employee_3318,27,87737,M,Mumbai,Sad
Employee_3319,56,76489,M,Nagpur,Sad
Employee_3320,29,101303,F,Delhi,Happy
Employee_3321,52,58390,F,Mumbai,Happy
Employee_3322,31,40247,F,Mumbai,Happy
Employee_3323,28,99051,F,Nashik,Sad
Employee_3324,53,89719,M,Mumbai,Sad
Employee_3325,43,64678,M,Nashik,Happy
Employee_3326,45,117802,F,Pune,Sad
Employee_3327,28,106286,M,Mumbai,Sad
Employee_3328,42,59583,F,Nashik,Sad
Employee_3329,24,38076,M,Mumbai,Happy
Employee_3330,23,48006,M,Pune,Sad
Employee_3331,49,45051,F,Mumbai,Sad
Employee_3332,49,34314,M,Nashik,Happy
Employee_3333,54,58670,F,Pune,Sad
Employee_3334,54,130757,F,Pune,Sad
Employee_3335,48,97551,F,Pune,Happy
Employee_3336,33,40236,M,Nagpur,Sad
Employee_3337,35,65568,M,Nashik,Happy
Employee_3338,43,90314,F,Nagpur,Sad
Employee_3339,46,137327,M,Pune,Sad
Employee_3340,24,140188,F,Nagpur,Happy
Employee_3341,46,121903,F,Mumbai,Happy
Employee_3342,29,46352,M,Nagpur,Happy
Employee_3343,25,75650,F,Delhi,Sad
Employee_3344,52,40346,M,Pune,Sad
Employee_3345,40,55156,M,Pune,Happy
Employee_3346,31,85904,M,Nashik,Happy
Employee_3347,35,44035,F,Mumbai,Happy
Employee_3348,52,46108,F,Nashik,Sad
Employee_3349,48,32853,M,Nagpur,Sad
Employee_3350,42,114156,M,Delhi,Happy
Employee_3351,37,34176,F,Delhi,Sad
Employee_3352,46,130459,M,Delhi,Sad
Employee_3353,27,55920,M,Delhi,Sad
Employee_3354,46,84850,F,Mumbai,Happy
Employee_3355,45,36829,F,Nagpur,Sad
Employee_3356,30,130190,F,Delhi,Happy
Employee_3357,39,134775,M,Pune,Happy
Employee_3358,31,120666,F,Nagpur,Happy
Employee_3359,33,148458,F,Mumbai,Happy
Employee_3360,28,140893,F,Delhi,Happy
Employee_3361,24,103927,F,Mumbai,Happy
Employee_3362,51,114860,F,Delhi,Sad
Employee_3363,48,148178,F,Pune,Happy
Employee_3364,31,141654,F,Nagpur,Sad
Employee_3365,21,70667,M,Pune,Sad
Employee_3366,58,95842,F,Delhi,Sad
Employee_3367,44,65843,M,Nashik,Sad
Employee_3368,51,80808,M,Nagpur,Happy
Employee_3369,46,60543,F,Mumbai,Sad
Employee_3370,25,102780,M,Delhi,Happy
Employee_3371,40,36611,F,Pune,Happy
Employee_3372,31,118242,M,Nashik,Sad
Employee_3373,53,114612,F,Delhi,Happy
Employee_3374,58,76902,M,Mumbai,Sad
Employee_3375,47,146452,F,Pune,Happy
Employee_3376,54,63043,F,Nagpur,Happy
Employee_3377,35,35271,M,Nashik,Happy
Employee_3378,52,102867,M,Delhi,Sad
Employee_3379,41,107089,F,Delhi,Sad
Employee_3380,25,88745,M,Delhi,Happy
Employee_3381,26,126876,F,Delhi,Happy
Employee_3382,58,92077,M,Pune,Sad
Employee_3383,42,89119,F,Nagpur,Happy
Employee_3384,38,41573,M,Mumbai,Sad
Employee_3385,34,51409,F,Nashik,Sad
Employee_3386,30,115970,M,Delhi,Sad
Employee_3387,33,54464,F,Delhi,Sad
Employee_3388,51,148148,M,Nagpur,Happy
Employee_3389,50,72840,F,Nagpur,Sad
Employee_3390,23,78785,M,Pune,Sad
Employee_3391,50,148523,M,Pune,Sad
Employee_3392,26,50662,F,Pune,Sad
Employee_3393,49,48228,M,Nashik,Happy
Employee_3394,28,90721,M,Pune,Sad
Employee_3395,53,79223,F,Delhi,Happy
Employee_3396,37,37386,F,Pune,Sad
Employee_3397,31,36862,F,Nashik,Sad
Employee_3398,33,70108,F,Pune,Happy
Employee_3399,31,121788,M,Pune,Sad
Employee_3400,51,105023,M,Delhi,Happy
Employee_3401,48,143365,M,Delhi,Sad
Employee_3402,26,135939,F,Delhi,Happy
Employee_3403,36,110140,M,Pune,Happy
Employee_3404,24,112963,M,Delhi,Happy
Employee_3405,55,57201,F,Nagpur,Happy
Employee_3406,46,98578,M,Mumbai,Happy
Employee_3407,32,79966,M,Mumbai,Sad
Employee_3408,31,84774,F,Delhi,Happy
Employee_3409,57,40386,M,Nashik,Happy
Employee_3410,45,107228,F,Delhi,Sad
Employee_3411,38,45225,F,Delhi,Happy
Employee_3412,39,46693,M,Pune,Sad
Employee_3413,43,102197,M,Nashik,Sad
Employee_3414,58,73021,M,Delhi,Happy
Employee_3415,38,148915,F,Nagpur,Happy
Employee_3416,46,48261,F,Mumbai,Happy
Employee_3417,26,57378,M,Nagpur,Happy
Employee_3418,24,147174,M,Nagpur,Happy
Employee_3419,49,116755,F,Nagpur,Happy
Employee_3420,54,41937,M,Nashik,Sad
Employee_3421,37,96330,M,Nashik,Sad
Employee_3422,36,77366,F,Nashik,Sad
Employee_3423,22,102322,M,Mumbai,Sad
Employee_3424,54,132318,M,Pune,Happy
Employee_3425,28,70160,M,Delhi,Happy
Employee_3426,33,75313,M,Delhi,Sad
Employee_3427,28,133657,F,Pune,Happy
Employee_3428,50,131711,F,Delhi,Happy
Employee_3429,52,57032,F,Nagpur,Sad
Employee_3430,56,121963,F,Mumbai,Sad
Employee_3431,50,47358,M,Delhi,Sad
Employee_3432,21,91710,M,Mumbai,Sad
Employee_3433,59,125326,M,Pune,Happy
Employee_3434,37,116157,M,Delhi,Sad
Employee_3435,40,78821,F,Mumbai,Happy
Employee_3436,44,58365,M,Nagpur,Sad
Employee_3437,42,43189,M,Nagpur,Sad
Employee_3438,49,106749,F,Pune,Sad
Employee_3439,42,37248,F,Nashik,Happy
Employee_3440,29,34369,F,Delhi,Happy
Employee_3441,57,93763,M,Nagpur,Happy
Employee_3442,30,38050,F,Nagpur,Happy
Employee_3443,56,58605,M,Pune,Sad
Employee_3444,57,79616,M,Nagpur,Sad
Employee_3445,48,84479,F,Delhi,Sad
Employee_3446,48,133719,F,Pune,Sad
Employee_3447,41,110934,F,Mumbai,Happy
Employee_3448,44,70883,M,Pune,Sad
Employee_3449,22,63055,M,Delhi,Sad
Employee_3450,28,98731,M,Delhi,Sad
Employee_3451,47,120987,F,Mumbai,Happy
Employee_3452,42,146680,M,Pune,Happy
Employee_3453,57,37450,M,Delhi,Happy
Employee_3454,47,32925,M,Delhi,Sad
Employee_3455,49,110051,M,Mumbai,Happy
Employee_3456,23,80272,F,Nashik,Happy
Employee_3457,33,35310,M,Pune,Sad
Employee_3458,30,61817,F,Delhi,Happy
Employee_3459,56,145134,F,Nagpur,Sad
Employee_3460,29,122944,M,Mumbai,Sad
Employee_3461,47,74528,M,Nashik,Happy
Employee_3462,54,143200,F,Nashik,Sad
Employee_3463,21,85779,M,Mumbai,Sad
Employee_3464,52,114816,F,Nashik,Sad
Employee_3465,45,112641,M,Delhi,Sad
Employee_3466,49,114083,M,Nashik,Happy
Employee_3467,27,106310,F,Pune,Sad
Employee_3468,23,45457,M,Nagpur,Happy
Employee_3469,40,72311,F,Delhi,Sad
Employee_3470,40,33980,F,Mumbai,Sad
Employee_3471,50,50886,M,Nagpur,Sad
Employee_3472,55,107112,F,Delhi,Sad
Employee_3473,55,80877,M,Nagpur,Sad
Employee_3474,59,127427,M,Nashik,Sad
Employee_3475,47,66181,M,Mumbai,Sad
Employee_3476,46,63262,F,Mumbai,Happy
Employee_3477,34,30947,M,Pune,Happy
Employee_3478,37,30022,M,Nashik,Happy
Employee_3479,38,31128,F,Pune,Sad
Employee_3480,49,109522,F,Pune,Happy
Employee_3481,40,62322,F,Nashik,Sad
Employee_3482,47,78929,F,Delhi,Happy
Employee_3483,38,111696,M,Pune,Happy
Employee_3484,24,145245,M,Nagpur,Sad
Employee_3485,21,39808,M,Delhi,Sad
Employee_3486,21,125148,M,Nashik,Sad
Employee_3487,46,82882,F,Mumbai,Sad
Employee_3488,40,51725,F,Delhi,Sad
Employee_3489,43,102534,M,Pune,Happy
Employee_3490,30,69950,F,Nagpur,Sad
Employee_3491,31,118954,F,Nashik,Sad
Employee_3492,25,113576,F,Mumbai,Sad
Employee_3493,21,50557,F,Nagpur,Happy
Employee_3494,37,51825,F,Mumbai,Sad
Employee_3495,42,38998,M,Nashik,Happy
Employee_3496,54,66080,M,Delhi,Happy
Employee_3497,49,141633,F,Pune,Happy
Employee_3498,24,87797,F,Nashik,Happy
Employee_3499,25,45802,M,Nagpur,Sad
Employee_3500,31,41167,M,Delhi,Sad
Employee_3501,41,130628,F,Mumbai,Sad
Employee_3502,55,72407,F,Delhi,Sad
Employee_3503,32,43338,F,Delhi,Happy
Employee_3504,46,106289,M,Nagpur,Happy
Employee_3505,39,101520,F,Pune,Sad
Employee_3506,27,48895,F,Delhi,Sad
Employee_3507,27,77910,F,Delhi,Sad
Employee_3508,46,139367,F,Pune,Happy
Employee_3509,25,95898,F,Pune,Happy
Employee_3510,41,33454,F,Mumbai,Happy
Employee_3511,34,147486,F,Mumbai,Sad
Employee_3512,24,116540,F,Pune,Happy
Employee_3513,43,90797,M,Nashik,Happy
Employee_3514,40,131559,M,Pune,Happy
Employee_3515,35,113137,M,Mumbai,Sad
Employee_3516,49,80637,F,Nagpur,Happy
Employee_3517,28,35349,M,Nagpur,Sad
Employee_3518,39,69963,M,Delhi,Sad
Employee_3519,59,105583,M,Nagpur,Sad
Employee_3520,48,37750,M,Mumbai,Happy
Employee_3521,47,124929,M,Nagpur,Sad
Employee_3522,24,52463,F,Nashik,Happy
Employee_3523,35,104935,M,Pune,Happy
Employee_3524,55,88792,F,Pune,Sad
Employee_3525,57,43686,F,Mumbai,Sad
Employee_3526,21,136339,M,Delhi,Sad
Employee_3527,23,93528,F,Pune,Happy
Employee_3528,44,129811,M,Nagpur,Sad
Employee_3529,47,145691,F,Nashik,Happy
Employee_3530,56,52787,F,Delhi,Sad
Employee_3531,54,44776,M,Delhi,Happy
Employee_3532,49,145613,F,Delhi,Sad
Employee_3533,44,125063,F,Pune,Sad
Employee_3534,44,87427,F,Delhi,Happy
Employee_3535,24,134887,F,Mumbai,Sad
Employee_3536,23,91086,F,Nagpur,Sad
Employee_3537,54,132231,F,Nashik,Sad
Employee_3538,43,145673,F,Nagpur,Sad
Employee_3539,43,93308,F,Mumbai,Happy
Employee_3540,25,45797,M,Mumbai,Happy
Employee_3541,51,132535,F,Nagpur,Happy
Employee_3542,26,35302,M,Pune,Happy
Employee_3543,57,93172,M,Mumbai,Happy
Employee_3544,30,68059,F,Delhi,Sad
Employee_3545,27,30908,F,Nashik,Happy
Employee_3546,59,90252,M,Nashik,Sad
Employee_3547,58,110659,M,Mumbai,Happy
Employee_3548,41,42877,M,Delhi,Sad
Employee_3549,40,44239,F,Nagpur,Happy
Employee_3550,23,116971,F,Nashik,Sad
Employee_3551,42,57313,F,Delhi,Happy
Employee_3552,24,130890,M,Delhi,Sad
Employee_3553,48,72103,F,Pune,Sad
Employee_3554,32,78408,F,Mumbai,Sad
Employee_3555,58,113251,F,Delhi,Sad
Employee_3556,56,118771,F,Nagpur,Sad
Employee_3557,25,121665,M,Nashik,Happy
Employee_3558,33,40534,F,Pune,Sad
Employee_3559,43,130110,F,Nagpur,Sad
Employee_3560,50,73060,M,Nashik,Sad
Employee_3561,57,47189,F,Mumbai,Happy
Employee_3562,45,116067,M,Nagpur,Sad
Employee_3563,47,40967,M,Nashik,Sad
Employee_3564,34,111991,F,Pune,Happy
Employee_3565,56,95563,M,Nashik,Happy
Employee_3566,59,38660,F,Delhi,Sad
Employee_3567,36,148671,M,Pune,Sad
Employee_3568,42,120875,M,Nagpur,Happy
Employee_3569,41,69823,F,Mumbai,Sad
Employee_3570,41,85842,M,Pune,Sad
Employee_3571,28,39616,F,Pune,Sad
Employee_3572,36,105976,F,Pune,Happy
Employee_3573,51,132136,F,Nashik,Sad
Employee_3574,30,78738,F,Delhi,Sad
Employee_3575,52,43107,M,Mumbai,Happy
Employee_3576,54,91404,F,Mumbai,Happy
Employee_3577,29,124182,M,Delhi,Happy
Employee_3578,37,142081,F,Nashik,Sad
Employee_3579,31,121787,M,Nashik,Sad
Employee_3580,52,45954,M,Delhi,Happy
Employee_3581,30,46943,M,Delhi,Sad
Employee_3582,42,70725,M,Nagpur,Happy
Employee_3583,37,75434,F,Nashik,Sad
Employee_3584,24,115751,F,Pune,Sad
Employee_3585,45,40110,M,Mumbai,Sad
Employee_3586,41,135648,M,Nashik,Sad
Employee_3587,57,117091,F,Delhi,Sad
Employee_3588,58,46462,M,Pune,Sad
Employee_3589,21,109232,M,Nagpur,Happy
Employee_3590,45,84081,F,Nagpur,Sad
Employee_3591,56,82799,M,Pune,Happy
Employee_3592,37,96567,M,Pune,Sad
Employee_3593,44,119301,F,Delhi,Happy
Employee_3594,22,81224,M,Delhi,Happy
Employee_3595,35,86063,F,Mumbai,Sad
Employee_3596,52,143394,F,Mumbai,Sad
Employee_3597,59,85240,F,Nagpur,Sad
Employee_3598,26,111352,F,Pune,Happy
Employee_3599,21,47868,M,Nagpur,Sad
Employee_3600,43,105973,F,Delhi,Sad
Employee_3601,59,110989,F,Nashik,Sad
Employee_3602,37,52222,M,Delhi,Sad
Employee_3603,54,109794,F,Nashik,Happy
Employee_3604,49,93924,M,Pune,Sad
Employee_3605,29,129854,F,Pune,Happy
Employee_3606,33,108513,F,Pune,Happy
Employee_3607,26,84649,F,Mumbai,Sad
Employee_3608,26,132986,F,Mumbai,Sad
Employee_3609,40,142743,M,Nashik,Happy
Employee_3610,23,113749,M,Nagpur,Sad
Employee_3611,37,132055,M,Nagpur,Happy
Employee_3612,32,141218,F,Nashik,Happy
Employee_3613,21,40223,F,Mumbai,Sad
Employee_3614,37,78166,F,Delhi,Sad
Employee_3615,23,69369,M,Nashik,Sad
Employee_3616,46,116379,F,Nagpur,Happy
Employee_3617,35,99392,M,Nashik,Happy
Employee_3618,56,89526,M,Nashik,Sad
Employee_3619,52,42661,M,Pune,Sad
Employee_3620,52,45591,F,Mumbai,Happy
Employee_3621,24,101718,F,Pune,Happy
Employee_3622,38,85235,F,Mumbai,Sad
Employee_3623,39,37970,F,Nashik,Happy
Employee_3624,55,77922,M,Mumbai,Sad
Employee_3625,34,130398,M,Nagpur,Happy
Employee_3626,53,60755,F,Pune,Sad
Employee_3627,34,140399,F,Nashik,Sad
Employee_3628,54,49416,F,Nagpur,Happy
Employee_3629,24,43672,M,Mumbai,Happy
Employee_3630,44,113468,F,Mumbai,Sad
Employee_3631,49,76996,M,Nagpur,Sad
Employee_3632,39,104095,M,Mumbai,Sad
Employee_3633,26,30064,M,Pune,Sad
Employee_3634,53,98835,M,Delhi,Happy
Employee_3635,39,100385,M,Mumbai,Sad
Employee_3636,21,35639,M,Nashik,Happy
Employee_3637,25,146723,M,Mumbai,Happy
Employee_3638,47,41055,F,Nashik,Sad
Employee_3639,36,89220,F,Mumbai,Happy
Employee_3640,26,117594,F,Mumbai,Happy
Employee_3641,33,59427,M,Nashik,Sad
Employee_3642,55,146916,M,Pune,Sad
Employee_3643,39,112516,F,Delhi,Sad
Employee_3644,32,94666,M,Delhi,Sad
Employee_3645,36,94274,M,Pune,Sad
Employee_3646,30,148294,M,Mumbai,Happy
Employee_3647,45,40866,M,Delhi,Sad
Employee_3648,40,33889,M,Pune,Sad
Employee_3649,51,148194,M,Pune,Happy
Employee_3650,24,78226,M,Delhi,Sad
Employee_3651,43,61335,M,Nashik,Sad
Employee_3652,22,80547,M,Nagpur,Sad
Employee_3653,42,56162,M,Nashik,Happy
Employee_3654,57,119449,M,Mumbai,Sad
Employee_3655,28,54687,M,Nashik,Sad
Employee_3656,27,128756,F,Nagpur,Sad
Employee_3657,34,40995,M,Nagpur,Sad
Employee_3658,23,86488,M,Pune,Sad
Employee_3659,36,32631,F,Mumbai,Happy
Employee_3660,39,64954,F,Pune,Sad
Employee_3661,38,35967,F,Nashik,Sad
Employee_3662,36,118294,M,Nashik,Sad
Employee_3663,28,117278,M,Delhi,Sad
Employee_3664,53,94471,F,Pune,Sad
Employee_3665,32,67116,F,Pune,Happy
Employee_3666,31,122116,F,Pune,Happy
Employee_3667,25,64227,M,Pune,Sad
Employee_3668,47,31942,M,Nagpur,Sad
Employee_3669,32,77664,F,Delhi,Happy
Employee_3670,37,58069,M,Mumbai,Happy
Employee_3671,26,117342,M,Mumbai,Happy
Employee_3672,53,44407,F,Mumbai,Sad
Employee_3673,25,143926,F,Nagpur,Happy
Employee_3674,48,89201,F,Delhi,Sad
Employee_3675,34,110093,M,Delhi,Sad
Employee_3676,25,84348,M,Nagpur,Happy
Employee_3677,53,111981,M,Pune,Sad
Employee_3678,39,47878,M,Nashik,Sad
Employee_3679,42,113100,M,Pune,Happy
Employee_3680,25,108629,F,Mumbai,Sad
Employee_3681,22,85420,M,Pune,Happy
Employee_3682,50,131092,M,Nagpur,Happy
Employee_3683,59,121987,F,Mumbai,Happy
Employee_3684,24,73168,F,Nashik,Sad
Employee_3685,53,149324,F,Mumbai,Happy
Employee_3686,33,149409,F,Pune,Happy
Employee_3687,40,84862,M,Delhi,Sad
Employee_3688,27,119622,M,Delhi,Happy
Employee_3689,35,112025,F,Delhi,Sad
Employee_3690,43,58004,M,Mumbai,Sad
Employee_3691,34,50471,F,Delhi,Happy
Employee_3692,43,121820,M,Nagpur,Happy
Employee_3693,39,90167,M,Nashik,Sad
Employee_3694,49,132229,M,Delhi,Happy
Employee_3695,40,113828,F,Nagpur,Sad
Employee_3696,49,95308,F,Nagpur,Happy
Employee_3697,44,113969,M,Mumbai,Sad
Employee_3698,38,44568,M,Mumbai,Happy
Employee_3699,30,140960,F,Nashik,Happy
Employee_3700,28,39466,F,Nashik,Sad
Employee_3701,46,121057,M,Pune,Happy
Employee_3702,49,87324,M,Nashik,Happy
Employee_3703,30,132208,F,Mumbai,Sad
Employee_3704,37,45467,M,Nagpur,Sad
Employee_3705,22,127555,F,Pune,Sad
Employee_3706,26,105955,F,Nashik,Happy
Employee_3707,25,82948,M,Nagpur,Happy
Employee_3708,48,46676,M,Mumbai,Sad
Employee_3709,25,124791,M,Delhi,Sad
Employee_3710,38,61514,F,Pune,Happy
Employee_3711,46,138718,F,Nagpur,Sad
Employee_3712,40,52650,F,Mumbai,Sad
Employee_3713,47,118290,M,Mumbai,Sad
Employee_3714,32,107701,M,Pune,Happy
Employee_3715,27,40683,F,Pune,Happy
Employee_3716,23,128092,F,Nashik,Sad
Employee_3717,30,89819,M,Nashik,Happy
Employee_3718,54,110978,F,Pune,Happy
Employee_3719,45,34860,M,Pune,Sad
Employee_3720,55,33729,M,Nagpur,Happy
Employee_3721,36,61351,F,Nashik,Sad
Employee_3722,22,142704,F,Mumbai,Happy
Employee_3723,44,92744,F,Nashik,Sad
Employee_3724,30,54346,F,Nashik,Sad
Employee_3725,58,104155,F,Pune,Sad
Employee_3726,42,106700,M,Pune,Happy
Employee_3727,46,134414,F,Nashik,Sad
Employee_3728,59,36955,M,Delhi,Happy
Employee_3729,47,95642,F,Delhi,Sad
Employee_3730,49,100290,F,Nashik,Happy
Employee_3731,58,74293,F,Delhi,Sad
Employee_3732,40,91336,F,Nashik,Sad
Employee_3733,47,51662,F,Pune,Happy
Employee_3734,40,36408,F,Pune,Sad
Employee_3735,39,70403,M,Pune,Sad
Employee_3736,40,31225,F,Mumbai,Happy
Employee_3737,55,42196,F,Pune,Happy
Employee_3738,22,99786,F,Pune,Sad
Employee_3739,50,45372,F,Nashik,Sad
Employee_3740,54,47279,M,Delhi,Happy
Employee_3741,42,140401,M,Delhi,Sad
Employee_3742,23,125729,M,Pune,Sad
Employee_3743,26,146308,M,Pune,Happy
Employee_3744,35,84240,M,Pune,Sad
Employee_3745,47,140359,M,Nashik,Sad
Employee_3746,30,122404,F,Nashik,Happy
Employee_3747,29,68187,F,Nashik,Sad
Employee_3748,53,146073,M,Delhi,Sad
Employee_3749,52,78481,F,Mumbai,Sad
Employee_3750,26,58475,F,Delhi,Sad
Employee_3751,56,74552,F,Nashik,Sad
Employee_3752,22,97969,F,Nagpur,Happy
Employee_3753,49,106534,F,Mumbai,Sad
Employee_3754,24,139879,M,Pune,Sad
Employee_3755,21,126669,M,Delhi,Happy
Employee_3756,39,129605,M,Mumbai,Sad
Employee_3757,46,36858,M,Nagpur,Sad
Employee_3758,45,104486,M,Mumbai,Sad
Employee_3759,30,104474,M,Delhi,Happy
Employee_3760,35,55168,F,Nashik,Sad
Employee_3761,42,62099,M,Pune,Happy
Employee_3762,41,101180,F,Nashik,Happy
Employee_3763,42,139382,F,Nashik,Sad
Employee_3764,56,91455,M,Delhi,Happy
Employee_3765,54,84240,M,Nashik,Happy
Employee_3766,50,104796,M,Nashik,Happy
Employee_3767,45,84592,F,Delhi,Happy
Employee_3768,48,77458,M,Delhi,Sad
Employee_3769,21,131611,M,Nagpur,Sad
Employee_3770,24,88046,M,Nashik,Sad
Employee_3771,27,149396,F,Mumbai,Sad
Employee_3772,29,46488,M,Pune,Happy
Employee_3773,56,88841,M,Pune,Sad
Employee_3774,39,148521,F,Delhi,Sad
Employee_3775,21,30395,F,Delhi,Happy
Employee_3776,30,82669,F,Nagpur,Sad
Employee_3777,56,40845,M,Nashik,Happy
Employee_3778,29,66059,M,Delhi,Sad
Employee_3779,52,48394,F,Delhi,Sad
Employee_3780,52,123993,M,Pune,Sad
Employee_3781,26,75906,F,Nashik,Happy
Employee_3782,58,89332,F,Nagpur,Sad
Employee_3783,37,67305,F,Delhi,Sad
Employee_3784,30,72628,F,Delhi,Happy
Employee_3785,47,51352,F,Delhi,Sad
Employee_3786,55,116682,M,Pune,Sad
Employee_3787,41,112971,M,Delhi,Happy
Employee_3788,45,81993,M,Delhi,Happy
Employee_3789,48,69386,M,Pune,Sad
Employee_3790,35,133027,F,Delhi,Happy
Employee_3791,24,86624,M,Nashik,Happy
Employee_3792,49,87065,F,Nashik,Happy
Employee_3793,29,115504,F,Pune,Sad
Employee_3794,47,143141,M,Nashik,Sad
Employee_3795,46,38539,M,Nagpur,Happy
Employee_3796,39,31263,F,Delhi,Happy
Employee_3797,48,43305,M,Nagpur,Sad
Employee_3798,37,83817,M,Nashik,Happy
Employee_3799,40,54398,M,Pune,Happy
Employee_3800,59,139238,M,Pune,Sad
Employee_3801,43,127616,F,Nagpur,Sad
Employee_3802,52,105801,F,Nashik,Sad
Employee_3803,53,79107,M,Delhi,Happy
Employee_3804,25,62152,F,Nashik,Happy
Employee_3805,54,123260,F,Nashik,Happy
Employee_3806,31,60624,M,Pune,Sad
Employee_3807,23,129655,M,Mumbai,Happy
Employee_3808,53,86132,F,Delhi,Sad
Employee_3809,31,135494,F,Delhi,Sad
Employee_3810,36,82979,F,Pune,Happy
Employee_3811,38,88013,M,Nashik,Sad
Employee_3812,50,124925,F,Pune,Happy
Employee_3813,30,93797,F,Nashik,Happy
Employee_3814,38,81798,M,Mumbai,Sad
Employee_3815,58,46650,F,Mumbai,Happy
Employee_3816,39,56014,M,Nagpur,Sad
Employee_3817,56,106421,M,Nashik,Sad
Employee_3818,33,37434,F,Pune,Sad
Employee_3819,23,60028,M,Pune,Happy
Employee_3820,30,96558,M,Pune,Happy
Employee_3821,58,54331,F,Nagpur,Happy
Employee_3822,21,97573,M,Delhi,Sad
Employee_3823,47,104292,F,Pune,Sad
Employee_3824,28,76326,M,Mumbai,Happy
Employee_3825,37,112979,M,Pune,Sad
Employee_3826,29,129728,F,Pune,Happy
Employee_3827,26,34123,F,Pune,Happy
Employee_3828,45,46603,F,Delhi,Happy
Employee_3829,59,95941,M,Pune,Happy
Employee_3830,48,72597,F,Delhi,Sad
Employee_3831,53,93238,M,Delhi,Happy
Employee_3832,57,114238,F,Nagpur,Sad
Employee_3833,29,72719,M,Mumbai,Sad
Employee_3834,38,121786,F,Pune,Happy
Employee_3835,41,71751,M,Pune,Happy
Employee_3836,22,116978,F,Pune,Sad
Employee_3837,58,47693,M,Delhi,Happy
Employee_3838,56,119541,M,Nashik,Sad
Employee_3839,57,140329,M,Mumbai,Sad
Employee_3840,35,67697,M,Pune,Sad
Employee_3841,48,124524,F,Nashik,Sad
Employee_3842,38,127869,M,Nashik,Happy
Employee_3843,54,59992,F,Nashik,Happy
Employee_3844,42,93825,M,Mumbai,Happy
Employee_3845,31,39522,F,Nashik,Sad
Employee_3846,33,75406,M,Pune,Happy
Employee_3847,24,137006,M,Pune,Sad
Employee_3848,42,139068,F,Nagpur,Sad
Employee_3849,27,42121,F,Delhi,Sad
Employee_3850,44,44219,M,Nashik,Happy
Employee_3851,24,31617,F,Delhi,Happy
Employee_3852,48,73016,F,Delhi,Sad
Employee_3853,35,80672,F,Delhi,Happy
Employee_3854,21,54276,M,Delhi,Sad
Employee_3855,23,129887,F,Delhi,Happy
Employee_3856,34,102240,M,Pune,Happy
Employee_3857,58,136292,F,Mumbai,Happy
Employee_3858,21,85735,F,Nashik,Sad
Employee_3859,58,47959,M,Nashik,Happy
Employee_3860,58,58522,F,Pune,Happy
Employee_3861,41,86087,F,Pune,Sad
Employee_3862,49,39953,F,Delhi,Happy
Employee_3863,25,56567,F,Mumbai,Sad
Employee_3864,30,90523,F,Nashik,Happy
Employee_3865,48,92708,F,Nagpur,Sad
Employee_3866,41,52560,F,Pune,Sad
Employee_3867,27,88390,M,Nagpur,Happy
Employee_3868,23,98149,M,Nashik,Sad
Employee_3869,40,66660,M,Pune,Sad
Employee_3870,39,75104,M,Nashik,Happy
Employee_3871,55,87805,M,Pune,Happy
Employee_3872,24,135037,F,Nashik,Happy
Employee_3873,25,132735,M,Nagpur,Happy
Employee_3874,21,54496,M,Mumbai,Sad
Employee_3875,24,113301,F,Pune,Sad
Employee_3876,32,121257,M,Nagpur,Happy
Employee_3877,47,33515,F,Nashik,Happy
Employee_3878,43,34454,F,Nagpur,Happy
Employee_3879,45,136073,M,Pune,Happy
Employee_3880,41,52873,M,Nagpur,Sad
Employee_3881,44,103920,F,Nashik,Sad
Employee_3882,45,43727,F,Delhi,Sad
Employee_3883,52,99070,M,Mumbai,Sad
Employee_3884,52,129059,F,Mumbai,Sad
Employee_3885,25,127425,M,Delhi,Happy
Employee_3886,56,147213,M,Pune,Happy
Employee_3887,59,79979,M,Nagpur,Sad
Employee_3888,36,55465,M,Nagpur,Sad
Employee_3889,53,83900,F,Delhi,Happy
Employee_3890,41,89799,F,Delhi,Sad
Employee_3891,29,147021,M,Nashik,Sad
Employee_3892,26,126129,M,Nashik,Sad
Employee_3893,55,51330,F,Mumbai,Sad
Employee_3894,59,38302,F,Pune,Happy
Employee_3895,42,108443,F,Pune,Sad
Employee_3896,25,119966,F,Delhi,Sad
Employee_3897,43,137288,F,Mumbai,Sad
Employee_3898,37,142689,M,Mumbai,Sad
Employee_3899,32,102717,M,Nashik,Sad
Employee_3900,43,141749,M,Nagpur,Happy
Employee_3901,36,42875,M,Pune,Happy
Employee_3902,23,57219,F,Mumbai,Happy
Employee_3903,50,66182,F,Nashik,Sad
Employee_3904,42,110541,M,Nashik,Sad
Employee_3905,29,72269,M,Nashik,Happy
Employee_3906,49,109781,F,Nagpur,Happy
Employee_3907,57,36457,M,Mumbai,Sad
Employee_3908,43,36749,M,Delhi,Sad
Employee_3909,33,63064,F,Delhi,Happy
Employee_3910,52,39821,F,Nashik,Sad
Employee_3911,43,145256,F,Nashik,Sad
Employee_3912,37,128297,M,Nagpur,Happy
Employee_3913,41,133587,F,Nashik,Sad
Employee_3914,22,108655,F,Mumbai,Sad
Employee_3915,57,37664,M,Nashik,Sad
Employee_3916,26,59281,F,Nashik,Happy
Employee_3917,38,135815,M,Mumbai,Sad
Employee_3918,50,61821,M,Pune,Sad
Employee_3919,42,133769,M,Delhi,Happy
Employee_3920,53,54647,M,Nashik,Sad
Employee_3921,50,140861,F,Mumbai,Sad
Employee_3922,37,99918,M,Delhi,Sad
Employee_3923,52,111985,F,Nagpur,Happy
Employee_3924,34,112799,F,Pune,Happy
Employee_3925,30,120179,F,Nashik,Sad
Employee_3926,56,104944,F,Pune,Happy
Employee_3927,54,119142,F,Nashik,Happy
Employee_3928,29,57603,M,Nashik,Happy
Employee_3929,48,76458,F,Nashik,Happy
Employee_3930,31,100605,M,Pune,Happy
Employee_3931,34,49623,M,Nagpur,Happy
Employee_3932,59,74440,M,Mumbai,Happy
Employee_3933,39,112427,F,Mumbai,Happy
Employee_3934,35,37704,F,Nagpur,Happy
Employee_3935,48,123826,F,Nagpur,Sad
Employee_3936,44,57460,F,Nashik,Happy
Employee_3937,28,113045,M,Nashik,Happy
Employee_3938,29,112805,F,Mumbai,Sad
Employee_3939,53,147529,F,Nashik,Sad
Employee_3940,53,103511,M,Nashik,Sad
Employee_3941,39,140373,M,Nagpur,Sad
Employee_3942,23,36565,M,Pune,Happy
Employee_3943,30,118003,M,Delhi,Happy
Employee_3944,21,34870,M,Delhi,Happy
Employee_3945,49,48909,M,Nashik,Sad
Employee_3946,54,39117,M,Nashik,Happy
Employee_3947,33,148903,F,Delhi,Happy
Employee_3948,21,97474,F,Nagpur,Sad
Employee_3949,54,123926,M,Delhi,Sad
Employee_3950,49,74322,M,Delhi,Sad
Employee_3951,33,131536,F,Delhi,Sad
Employee_3952,49,50128,M,Nashik,Sad
Employee_3953,59,127317,M,Nashik,Happy
Employee_3954,44,99001,M,Delhi,Sad
Employee_3955,46,30440,M,Nashik,Sad
Employee_3956,37,90955,M,Delhi,Happy
Employee_3957,27,79613,F,Nagpur,Happy
Employee_3958,33,100949,M,Nashik,Happy
Employee_3959,25,41663,M,Pune,Sad
Employee_3960,46,134059,M,Nashik,Sad
Employee_3961,23,133316,F,Nagpur,Happy
Employee_3962,27,49547,F,Nagpur,Happy
Employee_3963,59,111662,M,Nashik,Sad
Employee_3964,21,135056,M,Mumbai,Happy
Employee_3965,37,30005,M,Delhi,Happy
Employee_3966,45,133080,M,Delhi,Happy
Employee_3967,23,37038,F,Nagpur,Happy
Employee_3968,35,36414,F,Nashik,Sad
Employee_3969,49,117659,M,Mumbai,Sad
Employee_3970,52,99506,M,Pune,Sad
Employee_3971,46,106586,F,Delhi,Happy
Employee_3972,36,32606,F,Mumbai,Sad
Employee_3973,45,46482,M,Delhi,Sad
Employee_3974,48,128829,M,Nashik,Happy
Employee_3975,29,101873,M,Delhi,Happy
Employee_3976,21,63948,F,Pune,Sad
Employee_3977,49,119987,F,Nashik,Happy
Employee_3978,42,121801,F,Nagpur,Happy
Employee_3979,36,121250,F,Mumbai,Sad
Employee_3980,27,50875,M,Delhi,Sad
Employee_3981,34,43057,F,Nashik,Sad
Employee_3982,49,62400,F,Nashik,Happy
Employee_3983,39,101458,F,Delhi,Happy
Employee_3984,39,98607,M,Nagpur,Happy
Employee_3985,22,117561,F,Delhi,Happy
Employee_3986,35,57503,F,Nagpur,Happy
Employee_3987,23,53765,F,Delhi,Happy
Employee_3988,31,131096,M,Nashik,Sad
Employee_3989,50,149466,F,Pune,Sad
Employee_3990,38,76612,M,Pune,Happy
Employee_3991,22,128318,M,Nashik,Sad
Employee_3992,52,114335,F,Pune,Sad
Employee_3993,28,130989,M,Nagpur,Sad
Employee_3994,42,123012,F,Nashik,Happy
Employee_3995,26,111748,M,Nagpur,Sad
Employee_3996,32,39428,M,Nashik,Sad
Employee_3997,56,61419,F,Nagpur,Happy
Employee_3998,35,95195,F,Nagpur,Happy
Employee_3999,48,103695,M,Pune,Happy
Employee_4000,38,119846,M,Nashik,Sad
Employee_4001,22,132404,M,Delhi,Sad
Employee_4002,33,69142,M,Pune,Sad
Employee_4003,35,101540,F,Nagpur,Happy
Employee_4004,40,68289,M,Nagpur,Happy
Employee_4005,49,106948,M,Delhi,Happy
Employee_4006,49,88951,F,Delhi,Sad
Employee_4007,23,41755,M,Nagpur,Sad
Employee_4008,39,147985,F,Delhi,Sad
Employee_4009,23,114553,F,Mumbai,Happy
Employee_4010,34,33890,F,Pune,Happy
Employee_4011,24,124376,M,Nashik,Sad
Employee_4012,31,47175,F,Delhi,Sad
Employee_4013,51,104727,F,Delhi,Sad
Employee_4014,52,95687,F,Mumbai,Happy
Employee_4015,47,114983,M,Nashik,Sad
Employee_4016,50,118287,M,Mumbai,Happy
Employee_4017,22,124711,M,Nashik,Sad
Employee_4018,29,54288,M,Pune,Sad
Employee_4019,48,76629,F,Delhi,Sad
Employee_4020,51,146779,F,Pune,Sad
Employee_4021,54,77800,F,Nashik,Sad
Employee_4022,35,67367,M,Delhi,Sad
Employee_4023,45,107810,F,Mumbai,Sad
Employee_4024,56,107754,M,Nagpur,Sad
Employee_4025,28,119328,M,Mumbai,Sad
Employee_4026,29,98513,M,Nagpur,Sad
Employee_4027,57,112762,F,Mumbai,Happy
Employee_4028,59,59022,F,Nashik,Happy
Employee_4029,52,99329,M,Pune,Sad
Employee_4030,37,89414,F,Nagpur,Sad
Employee_4031,55,31659,M,Nashik,Happy
Employee_4032,57,87941,F,Pune,Happy
Employee_4033,39,67930,M,Pune,Happy
Employee_4034,49,73473,M,Delhi,Sad
Employee_4035,27,85598,M,Delhi,Sad
Employee_4036,48,46040,F,Delhi,Sad
Employee_4037,29,99806,F,Nagpur,Sad
Employee_4038,48,43286,F,Nagpur,Happy
Employee_4039,26,99139,F,Pune,Happy
Employee_4040,49,142076,F,Nagpur,Happy
Employee_4041,37,85916,M,Pune,Happy
Employee_4042,36,47600,F,Nashik,Sad
Employee_4043,43,32291,M,Mumbai,Happy
Employee_4044,51,43123,F,Pune,Happy
Employee_4045,23,33811,F,Pune,Sad
Employee_4046,41,108883,F,Nashik,Sad
Employee_4047,46,61276,M,Delhi,Sad
Employee_4048,56,84145,F,Delhi,Happy
Employee_4049,57,76619,M,Delhi,Happy
Employee_4050,42,111049,F,Pune,Sad
Employee_4051,32,100678,M,Pune,Sad
Employee_4052,33,118782,M,Nagpur,Sad
Employee_4053,31,121043,M,Nagpur,Sad
Employee_4054,36,56714,M,Mumbai,Happy
Employee_4055,28,85685,F,Mumbai,Sad
Employee_4056,22,42194,F,Nagpur,Happy
Employee_4057,50,103062,M,Pune,Sad
Employee_4058,50,94037,F,Nashik,Sad
Employee_4059,32,49362,M,Nagpur,Happy
Employee_4060,30,84499,F,Pune,Sad
Employee_4061,31,76281,F,Nagpur,Sad
Employee_4062,35,92813,F,Delhi,Sad
Employee_4063,36,74852,M,Nagpur,Happy
Employee_4064,37,141653,F,Delhi,Happy
Employee_4065,46,77836,M,Pune,Sad
Employee_4066,22,34595,F,Delhi,Sad
Employee_4067,32,125930,M,Nagpur,Happy
Employee_4068,46,45402,F,Delhi,Happy
Employee_4069,43,95283,M,Nashik,Happy
Employee_4070,38,122676,M,Delhi,Sad
Employee_4071,52,118131,M,Delhi,Sad
Employee_4072,58,72723,F,Mumbai,Sad
Employee_4073,23,81322,M,Nashik,Sad
Employee_4074,58,76764,F,Pune,Happy
Employee_4075,23,54911,M,Delhi,Happy
Employee_4076,50,121288,M,Nashik,Happy
Employee_4077,21,49405,M,Pune,Sad
Employee_4078,50,88122,F,Nashik,Happy
Employee_4079,52,119756,F,Mumbai,Sad
Employee_4080,48,129489,F,Pune,Happy
Employee_4081,41,131589,F,Pune,Sad
Employee_4082,33,33447,F,Delhi,Sad
Employee_4083,47,83143,F,Nagpur,Happy
Employee_4084,56,92906,F,Pune,Happy
Employee_4085,27,40662,M,Pune,Happy
Employee_4086,42,93001,M,Mumbai,Happy
Employee_4087,30,88282,F,Mumbai,Happy
Employee_4088,59,34899,F,Mumbai,Happy
Employee_4089,35,58582,F,Delhi,Sad
Employee_4090,35,144364,F,Pune,Happy
Employee_4091,24,97471,F,Mumbai,Sad
Employee_4092,52,72213,M,Mumbai,Sad
Employee_4093,43,137578,F,Nashik,Sad
Employee_4094,26,105871,F,Nashik,Happy
Employee_4095,44,113205,F,Mumbai,Happy
Employee_4096,40,104081,M,Delhi,Happy
Employee_4097,57,135783,M,Nagpur,Happy
Employee_4098,40,133559,M,Nashik,Happy
Employee_4099,32,113805,M,Nashik,Happy
Employee_4100,53,67830,F,Pune,Sad
Employee_4101,48,37066,M,Pune,Sad
Employee_4102,28,40712,M,Mumbai,Sad
Employee_4103,21,111527,M,Pune,Sad
Employee_4104,57,131326,M,Pune,Sad
Employee_4105,42,95365,M,Nagpur,Happy
Employee_4106,26,117185,F,Delhi,Happy
Employee_4107,41,129851,M,Mumbai,Sad
Employee_4108,52,60806,M,Nagpur,Sad
Employee_4109,55,42210,M,Mumbai,Sad
Employee_4110,35,66972,F,Delhi,Happy
Employee_4111,25,135894,F,Mumbai,Happy
Employee_4112,26,64136,F,Pune,Happy
Employee_4113,45,74297,F,Delhi,Happy
Employee_4114,49,146445,F,Nagpur,Happy
Employee_4115,27,45945,F,Nagpur,Happy
Employee_4116,33,125201,F,Nashik,Happy
Employee_4117,58,72477,F,Nagpur,Sad
Employee_4118,38,109180,M,Nashik,Sad
Employee_4119,22,100453,M,Pune,Happy
Employee_4120,28,115404,F,Nagpur,Sad
Employee_4121,31,107413,M,Delhi,Happy
Employee_4122,53,43224,F,Nashik,Sad
Employee_4123,58,33052,M,Nagpur,Happy
Employee_4124,47,57272,M,Pune,Happy
Employee_4125,40,71150,F,Delhi,Sad
Employee_4126,32,126204,M,Delhi,Happy
Employee_4127,51,47316,F,Pune,Sad
Employee_4128,47,83389,F,Nagpur,Happy
Employee_4129,52,93332,M,Mumbai,Sad
Employee_4130,30,37240,F,Nagpur,Happy
Employee_4131,23,127095,M,Nashik,Sad
Employee_4132,47,98774,M,Nashik,Happy
Employee_4133,55,73175,F,Nagpur,Sad
Employee_4134,51,30565,F,Nashik,Sad
Employee_4135,35,117298,F,Mumbai,Sad
Employee_4136,36,101094,F,Mumbai,Sad
Employee_4137,33,46375,F,Delhi,Happy
Employee_4138,55,55710,M,Nashik,Sad
Employee_4139,31,79895,F,Nagpur,Happy
Employee_4140,41,106639,M,Delhi,Happy
Employee_4141,31,45174,F,Mumbai,Happy
Employee_4142,50,137026,M,Delhi,Happy
Employee_4143,55,117329,M,Pune,Happy
Employee_4144,42,57597,M,Nashik,Happy
Employee_4145,58,104289,M,Nagpur,Happy
Employee_4146,51,68397,M,Mumbai,Happy
Employee_4147,34,101854,F,Delhi,Sad
Employee_4148,44,63069,M,Nagpur,Sad
Employee_4149,52,115687,F,Nashik,Happy
Employee_4150,56,148968,M,Nagpur,Sad
Employee_4151,52,70274,F,Nashik,Sad
Employee_4152,35,104237,M,Nashik,Happy
Employee_4153,55,102498,M,Nashik,Sad
Employee_4154,23,68197,F,Delhi,Sad
Employee_4155,36,78634,F,Nashik,Sad
Employee_4156,25,60041,M,Nagpur,Happy
Employee_4157,41,37248,M,Pune,Happy
Employee_4158,30,115365,F,Nagpur,Sad
Employee_4159,39,32203,M,Delhi,Happy
Employee_4160,45,81986,M,Nashik,Happy
Employee_4161,24,55370,F,Pune,Sad
Employee_4162,49,65247,M,Delhi,Sad
Employee_4163,39,149544,M,Mumbai,Sad
Employee_4164,22,105922,F,Mumbai,Sad
Employee_4165,30,30434,M,Mumbai,Happy
Employee_4166,45,92982,F,Pune,Happy
Employee_4167,40,95180,F,Nagpur,Happy
Employee_4168,39,138534,M,Pune,Happy
Employee_4169,43,64474,M,Pune,Happy
Employee_4170,44,54644,F,Pune,Happy
Employee_4171,31,68493,F,Mumbai,Happy
Employee_4172,54,113824,M,Nagpur,Happy
Employee_4173,48,33959,F,Pune,Happy
Employee_4174,25,77289,M,Nagpur,Sad
Employee_4175,25,41143,F,Nashik,Happy
Employee_4176,41,69593,F,Pune,Happy
Employee_4177,32,69115,F,Pune,Happy
Employee_4178,24,141145,M,Pune,Sad
Employee_4179,40,52540,F,Nashik,Sad
Employee_4180,58,65481,F,Nashik,Happy
Employee_4181,45,125505,F,Mumbai,Happy
Employee_4182,34,107097,F,Delhi,Sad
Employee_4183,31,52578,M,Nagpur,Happy
Employee_4184,52,42787,F,Delhi,Sad
Employee_4185,31,102048,M,Pune,Happy
Employee_4186,38,82879,F,Pune,Sad
Employee_4187,47,40596,F,Mumbai,Sad
Employee_4188,38,127282,M,Delhi,Happy
Employee_4189,43,90669,M,Pune,Sad
Employee_4190,31,49930,F,Delhi,Sad
Employee_4191,41,77950,F,Mumbai,Sad
Employee_4192,25,125737,F,Delhi,Happy
Employee_4193,43,48687,M,Nagpur,Happy
Employee_4194,45,82833,F,Mumbai,Sad
Employee_4195,30,65989,M,Delhi,Sad
Employee_4196,42,60183,F,Pune,Happy
Employee_4197,39,50758,M,Nashik,Happy
Employee_4198,21,31082,M,Nashik,Happy
Employee_4199,27,136941,M,Mumbai,Sad
Employee_4200,24,126368,F,Nashik,Happy
Employee_4201,21,75891,F,Nagpur,Happy
Employee_4202,35,75810,M,Mumbai,Happy
Employee_4203,32,76901,M,Pune,Happy
Employee_4204,42,113512,M,Pune,Sad
Employee_4205,42,133912,F,Mumbai,Sad
Employee_4206,37,101062,F,Nashik,Happy
Employee_4207,49,126622,F,Nashik,Sad
Employee_4208,34,51563,M,Pune,Happy
Employee_4209,40,102008,F,Nagpur,Sad
Employee_4210,53,32775,F,Nashik,Happy
Employee_4211,35,45828,F,Nagpur,Happy
Employee_4212,32,140312,M,Nashik,Sad
Employee_4213,40,47974,F,Mumbai,Happy
Employee_4214,50,52388,F,Delhi,Happy
Employee_4215,58,110591,F,Pune,Sad
Employee_4216,23,48615,F,Mumbai,Happy
Employee_4217,48,67886,F,Nashik,Sad
Employee_4218,46,52838,M,Pune,Happy
Employee_4219,50,70728,M,Delhi,Happy
Employee_4220,33,146249,M,Delhi,Sad
Employee_4221,33,108000,M,Nashik,Sad
Employee_4222,22,82798,F,Pune,Happy
Employee_4223,57,135900,F,Nashik,Happy
Employee_4224,58,102776,M,Delhi,Sad
Employee_4225,22,100478,M,Mumbai,Sad
Employee_4226,56,49622,M,Mumbai,Happy
Employee_4227,46,43536,F,Nagpur,Happy
Employee_4228,31,97136,F,Delhi,Happy
Employee_4229,28,35700,F,Delhi,Sad
Employee_4230,42,68839,M,Nashik,Happy
Employee_4231,40,40248,M,Nagpur,Sad
Employee_4232,28,75291,M,Nagpur,Happy
Employee_4233,49,112629,F,Pune,Sad
Employee_4234,46,114891,F,Nashik,Happy
Employee_4235,50,47177,M,Mumbai,Sad
Employee_4236,37,49483,M,Pune,Sad
Employee_4237,40,73815,F,Nagpur,Happy
Employee_4238,36,68533,F,Mumbai,Sad
Employee_4239,27,30026,M,Delhi,Sad
Employee_4240,36,134997,M,Nashik,Sad
Employee_4241,47,90611,F,Nagpur,Happy
Employee_4242,43,117242,M,Delhi,Happy
Employee_4243,44,54660,M,Nagpur,Happy
Employee_4244,29,85103,F,Mumbai,Happy
Employee_4245,55,82253,M,Pune,Sad
Employee_4246,40,134913,F,Mumbai,Sad
Employee_4247,57,72082,M,Nashik,Happy
Employee_4248,37,46258,F,Nashik,Sad
Employee_4249,51,133613,M,Nagpur,Sad
Employee_4250,28,128315,M,Mumbai,Happy
Employee_4251,35,119690,M,Pune,Happy
Employee_4252,51,125220,F,Nashik,Sad
Employee_4253,50,45389,M,Pune,Happy
Employee_4254,40,121860,M,Delhi,Sad
Employee_4255,59,57685,F,Nagpur,Sad
Employee_4256,32,89220,M,Pune,Happy
Employee_4257,37,57195,F,Nagpur,Happy
Employee_4258,50,51797,F,Delhi,Sad
Employee_4259,49,141975,F,Pune,Happy
Employee_4260,39,101310,M,Pune,Sad
Employee_4261,31,127169,F,Delhi,Sad
Employee_4262,54,144867,M,Mumbai,Happy
Employee_4263,27,96332,F,Pune,Happy
Employee_4264,54,135583,M,Pune,Happy
Employee_4265,40,123925,F,Nashik,Happy
Employee_4266,58,92907,F,Mumbai,Sad
Employee_4267,44,37188,M,Pune,Happy
Employee_4268,30,53696,F,Delhi,Happy
Employee_4269,52,32024,M,Nagpur,Happy
Employee_4270,35,103202,F,Delhi,Sad
Employee_4271,57,65985,M,Mumbai,Happy
Employee_4272,40,36584,F,Nashik,Happy
Employee_4273,23,120998,F,Nashik,Happy
Employee_4274,57,57044,M,Nashik,Happy
Employee_4275,28,35285,F,Delhi,Happy
Employee_4276,43,93115,M,Nagpur,Sad
Employee_4277,31,37370,M,Nagpur,Sad
Employee_4278,28,47903,F,Pune,Sad
Employee_4279,49,62499,F,Nagpur,Happy
Employee_4280,50,127904,F,Nagpur,Happy
Employee_4281,30,52995,M,Pune,Sad
Employee_4282,59,135160,M,Delhi,Happy
Employee_4283,48,65200,F,Delhi,Sad
Employee_4284,56,118377,M,Mumbai,Happy
Employee_4285,33,100402,F,Delhi,Sad
Employee_4286,52,43566,F,Nashik,Sad
Employee_4287,56,67822,F,Nashik,Happy
Employee_4288,57,137412,M,Mumbai,Happy
Employee_4289,46,81222,M,Nagpur,Happy
Employee_4290,42,124088,F,Mumbai,Happy
Employee_4291,24,130085,M,Pune,Happy
Employee_4292,51,120450,F,Mumbai,Sad
Employee_4293,38,80668,F,Mumbai,Happy
Employee_4294,58,139366,M,Nashik,Sad
Employee_4295,44,140078,F,Pune,Happy
Employee_4296,43,93853,F,Pune,Sad
Employee_4297,42,84643,F,Mumbai,Sad
Employee_4298,22,52333,F,Pune,Sad
Employee_4299,51,45958,F,Pune,Happy
Employee_4300,31,82442,M,Delhi,Sad
Employee_4301,48,50954,M,Pune,Happy
Employee_4302,52,105174,F,Nagpur,Sad
Employee_4303,25,129683,M,Pune,Happy
Employee_4304,58,39675,F,Nashik,Sad
Employee_4305,30,119590,F,Delhi,Happy
Employee_4306,44,138570,F,Nashik,Happy
Employee_4307,55,61661,F,Nashik,Sad
Employee_4308,43,94289,M,Nagpur,Sad
Employee_4309,37,47184,M,Delhi,Happy
Employee_4310,21,77963,F,Mumbai,Sad
Employee_4311,51,55822,M,Pune,Happy
Employee_4312,51,92303,F,Nagpur,Happy
Employee_4313,54,106465,M,Nagpur,Sad
Employee_4314,29,35267,F,Mumbai,Happy
Employee_4315,42,82647,F,Nagpur,Sad
Employee_4316,33,92814,F,Mumbai,Happy
Employee_4317,45,66025,M,Mumbai,Happy
Employee_4318,38,107605,M,Mumbai,Happy
Employee_4319,32,30981,F,Nagpur,Happy
Employee_4320,37,73436,M,Mumbai,Sad
Employee_4321,35,48472,M,Nagpur,Happy
Employee_4322,35,49336,M,Delhi,Sad
Employee_4323,35,55587,M,Mumbai,Happy
Employee_4324,59,107192,M,Nagpur,Happy
Employee_4325,33,122862,M,Nagpur,Sad
Employee_4326,37,114046,M,Nagpur,Happy
Employee_4327,52,149500,M,Pune,Happy
Employee_4328,29,136367,M,Pune,Sad
Employee_4329,40,83013,M,Mumbai,Happy
Employee_4330,46,114511,M,Delhi,Happy
Employee_4331,47,39665,M,Mumbai,Happy
Employee_4332,41,57097,M,Nashik,Sad
Employee_4333,38,121277,F,Nashik,Sad
Employee_4334,33,82474,F,Delhi,Sad
Employee_4335,36,101973,M,Delhi,Sad
Employee_4336,29,55185,M,Delhi,Sad
Employee_4337,32,105911,M,Pune,Sad
Employee_4338,58,122643,F,Pune,Sad
Employee_4339,39,60484,F,Nashik,Sad
Employee_4340,27,131165,M,Delhi,Happy
Employee_4341,55,75610,M,Nagpur,Sad
Employee_4342,38,80807,M,Nashik,Happy
Employee_4343,36,80907,M,Delhi,Happy
Employee_4344,59,87389,M,Nagpur,Happy
Employee_4345,24,55835,F,Delhi,Happy
Employee_4346,45,125279,M,Mumbai,Happy
Employee_4347,52,126453,F,Nagpur,Sad
Employee_4348,33,134531,M,Mumbai,Sad
Employee_4349,37,83790,M,Pune,Happy
Employee_4350,57,106960,F,Nashik,Sad
Employee_4351,26,39643,F,Delhi,Sad
Employee_4352,39,105846,M,Nashik,Sad
Employee_4353,33,48951,F,Delhi,Sad
Employee_4354,46,122104,M,Mumbai,Sad
Employee_4355,34,45233,F,Nagpur,Happy
Employee_4356,51,43200,F,Nagpur,Happy
Employee_4357,24,82275,M,Delhi,Happy
Employee_4358,59,117084,M,Mumbai,Happy
Employee_4359,28,106068,F,Delhi,Happy
Employee_4360,45,119001,M,Delhi,Sad
Employee_4361,33,51291,F,Delhi,Sad
Employee_4362,52,72448,F,Nagpur,Happy
Employee_4363,58,60580,M,Delhi,Happy
Employee_4364,58,121685,F,Nagpur,Sad
Employee_4365,48,51346,M,Pune,Sad
Employee_4366,50,40619,M,Mumbai,Happy
Employee_4367,23,135454,F,Pune,Happy
Employee_4368,48,31766,M,Delhi,Sad
Employee_4369,23,33549,F,Nagpur,Sad
Employee_4370,54,48693,F,Mumbai,Happy
Employee_4371,36,92019,M,Nashik,Sad
Employee_4372,42,127458,M,Mumbai,Sad
Employee_4373,52,137938,F,Mumbai,Happy
Employee_4374,58,130280,M,Delhi,Sad
Employee_4375,28,78328,F,Pune,Happy
Employee_4376,28,107701,F,Pune,Sad
Employee_4377,26,119100,F,Nashik,Happy
Employee_4378,34,130794,F,Delhi,Sad
Employee_4379,52,55301,F,Mumbai,Sad
Employee_4380,55,74763,M,Pune,Happy
Employee_4381,30,50765,F,Pune,Happy
Employee_4382,23,74787,F,Nagpur,Sad
Employee_4383,32,37425,F,Mumbai,Happy
Employee_4384,51,42857,F,Delhi,Happy
Employee_4385,49,82771,F,Pune,Sad
Employee_4386,25,122999,F,Delhi,Sad
Employee_4387,45,52444,M,Mumbai,Sad
Employee_4388,51,71457,M,Mumbai,Happy
Employee_4389,41,132280,F,Pune,Sad
Employee_4390,40,109741,F,Nashik,Sad
Employee_4391,59,30704,F,Delhi,Happy
Employee_4392,42,35452,M,Delhi,Happy
Employee_4393,24,141153,F,Nagpur,Happy
Employee_4394,33,68862,F,Mumbai,Sad
Employee_4395,40,91471,F,Mumbai,Happy
Employee_4396,33,99217,F,Pune,Sad
Employee_4397,37,116058,F,Pune,Sad
Employee_4398,56,48300,F,Pune,Sad
Employee_4399,53,39566,M,Nagpur,Sad
Employee_4400,21,37501,F,Nashik,Happy
Employee_4401,35,31845,F,Pune,Happy
Employee_4402,33,149342,F,Pune,Happy
Employee_4403,37,69181,F,Pune,Happy
Employee_4404,44,87263,F,Nagpur,Sad
Employee_4405,28,136294,F,Delhi,Happy
Employee_4406,47,137932,F,Nashik,Sad
Employee_4407,43,108766,F,Delhi,Happy
Employee_4408,28,93038,F,Mumbai,Happy
Employee_4409,28,147778,M,Mumbai,Sad
Employee_4410,46,113290,M,Pune,Sad
Employee_4411,33,146616,M,Delhi,Sad
Employee_4412,59,64404,F,Nagpur,Happy
Employee_4413,57,52564,M,Nashik,Sad
Employee_4414,48,127898,M,Delhi,Happy
Employee_4415,45,87435,M,Delhi,Sad
Employee_4416,36,48227,M,Nashik,Happy
Employee_4417,22,120296,F,Delhi,Sad
Employee_4418,38,125259,M,Delhi,Sad
Employee_4419,37,77475,M,Nashik,Sad
Employee_4420,50,47215,F,Nagpur,Sad
Employee_4421,59,101074,M,Nashik,Happy
Employee_4422,33,51699,F,Pune,Happy
Employee_4423,52,138621,M,Pune,Happy
Employee_4424,49,42454,M,Pune,Happy
Employee_4425,50,78217,M,Pune,Sad
Employee_4426,38,136759,F,Mumbai,Sad
Employee_4427,33,51711,M,Nagpur,Happy
Employee_4428,41,45059,M,Mumbai,Happy
Employee_4429,50,78398,F,Delhi,Happy
Employee_4430,41,31286,M,Delhi,Happy
Employee_4431,37,64297,M,Nashik,Happy
Employee_4432,39,138304,M,Pune,Sad
Employee_4433,35,134959,M,Nashik,Sad
Employee_4434,29,130181,M,Delhi,Happy
Employee_4435,30,138245,F,Pune,Happy
Employee_4436,51,56485,F,Nagpur,Sad
Employee_4437,43,89967,F,Delhi,Happy
Employee_4438,50,127803,M,Nashik,Happy
Employee_4439,53,84583,M,Nashik,Sad
Employee_4440,29,81630,M,Delhi,Sad
Employee_4441,21,141359,M,Mumbai,Sad
Employee_4442,55,57086,M,Nagpur,Happy
Employee_4443,31,46484,F,Delhi,Happy
Employee_4444,54,98623,F,Delhi,Sad
Employee_4445,36,134132,F,Nashik,Happy
Employee_4446,29,89263,M,Pune,Happy
Employee_4447,52,48675,F,Pune,Happy
Employee_4448,35,90664,F,Pune,Happy
Employee_4449,32,54680,F,Nashik,Happy
Employee_4450,53,47077,F,Pune,Sad
Employee_4451,34,68174,M,Delhi,Happy
Employee_4452,28,106968,M,Mumbai,Sad
Employee_4453,28,33491,F,Mumbai,Sad
Employee_4454,47,76126,F,Mumbai,Happy
Employee_4455,32,141658,F,Pune,Sad
Employee_4456,21,33392,F,Mumbai,Sad
Employee_4457,31,92257,F,Pune,Happy
Employee_4458,59,97804,F,Delhi,Sad
Employee_4459,51,68400,F,Delhi,Happy
Employee_4460,37,66551,F,Nashik,Happy
Employee_4461,53,58088,F,Nashik,Sad
Employee_4462,52,110015,M,Nagpur,Happy
Employee_4463,49,55465,F,Delhi,Sad
Employee_4464,41,78155,M,Pune,Sad
Employee_4465,41,117893,M,Nagpur,Happy
Employee_4466,43,35969,F,Delhi,Happy
Employee_4467,26,38981,F,Pune,Happy
Employee_4468,42,51032,M,Delhi,Happy
Employee_4469,58,84091,M,Delhi,Happy
Employee_4470,57,137154,F,Pune,Happy
Employee_4471,28,54408,M,Delhi,Happy
Employee_4472,55,54241,F,Delhi,Happy
Employee_4473,31,77940,F,Delhi,Happy
Employee_4474,44,112938,M,Nashik,Happy
Employee_4475,41,81105,F,Mumbai,Sad
Employee_4476,22,121302,M,Delhi,Sad
Employee_4477,39,91050,F,Pune,Happy
Employee_4478,59,33657,F,Delhi,Happy
Employee_4479,48,51230,M,Nashik,Happy
Employee_4480,37,48680,M,Nashik,Happy
Employee_4481,26,112694,F,Delhi,Happy
Employee_4482,39,114731,F,Nagpur,Sad
Employee_4483,58,72340,M,Mumbai,Happy
Employee_4484,48,65950,F,Pune,Happy
Employee_4485,22,108515,M,Pune,Sad
Employee_4486,58,37867,M,Pune,Happy
Employee_4487,57,110691,M,Pune,Happy
Employee_4488,24,108542,F,Nashik,Sad
Employee_4489,42,34329,M,Mumbai,Happy
Employee_4490,46,118087,F,Delhi,Happy
Employee_4491,56,65865,M,Delhi,Sad
Employee_4492,33,96940,F,Nagpur,Happy
Employee_4493,52,67869,F,Delhi,Sad
Employee_4494,37,96905,M,Mumbai,Happy
Employee_4495,56,134969,M,Delhi,Sad
Employee_4496,39,113984,M,Nashik,Sad
Employee_4497,55,131069,F,Delhi,Happy
Employee_4498,48,147505,F,Pune,Sad
Employee_4499,21,119711,F,Pune,Sad
Employee_4500,38,96252,M,Pune,Happy
Employee_4501,53,109386,M,Pune,Sad
Employee_4502,32,148728,M,Nashik,Sad
Employee_4503,28,31711,M,Nashik,Happy
Employee_4504,44,55801,M,Nashik,Sad
Employee_4505,36,117287,F,Delhi,Happy
Employee_4506,24,134565,M,Pune,Sad
Employee_4507,58,144696,F,Nagpur,Sad
Employee_4508,47,120709,M,Nagpur,Sad
Employee_4509,29,83270,M,Pune,Sad
Employee_4510,36,101622,M,Mumbai,Happy
Employee_4511,32,85535,M,Delhi,Sad
Employee_4512,51,142666,M,Nagpur,Happy
Employee_4513,44,106759,F,Nashik,Happy
Employee_4514,34,46220,M,Mumbai,Sad
Employee_4515,45,43392,F,Nashik,Happy
Employee_4516,54,115587,F,Mumbai,Sad
Employee_4517,23,32246,F,Mumbai,Happy
Employee_4518,44,50010,F,Delhi,Sad
Employee_4519,29,98358,M,Nashik,Happy
Employee_4520,46,120203,M,Nashik,Happy
Employee_4521,40,47234,M,Nagpur,Sad
Employee_4522,30,126190,M,Pune,Sad
Employee_4523,39,145795,M,Pune,Happy
Employee_4524,23,79451,F,Nagpur,Happy
Employee_4525,44,105205,M,Mumbai,Happy
Employee_4526,25,51784,M,Nagpur,Happy
Employee_4527,23,59672,F,Nagpur,Happy
Employee_4528,47,31082,M,Nashik,Happy
Employee_4529,36,41148,M,Nagpur,Sad
Employee_4530,35,57494,F,Mumbai,Sad
Employee_4531,55,136471,M,Pune,Sad
Employee_4532,32,105093,F,Delhi,Happy
Employee_4533,46,81952,F,Nagpur,Happy
Employee_4534,54,140032,M,Nagpur,Sad
Employee_4535,43,66719,F,Nashik,Sad
Employee_4536,51,142981,M,Nashik,Sad
Employee_4537,40,78737,M,Nagpur,Sad
Employee_4538,32,89453,M,Nagpur,Sad
Employee_4539,43,137271,F,Mumbai,Sad
Employee_4540,24,69536,F,Pune,Sad
Employee_4541,43,80604,F,Pune,Sad
Employee_4542,21,80833,F,Delhi,Happy
Employee_4543,45,44039,F,Pune,Sad
Employee_4544,22,97839,F,Delhi,Sad
Employee_4545,50,77931,F,Nashik,Sad
Employee_4546,23,69925,F,Delhi,Happy
Employee_4547,41,81003,F,Delhi,Sad
Employee_4548,45,113817,F,Pune,Happy
Employee_4549,40,78897,F,Nagpur,Happy
Employee_4550,42,117745,M,Nashik,Happy
Employee_4551,41,123709,F,Mumbai,Happy
Employee_4552,53,72287,M,Delhi,Happy
Employee_4553,58,120726,M,Delhi,Sad
Employee_4554,35,63012,M,Delhi,Sad
Employee_4555,35,137252,M,Nagpur,Happy
Employee_4556,45,71783,F,Mumbai,Happy
Employee_4557,41,139323,M,Pune,Happy
Employee_4558,44,115727,M,Nashik,Happy
Employee_4559,25,98315,M,Nagpur,Happy
Employee_4560,26,113766,F,Mumbai,Sad
Employee_4561,43,76491,M,Nashik,Happy
Employee_4562,24,118941,M,Pune,Happy
Employee_4563,47,88584,F,Nashik,Happy
Employee_4564,38,42803,F,Delhi,Sad
Employee_4565,41,79625,F,Delhi,Sad
Employee_4566,48,148819,F,Nagpur,Sad
Employee_4567,55,123361,F,Nashik,Happy
Employee_4568,42,43698,F,Delhi,Happy
Employee_4569,43,64560,F,Nagpur,Sad
Employee_4570,23,45376,F,Nagpur,Sad
Employee_4571,30,113654,F,Nagpur,Sad
Employee_4572,45,43117,M,Pune,Happy
Employee_4573,28,135519,F,Delhi,Happy
Employee_4574,31,86381,M,Delhi,Sad
Employee_4575,25,67956,M,Mumbai,Sad
Employee_4576,57,78786,F,Pune,Happy
Employee_4577,58,143005,F,Delhi,Sad
Employee_4578,49,133585,F,Delhi,Happy
Employee_4579,25,117778,F,Mumbai,Sad
Employee_4580,29,96480,M,Nashik,Happy
Employee_4581,22,61695,M,Nashik,Happy
Employee_4582,21,31511,F,Pune,Sad
Employee_4583,50,83233,M,Nagpur,Happy
Employee_4584,31,141022,F,Mumbai,Happy
Employee_4585,48,52502,M,Mumbai,Sad
Employee_4586,32,80010,M,Delhi,Happy
Employee_4587,59,148248,F,Delhi,Sad
Employee_4588,46,120341,F,Mumbai,Happy
Employee_4589,33,122529,M,Nagpur,Sad
Employee_4590,28,103905,F,Nashik,Happy
Employee_4591,48,140424,M,Pune,Happy
Employee_4592,50,76489,F,Nashik,Sad
Employee_4593,29,130919,F,Pune,Sad
Employee_4594,59,113533,F,Nagpur,Happy
Employee_4595,51,111165,F,Mumbai,Sad
Employee_4596,41,61949,F,Nagpur,Sad
Employee_4597,54,98376,F,Mumbai,Happy
Employee_4598,51,109587,F,Delhi,Sad
Employee_4599,45,123059,M,Pune,Happy
Employee_4600,32,97310,F,Delhi,Sad
Employee_4601,21,108798,M,Mumbai,Happy
Employee_4602,42,99407,F,Pune,Sad
Employee_4603,57,103809,M,Pune,Happy
Employee_4604,21,47229,F,Delhi,Happy
Employee_4605,21,57385,F,Pune,Sad
Employee_4606,41,72176,M,Mumbai,Sad
Employee_4607,35,124825,F,Mumbai,Happy
Employee_4608,37,33260,F,Delhi,Sad
Employee_4609,42,127555,F,Nagpur,Happy
Employee_4610,58,33145,F,Mumbai,Happy
Employee_4611,55,127289,F,Mumbai,Sad
Employee_4612,36,37802,M,Pune,Sad
Employee_4613,28,32263,F,Pune,Sad
Employee_4614,37,56913,M,Mumbai,Happy
Employee_4615,37,87788,M,Delhi,Sad
Employee_4616,46,38155,M,Nagpur,Sad
Employee_4617,33,30922,M,Pune,Sad
Employee_4618,37,102231,M,Pune,Happy
Employee_4619,58,50672,M,Nagpur,Sad
Employee_4620,37,68526,M,Pune,Sad
Employee_4621,34,75344,M,Delhi,Happy
Employee_4622,26,49014,F,Pune,Sad
Employee_4623,55,103352,M,Pune,Happy
Employee_4624,34,121279,F,Mumbai,Sad
Employee_4625,28,70324,M,Delhi,Happy
Employee_4626,35,144529,M,Delhi,Happy
Employee_4627,47,124075,F,Mumbai,Happy
Employee_4628,33,125638,M,Nashik,Sad
Employee_4629,51,68698,F,Nagpur,Sad
Employee_4630,55,107169,M,Delhi,Happy
Employee_4631,26,53384,F,Nashik,Sad
Employee_4632,25,33512,F,Nagpur,Sad
Employee_4633,42,36066,M,Delhi,Sad
Employee_4634,43,61500,M,Pune,Happy
Employee_4635,45,108743,M,Delhi,Sad
Employee_4636,54,115642,M,Nagpur,Happy
Employee_4637,46,109858,F,Nashik,Happy
Employee_4638,25,84800,F,Pune,Sad
Employee_4639,46,93140,F,Nagpur,Sad
Employee_4640,40,130364,F,Nagpur,Happy
Employee_4641,26,142317,F,Delhi,Sad
Employee_4642,26,114954,F,Mumbai,Sad
Employee_4643,38,32387,F,Mumbai,Happy
Employee_4644,24,86160,M,Pune,Sad
Employee_4645,37,89241,M,Nagpur,Happy
Employee_4646,34,103567,M,Nashik,Happy
Employee_4647,34,31799,M,Pune,Sad
Employee_4648,33,149095,M,Pune,Happy
Employee_4649,27,65548,M,Delhi,Sad
Employee_4650,35,63895,M,Nashik,Sad
Employee_4651,39,120450,M,Nagpur,Sad
Employee_4652,55,135669,F,Nagpur,Happy
Employee_4653,37,110171,M,Nagpur,Happy
Employee_4654,55,70379,M,Pune,Happy
Employee_4655,39,75414,M,Delhi,Sad
Employee_4656,40,103071,F,Pune,Sad
Employee_4657,56,142808,M,Mumbai,Happy
Employee_4658,55,137668,F,Mumbai,Sad
Employee_4659,52,98344,F,Nagpur,Sad
Employee_4660,44,108591,M,Delhi,Happy
Employee_4661,37,123141,F,Nagpur,Happy
Employee_4662,27,122201,M,Nagpur,Happy
Employee_4663,21,128303,M,Pune,Sad
Employee_4664,55,34297,M,Nagpur,Sad
Employee_4665,52,139513,F,Nagpur,Sad
Employee_4666,56,116479,M,Delhi,Happy
Employee_4667,33,128752,M,Delhi,Happy
Employee_4668,26,35008,M,Delhi,Happy
Employee_4669,34,116813,F,Nagpur,Happy
Employee_4670,57,145481,F,Delhi,Sad
Employee_4671,35,46820,F,Delhi,Happy
Employee_4672,24,101548,F,Nashik,Sad
Employee_4673,36,52253,M,Nashik,Happy
Employee_4674,48,59202,M,Mumbai,Sad
Employee_4675,36,59236,F,Pune,Happy
Employee_4676,24,97156,M,Pune,Sad
Employee_4677,46,141888,F,Delhi,Sad
Employee_4678,48,90263,M,Mumbai,Happy
Employee_4679,52,148996,M,Mumbai,Sad
Employee_4680,22,129252,F,Nashik,Happy
Employee_4681,51,148632,F,Mumbai,Sad
Employee_4682,23,104855,M,Nagpur,Happy
Employee_4683,28,46575,F,Delhi,Happy
Employee_4684,44,42204,M,Nagpur,Happy
Employee_4685,35,41952,M,Pune,Sad
Employee_4686,51,113323,M,Nashik,Sad
Employee_4687,29,81142,M,Nagpur,Happy
Employee_4688,59,63872,F,Delhi,Sad
Employee_4689,22,59376,M,Nagpur,Happy
Employee_4690,28,96084,M,Nagpur,Sad
Employee_4691,27,41640,M,Mumbai,Happy
Employee_4692,59,56437,F,Nashik,Happy
Employee_4693,36,117681,M,Pune,Happy
Employee_4694,55,37903,F,Delhi,Happy
Employee_4695,50,113704,F,Delhi,Happy
Employee_4696,30,56863,F,Pune,Sad
Employee_4697,58,73381,F,Delhi,Sad
Employee_4698,38,58548,F,Mumbai,Sad
Employee_4699,25,79956,F,Nagpur,Sad
Employee_4700,49,104526,F,Mumbai,Happy
Employee_4701,59,41467,M,Mumbai,Happy
Employee_4702,54,87954,M,Mumbai,Happy
Employee_4703,43,53901,F,Pune,Sad
Employee_4704,25,85983,F,Nashik,Happy
Employee_4705,50,53301,F,Pune,Sad
Employee_4706,26,132542,M,Pune,Sad
Employee_4707,24,115180,F,Mumbai,Sad
Employee_4708,49,99903,M,Nashik,Happy
Employee_4709,43,133955,M,Pune,Sad
Employee_4710,26,46204,F,Nashik,Sad
Employee_4711,52,49755,M,Mumbai,Sad
Employee_4712,38,89817,F,Pune,Sad
Employee_4713,35,32093,F,Nashik,Sad
Employee_4714,52,99537,F,Delhi,Happy
Employee_4715,29,126319,M,Pune,Sad
Employee_4716,57,52940,F,Pune,Sad
Employee_4717,30,103346,M,Pune,Sad
Employee_4718,40,74040,F,Nashik,Happy
Employee_4719,26,67322,F,Nagpur,Sad
Employee_4720,23,121544,F,Pune,Happy
Employee_4721,31,114437,F,Delhi,Sad
Employee_4722,37,122969,F,Delhi,Happy
Employee_4723,52,137001,M,Mumbai,Happy
Employee_4724,24,117725,F,Nagpur,Happy
Employee_4725,24,145784,F,Nagpur,Sad
Employee_4726,37,140675,F,Nashik,Sad
Employee_4727,39,124266,M,Mumbai,Sad
Employee_4728,25,39236,F,Nashik,Sad
Employee_4729,52,142073,F,Mumbai,Happy
Employee_4730,42,102597,F,Nagpur,Sad
Employee_4731,26,114124,F,Nashik,Sad
Employee_4732,55,33902,M,Mumbai,Happy
Employee_4733,42,129656,F,Nagpur,Happy
Employee_4734,21,64364,M,Nagpur,Happy
Employee_4735,40,137071,M,Pune,Happy
Employee_4736,42,128983,M,Nashik,Sad
Employee_4737,31,124410,M,Pune,Sad
Employee_4738,33,50096,F,Nagpur,Happy
Employee_4739,23,42020,F,Nashik,Happy
Employee_4740,29,88473,M,Nashik,Sad
Employee_4741,32,140400,M,Delhi,Happy
Employee_4742,43,74153,M,Mumbai,Happy
Employee_4743,34,71277,F,Delhi,Happy
Employee_4744,53,117221,M,Delhi,Sad
Employee_4745,38,68502,M,Nagpur,Sad
Employee_4746,29,45675,M,Mumbai,Sad
Employee_4747,43,54365,M,Delhi,Happy
Employee_4748,30,117812,M,Delhi,Sad
Employee_4749,39,148384,F,Nashik,Happy
Employee_4750,25,108229,M,Nagpur,Sad
Employee_4751,43,119049,F,Delhi,Happy
Employee_4752,50,82148,F,Mumbai,Happy
Employee_4753,45,119157,F,Pune,Sad
Employee_4754,48,119247,F,Pune,Sad
Employee_4755,54,135711,F,Nagpur,Happy
Employee_4756,45,140090,M,Pune,Happy
Employee_4757,30,123321,F,Nashik,Happy
Employee_4758,34,98078,F,Nashik,Happy
Employee_4759,50,112598,M,Mumbai,Happy
Employee_4760,45,100902,F,Nagpur,Sad
Employee_4761,34,56465,M,Nagpur,Happy
Employee_4762,55,62286,M,Pune,Sad
Employee_4763,54,84795,M,Delhi,Sad
Employee_4764,30,70178,M,Delhi,Sad
Employee_4765,55,138139,M,Delhi,Sad
Employee_4766,31,109183,F,Mumbai,Happy
Employee_4767,31,133845,M,Nagpur,Sad
Employee_4768,41,79986,M,Pune,Sad
Employee_4769,41,73201,F,Mumbai,Sad
Employee_4770,42,73315,F,Nashik,Happy
Employee_4771,27,105396,F,Nashik,Sad
Employee_4772,37,85178,F,Nashik,Sad
Employee_4773,22,40745,M,Nagpur,Sad
Employee_4774,32,102354,F,Nashik,Happy
Employee_4775,38,109637,M,Delhi,Happy
Employee_4776,31,35028,F,Nashik,Happy
Employee_4777,36,128261,F,Mumbai,Sad
Employee_4778,38,78566,F,Nashik,Happy
Employee_4779,55,73722,F,Delhi,Happy
Employee_4780,46,116623,F,Nashik,Happy
Employee_4781,36,141074,M,Pune,Sad
Employee_4782,26,104974,M,Delhi,Happy
Employee_4783,32,113692,M,Nagpur,Sad
Employee_4784,33,114084,F,Nashik,Sad
Employee_4785,24,69879,M,Mumbai,Sad
Employee_4786,59,54767,F,Nashik,Sad
Employee_4787,22,147523,F,Mumbai,Happy
Employee_4788,46,147353,M,Pune,Happy
Employee_4789,47,134417,M,Nagpur,Sad
Employee_4790,47,98099,F,Delhi,Sad
Employee_4791,35,78657,F,Delhi,Sad
Employee_4792,28,38498,M,Nagpur,Sad
Employee_4793,27,103667,F,Pune,Happy
Employee_4794,32,55107,M,Pune,Happy
Employee_4795,33,58793,M,Nashik,Sad
Employee_4796,37,32696,F,Pune,Happy
Employee_4797,37,83839,F,Nashik,Happy
Employee_4798,56,119241,F,Mumbai,Happy
Employee_4799,41,53397,F,Nagpur,Happy
Employee_4800,28,37704,M,Mumbai,Sad
Employee_4801,25,46442,F,Mumbai,Happy
Employee_4802,46,93788,M,Mumbai,Sad
Employee_4803,36,39765,M,Mumbai,Happy
Employee_4804,56,145828,F,Delhi,Happy
Employee_4805,48,40002,M,Pune,Sad
Employee_4806,49,41390,F,Nagpur,Happy
Employee_4807,32,74436,F,Nagpur,Sad
Employee_4808,57,114482,M,Mumbai,Happy
Employee_4809,50,147540,M,Nagpur,Sad
Employee_4810,43,144548,M,Nashik,Happy
Employee_4811,36,36641,F,Nagpur,Sad
Employee_4812,34,63709,F,Mumbai,Happy
Employee_4813,30,141119,M,Nagpur,Sad
Employee_4814,27,69309,F,Pune,Happy
Employee_4815,57,45624,F,Mumbai,Sad
Employee_4816,49,39966,M,Delhi,Sad
Employee_4817,23,119350,F,Pune,Happy
Employee_4818,35,64189,M,Nagpur,Sad
Employee_4819,56,101301,M,Delhi,Sad
Employee_4820,39,125758,M,Pune,Happy
Employee_4821,33,145123,F,Nashik,Happy
Employee_4822,41,47223,M,Pune,Happy
Employee_4823,57,132305,M,Delhi,Sad
Employee_4824,47,108183,M,Nashik,Sad
Employee_4825,49,133552,M,Nagpur,Happy
Employee_4826,40,34959,F,Mumbai,Sad
Employee_4827,45,57257,M,Nagpur,Happy
Employee_4828,26,127520,F,Mumbai,Sad
Employee_4829,56,80802,M,Mumbai,Happy
Employee_4830,22,117748,F,Delhi,Sad
Employee_4831,42,146949,F,Nashik,Happy
Employee_4832,52,57215,F,Nashik,Happy
Employee_4833,36,85046,F,Pune,Happy
Employee_4834,38,132193,M,Nagpur,Sad
Employee_4835,25,124593,M,Delhi,Sad
Employee_4836,56,64094,F,Nagpur,Sad
Employee_4837,50,68669,F,Pune,Happy
Employee_4838,39,66126,F,Pune,Sad
Employee_4839,43,129889,M,Delhi,Sad
Employee_4840,54,109036,F,Pune,Happy
Employee_4841,33,139864,F,Delhi,Happy
Employee_4842,49,46772,M,Pune,Happy
Employee_4843,56,78586,M,Nashik,Happy
Employee_4844,42,81943,M,Delhi,Sad
Employee_4845,56,98868,M,Nashik,Happy
Employee_4846,29,79855,M,Nashik,Sad
Employee_4847,59,52218,M,Delhi,Happy
Employee_4848,39,131124,F,Nagpur,Sad
Employee_4849,58,111008,F,Mumbai,Happy
Employee_4850,26,87205,M,Pune,Happy
Employee_4851,35,34959,F,Pune,Happy
Employee_4852,40,112979,M,Nagpur,Happy
Employee_4853,29,75134,F,Mumbai,Happy
Employee_4854,52,55874,M,Nagpur,Sad
Employee_4855,24,31301,M,Mumbai,Sad
Employee_4856,38,88017,F,Delhi,Sad
Employee_4857,25,73319,F,Delhi,Sad
Employee_4858,40,119616,M,Nashik,Sad
Employee_4859,43,116219,M,Nashik,Happy
Employee_4860,31,125192,M,Delhi,Happy
Employee_4861,57,52455,M,Nashik,Sad
Employee_4862,42,34112,M,Delhi,Sad
Employee_4863,24,87033,M,Nagpur,Sad
Employee_4864,49,141067,F,Pune,Sad
Employee_4865,54,140078,F,Delhi,Sad
Employee_4866,33,88360,F,Delhi,Happy
Employee_4867,29,112418,F,Delhi,Sad
Employee_4868,51,62145,F,Nashik,Happy
Employee_4869,27,136924,M,Nashik,Sad
Employee_4870,24,62735,M,Nashik,Happy
Employee_4871,39,102781,F,Nashik,Sad
Employee_4872,50,140135,M,Nagpur,Sad
Employee_4873,51,97641,F,Delhi,Happy
Employee_4874,55,138049,F,Nagpur,Happy
Employee_4875,41,51711,M,Nashik,Happy
Employee_4876,51,35630,M,Nagpur,Sad
Employee_4877,39,95488,F,Delhi,Sad
Employee_4878,51,33206,F,Delhi,Sad
Employee_4879,52,86289,F,Nashik,Sad
Employee_4880,22,48953,F,Delhi,Happy
Employee_4881,30,130932,M,Nagpur,Happy
Employee_4882,22,40068,F,Mumbai,Happy
Employee_4883,22,108930,M,Delhi,Happy
Employee_4884,44,85916,F,Nagpur,Happy
Employee_4885,37,31067,F,Nagpur,Happy
Employee_4886,52,80658,M,Nagpur,Happy
Employee_4887,36,82165,M,Delhi,Sad
Employee_4888,36,110781,M,Mumbai,Sad
Employee_4889,59,39859,M,Nashik,Happy
Employee_4890,51,59164,M,Nashik,Happy
Employee_4891,44,134946,F,Delhi,Sad
Employee_4892,21,110913,F,Delhi,Happy
Employee_4893,31,132370,F,Pune,Sad
Employee_4894,41,129251,M,Mumbai,Sad
Employee_4895,24,50773,M,Nagpur,Happy
Employee_4896,27,87295,M,Nagpur,Sad
Employee_4897,46,63939,F,Nashik,Sad
Employee_4898,32,78599,M,Delhi,Sad
Employee_4899,51,36114,F,Mumbai,Happy
Employee_4900,37,128475,F,Nashik,Happy
Employee_4901,53,42818,F,Mumbai,Sad
Employee_4902,31,39335,M,Delhi,Happy
Employee_4903,48,138355,F,Nagpur,Sad
Employee_4904,52,85008,F,Pune,Sad
Employee_4905,21,101745,F,Mumbai,Happy
Employee_4906,48,73148,M,Nagpur,Sad
Employee_4907,27,33577,F,Mumbai,Sad
Employee_4908,22,103916,M,Mumbai,Sad
Employee_4909,44,34076,M,Mumbai,Sad
Employee_4910,24,62925,F,Delhi,Sad
Employee_4911,39,136081,F,Nashik,Sad
Employee_4912,46,81869,M,Mumbai,Sad
Employee_4913,31,89314,F,Delhi,Happy
Employee_4914,31,71205,M,Pune,Happy
Employee_4915,23,41095,M,Nashik,Sad
Employee_4916,32,143583,M,Delhi,Happy
Employee_4917,23,114715,F,Pune,Sad
Employee_4918,47,135504,M,Nashik,Sad
Employee_4919,22,86680,M,Delhi,Sad
Employee_4920,36,58400,F,Pune,Sad
Employee_4921,22,114297,F,Delhi,Happy
Employee_4922,50,143151,M,Pune,Sad
Employee_4923,40,137345,M,Mumbai,Sad
Employee_4924,58,97346,M,Mumbai,Happy
Employee_4925,48,117110,F,Nashik,Happy
Employee_4926,45,58562,M,Pune,Happy
Employee_4927,52,70663,M,Mumbai,Happy
Employee_4928,30,48510,F,Nashik,Happy
Employee_4929,53,91608,F,Nagpur,Happy
Employee_4930,33,102489,M,Mumbai,Sad
Employee_4931,57,82182,F,Mumbai,Sad
Employee_4932,36,134627,M,Delhi,Happy
Employee_4933,42,117667,M,Nagpur,Happy
Employee_4934,40,56883,F,Pune,Sad
Employee_4935,47,133909,M,Nashik,Happy
Employee_4936,36,101427,M,Nagpur,Happy
Employee_4937,54,65844,F,Pune,Happy
Employee_4938,52,48728,M,Mumbai,Sad
Employee_4939,46,128923,F,Nashik,Happy
Employee_4940,45,41094,M,Nashik,Sad
Employee_4941,22,32407,F,Nagpur,Sad
Employee_4942,32,85412,F,Delhi,Sad
Employee_4943,29,42644,F,Pune,Happy
Employee_4944,32,131308,F,Nagpur,Happy
Employee_4945,46,115834,F,Delhi,Sad
Employee_4946,29,138982,F,Delhi,Sad
Employee_4947,30,90746,M,Delhi,Happy
Employee_4948,52,82748,M,Nashik,Sad
Employee_4949,54,89021,F,Pune,Happy
Employee_4950,40,92651,M,Pune,Sad
Employee_4951,59,66807,F,Nagpur,Happy
Employee_4952,22,64072,F,Mumbai,Happy
Employee_4953,21,68398,M,Nagpur,Sad
Employee_4954,56,58669,F,Pune,Sad
Employee_4955,44,60161,M,Nashik,Happy
Employee_4956,47,37282,F,Nagpur,Sad
Employee_4957,22,56539,F,Mumbai,Sad
Employee_4958,51,33307,M,Nagpur,Sad
Employee_4959,34,47745,F,Delhi,Happy
Employee_4960,22,69433,F,Mumbai,Sad
Employee_4961,49,132598,F,Delhi,Sad
Employee_4962,35,64555,M,Nashik,Sad
Employee_4963,32,31073,M,Pune,Sad
Employee_4964,57,62683,M,Nagpur,Happy
Employee_4965,48,55741,M,Nagpur,Sad
Employee_4966,40,52286,M,Delhi,Happy
Employee_4967,59,33599,F,Delhi,Happy
Employee_4968,44,57293,M,Pune,Sad
Employee_4969,41,45389,M,Nagpur,Sad
Employee_4970,30,139649,F,Pune,Happy
Employee_4971,34,42318,F,Delhi,Sad
Employee_4972,57,78875,M,Delhi,Sad
Employee_4973,38,33055,F,Mumbai,Happy
Employee_4974,44,112579,F,Delhi,Sad
Employee_4975,34,36320,F,Delhi,Sad
Employee_4976,54,134817,M,Pune,Sad
Employee_4977,32,34642,F,Mumbai,Happy
Employee_4978,42,122694,F,Mumbai,Sad
Employee_4979,26,39321,M,Nagpur,Happy
Employee_4980,56,109968,F,Nashik,Happy
Employee_4981,56,118293,F,Nagpur,Happy
Employee_4982,42,89618,M,Nagpur,Sad
Employee_4983,34,132770,M,Nagpur,Sad
Employee_4984,36,56044,M,Mumbai,Happy
Employee_4985,56,51971,F,Pune,Happy
Employee_4986,45,139762,M,Delhi,Sad
Employee_4987,52,144183,M,Mumbai,Sad
Employee_4988,53,147159,F,Delhi,Happy
Employee_4989,56,55727,F,Delhi,Sad
Employee_4990,40,52559,F,Nashik,Happy
Employee_4991,38,103820,F,Nagpur,Happy
Employee_4992,58,139062,F,Nashik,Sad
Employee_4993,23,113201,M,Nagpur,Sad
Employee_4994,43,57476,M,Mumbai,Sad
Employee_4995,52,92683,M,Delhi,Happy
Employee_4996,36,40991,F,Nashik,Sad
Employee_4997,25,115097,M,Mumbai,Sad
Employee_4998,24,100047,F,Mumbai,Happy
Employee_4999,41,40796,F,Nagpur,Happy
Employee_5000,34,33881,M,Delhi,Sad
Employee_5001,59,45668,M,Nagpur,Sad
Employee_5002,51,130717,F,Nagpur,Happy
Employee_5003,34,64312,F,Mumbai,Happy
Employee_5004,26,58106,M,Nagpur,Sad
Employee_5005,32,122758,M,Pune,Sad
Employee_5006,36,45729,F,Delhi,Happy
Employee_5007,37,100320,F,Nagpur,Sad
Employee_5008,43,84913,F,Nagpur,Happy
Employee_5009,34,87026,F,Nashik,Happy
Employee_5010,27,89402,M,Delhi,Sad
Employee_5011,52,133930,M,Delhi,Sad
Employee_5012,35,67282,F,Nagpur,Happy
Employee_5013,37,129449,F,Pune,Happy
Employee_5014,54,104638,M,Nashik,Happy
Employee_5015,25,139802,F,Pune,Sad
Employee_5016,47,68218,F,Nagpur,Happy
Employee_5017,43,47950,F,Delhi,Happy
Employee_5018,34,89739,F,Delhi,Happy
Employee_5019,35,147693,F,Pune,Sad
Employee_5020,53,34507,F,Mumbai,Happy
Employee_5021,51,76303,M,Nagpur,Sad
Employee_5022,55,132552,F,Delhi,Sad
Employee_5023,37,109059,M,Mumbai,Happy
Employee_5024,48,54667,M,Delhi,Happy
Employee_5025,39,33992,M,Delhi,Happy
Employee_5026,43,136826,F,Mumbai,Sad
Employee_5027,52,103563,F,Pune,Happy
Employee_5028,33,117680,F,Nagpur,Sad
Employee_5029,40,55530,M,Mumbai,Sad
Employee_5030,55,140276,M,Mumbai,Sad
Employee_5031,25,45305,F,Delhi,Sad
Employee_5032,29,139097,F,Mumbai,Sad
Employee_5033,49,82129,M,Nagpur,Sad
Employee_5034,26,117267,M,Pune,Happy
Employee_5035,45,116209,M,Pune,Happy
Employee_5036,51,128833,F,Pune,Sad
Employee_5037,42,82044,M,Nagpur,Sad
Employee_5038,22,121378,M,Delhi,Happy
Employee_5039,25,119363,M,Nagpur,Happy
Employee_5040,47,88817,F,Mumbai,Happy
Employee_5041,45,133038,F,Nashik,Happy
Employee_5042,28,76666,F,Nashik,Sad
Employee_5043,21,56173,M,Nashik,Happy
Employee_5044,40,48909,M,Pune,Sad
Employee_5045,43,93967,M,Nagpur,Sad
Employee_5046,52,61007,M,Nagpur,Happy
Employee_5047,31,42985,F,Pune,Happy
Employee_5048,59,148449,M,Mumbai,Sad
Employee_5049,44,52525,M,Nashik,Sad
Employee_5050,31,142293,F,Nashik,Sad
Employee_5051,49,131046,M,Pune,Sad
Employee_5052,46,67403,M,Nashik,Happy
Employee_5053,36,67193,M,Delhi,Happy
Employee_5054,55,136965,F,Nagpur,Happy
Employee_5055,40,33830,M,Nashik,Happy
Employee_5056,23,86144,F,Nashik,Happy
Employee_5057,21,30533,M,Delhi,Sad
Employee_5058,21,142554,F,Mumbai,Sad
Employee_5059,37,50946,F,Mumbai,Happy
Employee_5060,22,53504,F,Delhi,Happy
Employee_5061,49,140551,M,Mumbai,Sad
Employee_5062,40,85715,M,Pune,Sad
Employee_5063,26,58255,F,Delhi,Happy
Employee_5064,28,86441,F,Nagpur,Happy
Employee_5065,49,66855,M,Nagpur,Sad
Employee_5066,53,71721,F,Nagpur,Happy
Employee_5067,23,141597,M,Nashik,Happy
Employee_5068,55,71850,M,Delhi,Sad
Employee_5069,25,130659,F,Delhi,Sad
Employee_5070,47,64723,F,Mumbai,Sad
Employee_5071,32,65739,M,Delhi,Happy
Employee_5072,40,35539,M,Delhi,Sad
Employee_5073,40,103029,M,Mumbai,Happy
Employee_5074,29,94509,F,Delhi,Sad
Employee_5075,59,146360,M,Delhi,Happy
Employee_5076,24,131140,F,Pune,Happy
Employee_5077,39,51311,F,Mumbai,Sad
Employee_5078,58,133243,M,Pune,Happy
Employee_5079,47,99180,F,Nashik,Happy
Employee_5080,33,146985,F,Mumbai,Sad
Employee_5081,33,115981,F,Delhi,Happy
Employee_5082,42,65934,F,Delhi,Sad
Employee_5083,48,39511,M,Pune,Happy
Employee_5084,42,30183,M,Pune,Sad
Employee_5085,39,39475,F,Nashik,Sad
Employee_5086,28,114766,F,Nashik,Happy
Employee_5087,28,93130,F,Delhi,Sad
Employee_5088,46,89577,F,Nagpur,Sad
Employee_5089,46,56008,F,Nashik,Happy
Employee_5090,43,106868,M,Delhi,Sad
Employee_5091,33,77941,M,Nashik,Sad
Employee_5092,48,72756,M,Mumbai,Sad
Employee_5093,29,100258,M,Pune,Sad
Employee_5094,40,110730,F,Delhi,Happy
Employee_5095,39,122167,F,Nashik,Sad
Employee_5096,59,57912,M,Pune,Sad
Employee_5097,32,112702,M,Nagpur,Sad
Employee_5098,35,80659,M,Nashik,Happy
Employee_5099,51,76840,F,Delhi,Happy
Employee_5100,34,111512,F,Mumbai,Sad
Employee_5101,31,68623,F,Pune,Sad
Employee_5102,46,93303,M,Pune,Happy
Employee_5103,47,76062,M,Mumbai,Sad
Employee_5104,31,86690,F,Delhi,Sad
Employee_5105,58,107582,F,Nagpur,Sad
Employee_5106,54,128980,F,Mumbai,Sad
Employee_5107,39,53634,M,Nagpur,Happy
Employee_5108,26,34090,F,Delhi,Happy
Employee_5109,58,75266,F,Nashik,Happy
Employee_5110,48,60008,M,Nashik,Happy
Employee_5111,21,117643,F,Delhi,Happy
Employee_5112,55,88704,F,Nagpur,Sad
Employee_5113,28,141081,F,Mumbai,Happy
Employee_5114,27,92866,F,Delhi,Sad
Employee_5115,31,147374,M,Delhi,Happy
Employee_5116,59,38382,F,Nashik,Sad
Employee_5117,24,77774,M,Mumbai,Happy
Employee_5118,45,104570,F,Nashik,Happy
Employee_5119,32,104062,M,Nagpur,Sad
Employee_5120,46,119609,F,Nagpur,Sad
Employee_5121,58,76698,F,Pune,Sad
Employee_5122,32,31110,M,Delhi,Happy
Employee_5123,57,145266,F,Mumbai,Happy
Employee_5124,44,111981,F,Mumbai,Sad
Employee_5125,36,30386,M,Nashik,Happy
Employee_5126,33,88513,F,Nashik,Sad
Employee_5127,45,114120,F,Mumbai,Happy
Employee_5128,24,141210,F,Nashik,Sad
Employee_5129,31,129987,F,Pune,Sad
Employee_5130,52,77801,F,Delhi,Happy
Employee_5131,27,144012,M,Pune,Sad
Employee_5132,31,126085,M,Nagpur,Happy
Employee_5133,48,101857,F,Mumbai,Happy
Employee_5134,43,119976,F,Pune,Happy
Employee_5135,43,61566,M,Pune,Sad
Employee_5136,48,136982,M,Nashik,Sad
Employee_5137,46,62521,M,Nashik,Sad
Employee_5138,45,140228,M,Nashik,Happy
Employee_5139,49,53798,M,Nagpur,Happy
Employee_5140,39,43565,M,Pune,Sad
Employee_5141,53,53027,F,Delhi,Happy
Employee_5142,56,137036,F,Nashik,Happy
Employee_5143,34,127631,F,Nagpur,Happy
Employee_5144,34,35631,F,Nagpur,Sad
Employee_5145,55,119865,F,Nashik,Sad
Employee_5146,50,138556,M,Mumbai,Sad
Employee_5147,48,86878,M,Pune,Happy
Employee_5148,37,75206,M,Nashik,Happy
Employee_5149,23,133473,M,Delhi,Sad
Employee_5150,36,88582,M,Pune,Sad
Employee_5151,50,88334,M,Nagpur,Sad
Employee_5152,49,102323,F,Delhi,Happy
Employee_5153,35,83619,F,Pune,Sad
Employee_5154,45,133536,M,Delhi,Sad
Employee_5155,58,56875,F,Nagpur,Sad
Employee_5156,58,54514,M,Nashik,Happy
Employee_5157,43,52580,F,Delhi,Sad
Employee_5158,45,115827,M,Nashik,Happy
Employee_5159,27,34288,M,Nagpur,Sad
Employee_5160,42,36734,F,Nagpur,Happy
Employee_5161,37,113000,M,Delhi,Sad
Employee_5162,38,69008,F,Delhi,Sad
Employee_5163,30,79349,F,Nagpur,Happy
Employee_5164,30,37814,M,Delhi,Sad
Employee_5165,27,73154,M,Delhi,Sad
Employee_5166,58,37851,M,Delhi,Sad
Employee_5167,47,31600,F,Delhi,Sad
Employee_5168,53,86614,F,Pune,Happy
Employee_5169,21,102402,M,Nagpur,Happy
Employee_5170,54,33692,M,Nagpur,Happy
Employee_5171,24,88027,M,Mumbai,Happy
Employee_5172,37,147771,M,Nashik,Happy
Employee_5173,24,50373,M,Mumbai,Happy
Employee_5174,46,128636,M,Delhi,Happy
Employee_5175,24,142013,M,Delhi,Happy
Employee_5176,21,92805,F,Pune,Sad
Employee_5177,27,142413,F,Pune,Sad
Employee_5178,50,110383,M,Pune,Happy
Employee_5179,29,44507,M,Pune,Happy
Employee_5180,55,92931,F,Pune,Happy
Employee_5181,28,105499,M,Pune,Sad
Employee_5182,44,101642,F,Pune,Happy
Employee_5183,39,102869,F,Pune,Happy
Employee_5184,56,144362,M,Pune,Happy
Employee_5185,47,127449,F,Nagpur,Happy
Employee_5186,52,126819,F,Pune,Sad
Employee_5187,34,69423,M,Nashik,Happy
Employee_5188,38,133612,M,Pune,Sad
Employee_5189,48,125351,F,Delhi,Sad
Employee_5190,49,116120,M,Delhi,Sad
Employee_5191,36,147409,F,Pune,Happy
Employee_5192,55,120918,F,Pune,Sad
Employee_5193,51,96600,F,Delhi,Happy
Employee_5194,24,71848,F,Nashik,Happy
Employee_5195,57,139419,F,Mumbai,Happy
Employee_5196,37,36820,F,Nagpur,Happy
Employee_5197,59,38512,M,Delhi,Happy
Employee_5198,46,66725,M,Pune,Happy
Employee_5199,59,81534,M,Nagpur,Happy
Employee_5200,24,115151,M,Pune,Happy
Employee_5201,50,69776,F,Mumbai,Sad
Employee_5202,50,90945,F,Mumbai,Happy
Employee_5203,42,144348,F,Delhi,Sad
Employee_5204,31,113420,F,Nagpur,Happy
Employee_5205,22,77455,F,Nagpur,Sad
Employee_5206,32,113488,M,Mumbai,Sad
Employee_5207,50,82433,M,Pune,Happy
Employee_5208,56,39711,M,Delhi,Sad
Employee_5209,38,89262,F,Nashik,Happy
Employee_5210,46,116009,F,Mumbai,Sad
Employee_5211,27,113785,M,Mumbai,Happy
Employee_5212,21,39597,F,Delhi,Sad
Employee_5213,46,90067,F,Pune,Sad
Employee_5214,43,117520,M,Nagpur,Happy
Employee_5215,46,78022,F,Mumbai,Sad
Employee_5216,26,111924,M,Delhi,Happy
Employee_5217,26,142673,M,Delhi,Happy
Employee_5218,28,136263,M,Delhi,Sad
Employee_5219,44,145856,M,Nagpur,Sad
Employee_5220,42,48782,F,Mumbai,Sad
Employee_5221,39,81782,F,Delhi,Happy
Employee_5222,57,102144,F,Nagpur,Happy
Employee_5223,38,128651,M,Pune,Happy
Employee_5224,51,85013,F,Nashik,Happy
Employee_5225,57,140716,M,Mumbai,Sad
Employee_5226,50,138309,F,Nagpur,Happy
Employee_5227,53,148030,F,Nashik,Happy
Employee_5228,30,102036,M,Nashik,Sad
Employee_5229,57,65342,F,Nagpur,Sad
Employee_5230,32,115745,M,Nagpur,Sad
Employee_5231,50,50977,M,Nagpur,Happy
Employee_5232,47,133576,F,Delhi,Sad
Employee_5233,59,87396,F,Pune,Sad
Employee_5234,29,144836,F,Delhi,Happy
Employee_5235,41,136998,F,Nashik,Happy
Employee_5236,32,80021,M,Nashik,Happy
Employee_5237,49,99057,M,Nashik,Happy
Employee_5238,53,148559,F,Nagpur,Sad
Employee_5239,35,96836,F,Mumbai,Happy
Employee_5240,22,57075,F,Delhi,Sad
Employee_5241,59,119515,M,Mumbai,Sad
Employee_5242,38,60802,F,Pune,Happy
Employee_5243,23,107761,M,Pune,Happy
Employee_5244,27,107017,F,Delhi,Happy
Employee_5245,38,116753,F,Nashik,Happy
Employee_5246,58,140349,M,Pune,Sad
Employee_5247,57,85822,M,Mumbai,Happy
Employee_5248,53,81603,F,Mumbai,Happy
Employee_5249,51,132689,M,Nagpur,Sad
Employee_5250,31,110291,M,Nashik,Sad
Employee_5251,24,120450,F,Nagpur,Sad
Employee_5252,38,65592,M,Delhi,Happy
Employee_5253,24,86006,M,Pune,Sad
Employee_5254,54,56269,F,Nagpur,Sad
Employee_5255,49,134268,F,Nagpur,Sad
Employee_5256,44,80138,M,Delhi,Happy
Employee_5257,42,92398,F,Mumbai,Sad
Employee_5258,22,120091,M,Mumbai,Happy
Employee_5259,26,49874,M,Delhi,Sad
Employee_5260,45,87228,M,Mumbai,Sad
Employee_5261,41,92670,F,Delhi,Sad
Employee_5262,36,132071,M,Mumbai,Sad
Employee_5263,51,141880,M,Delhi,Sad
Employee_5264,34,140572,M,Mumbai,Sad
Employee_5265,59,146694,F,Nagpur,Happy
Employee_5266,48,37925,F,Nagpur,Happy
Employee_5267,52,33107,F,Mumbai,Happy
Employee_5268,48,116388,M,Delhi,Sad
Employee_5269,29,125719,M,Nagpur,Happy
Employee_5270,42,148018,F,Pune,Sad
Employee_5271,52,57617,M,Mumbai,Happy
Employee_5272,25,104258,M,Pune,Sad
Employee_5273,43,80075,M,Pune,Happy
Employee_5274,25,52631,M,Nashik,Sad
Employee_5275,52,92444,F,Pune,Sad
Employee_5276,30,127158,F,Pune,Happy
Employee_5277,59,146584,F,Nashik,Sad
Employee_5278,35,37883,M,Nashik,Happy
Employee_5279,27,49708,M,Nashik,Happy
Employee_5280,49,76221,F,Delhi,Happy
Employee_5281,23,47197,F,Nashik,Happy
Employee_5282,39,51134,F,Delhi,Sad
Employee_5283,30,135922,M,Mumbai,Happy
Employee_5284,48,63550,F,Delhi,Sad
Employee_5285,49,44642,M,Mumbai,Sad
Employee_5286,35,50439,F,Nashik,Sad
Employee_5287,55,127779,M,Nashik,Happy
Employee_5288,26,136093,M,Mumbai,Sad
Employee_5289,32,54583,F,Nagpur,Sad
Employee_5290,58,123885,M,Delhi,Happy
Employee_5291,33,109538,M,Pune,Sad
Employee_5292,49,92014,F,Nashik,Sad
Employee_5293,39,49523,F,Delhi,Sad
Employee_5294,23,140285,F,Delhi,Sad
Employee_5295,28,100543,M,Nashik,Sad
Employee_5296,28,115971,M,Mumbai,Happy
Employee_5297,40,135879,F,Nashik,Happy
Employee_5298,24,120629,F,Delhi,Happy
Employee_5299,41,147878,M,Nagpur,Happy
Employee_5300,23,144488,F,Mumbai,Happy
Employee_5301,28,106830,F,Nashik,Sad
Employee_5302,43,133941,M,Pune,Happy
Employee_5303,36,75538,M,Nashik,Sad
Employee_5304,33,77310,F,Delhi,Sad
Employee_5305,23,40908,M,Delhi,Happy
Employee_5306,29,145266,M,Pune,Happy
Employee_5307,34,87290,F,Mumbai,Sad
Employee_5308,33,83634,F,Delhi,Sad
Employee_5309,27,42699,F,Mumbai,Happy
Employee_5310,35,130169,M,Mumbai,Happy
Employee_5311,27,96912,F,Nashik,Sad
Employee_5312,58,44255,M,Mumbai,Sad
Employee_5313,54,109183,F,Delhi,Happy
Employee_5314,42,90282,M,Delhi,Happy
Employee_5315,44,88249,M,Nagpur,Happy
Employee_5316,57,68176,F,Mumbai,Sad
Employee_5317,21,38163,M,Nagpur,Sad
Employee_5318,30,84210,F,Nashik,Sad
Employee_5319,36,134587,F,Nagpur,Sad
Employee_5320,28,130280,M,Mumbai,Happy
Employee_5321,45,101979,M,Delhi,Happy
Employee_5322,32,108860,M,Nashik,Sad
Employee_5323,45,51143,F,Mumbai,Sad
Employee_5324,37,135899,F,Nashik,Happy
Employee_5325,46,34920,F,Pune,Sad
Employee_5326,34,146575,F,Mumbai,Happy
Employee_5327,56,112911,F,Pune,Happy
Employee_5328,43,67996,F,Nagpur,Sad
Employee_5329,26,41748,M,Mumbai,Sad
Employee_5330,25,124071,F,Pune,Happy
Employee_5331,45,111251,F,Delhi,Happy
Employee_5332,38,77252,F,Nagpur,Sad
Employee_5333,33,93179,F,Mumbai,Sad
Employee_5334,34,36450,M,Mumbai,Sad
Employee_5335,48,82756,M,Delhi,Happy
Employee_5336,38,80235,M,Delhi,Sad
Employee_5337,48,120546,F,Pune,Happy
Employee_5338,47,30020,F,Pune,Happy
Employee_5339,52,110253,F,Pune,Sad
Employee_5340,29,142884,M,Nashik,Happy
Employee_5341,52,138421,F,Nagpur,Sad
Employee_5342,40,39664,F,Mumbai,Sad
Employee_5343,48,96635,M,Nagpur,Sad
Employee_5344,53,53225,M,Delhi,Sad
Employee_5345,24,98173,F,Nagpur,Sad
Employee_5346,54,136885,M,Nagpur,Happy
Employee_5347,23,136048,F,Pune,Sad
Employee_5348,46,115333,F,Delhi,Happy
Employee_5349,28,70225,M,Nagpur,Sad
Employee_5350,26,40807,F,Mumbai,Sad
Employee_5351,36,113274,M,Pune,Sad
Employee_5352,44,36402,M,Nagpur,Sad
Employee_5353,59,34521,F,Delhi,Happy
Employee_5354,50,93165,M,Mumbai,Sad
Employee_5355,33,149813,F,Delhi,Sad
Employee_5356,25,144693,F,Delhi,Sad
Employee_5357,45,38382,M,Delhi,Happy
Employee_5358,40,140996,M,Nashik,Sad
Employee_5359,38,132657,M,Mumbai,Happy
Employee_5360,38,45065,F,Delhi,Sad
Employee_5361,22,115470,F,Nashik,Sad
Employee_5362,30,44425,F,Pune,Sad
Employee_5363,32,43111,F,Nashik,Sad
Employee_5364,33,70799,F,Pune,Sad
Employee_5365,31,83257,F,Nashik,Sad
Employee_5366,39,91177,F,Delhi,Sad
Employee_5367,55,111046,M,Nashik,Happy
Employee_5368,59,67851,F,Nashik,Sad
Employee_5369,46,38816,F,Delhi,Sad
Employee_5370,34,107853,M,Pune,Happy
Employee_5371,44,32175,F,Delhi,Sad
Employee_5372,21,41341,F,Mumbai,Sad
Employee_5373,42,93908,M,Nashik,Happy
Employee_5374,43,55654,F,Mumbai,Sad
Employee_5375,39,90895,M,Delhi,Sad
Employee_5376,38,89696,F,Delhi,Happy
Employee_5377,32,87889,F,Nagpur,Happy
Employee_5378,48,117144,M,Mumbai,Sad
Employee_5379,48,113115,M,Nagpur,Happy
Employee_5380,53,60194,F,Mumbai,Happy
Employee_5381,39,64837,F,Nagpur,Happy
Employee_5382,48,98894,M,Nagpur,Sad
Employee_5383,57,114358,F,Mumbai,Sad
Employee_5384,46,71576,M,Delhi,Happy
Employee_5385,55,132548,M,Pune,Happy
Employee_5386,54,49727,M,Delhi,Happy
Employee_5387,55,64579,F,Pune,Happy
Employee_5388,36,126554,F,Mumbai,Sad
Employee_5389,58,46555,F,Nashik,Sad
Employee_5390,33,83294,M,Delhi,Sad
Employee_5391,43,79777,F,Nagpur,Sad
Employee_5392,42,35906,M,Delhi,Happy
Employee_5393,36,70751,M,Mumbai,Sad
Employee_5394,48,99599,F,Nashik,Happy
Employee_5395,55,138750,F,Nashik,Happy
Employee_5396,28,104180,M,Delhi,Happy
Employee_5397,42,137914,F,Delhi,Happy
Employee_5398,41,103678,M,Delhi,Sad
Employee_5399,46,61644,F,Mumbai,Happy
Employee_5400,41,63521,M,Pune,Happy
Employee_5401,45,41564,F,Pune,Happy
Employee_5402,21,135155,M,Nagpur,Happy
Employee_5403,26,100640,F,Mumbai,Sad
Employee_5404,43,57299,M,Nashik,Happy
Employee_5405,43,77958,M,Nagpur,Sad
Employee_5406,43,86078,M,Nashik,Happy
Employee_5407,52,43421,M,Nashik,Sad
Employee_5408,50,118747,M,Delhi,Happy
Employee_5409,33,41202,M,Nashik,Happy
Employee_5410,38,139407,F,Nashik,Sad
Employee_5411,43,72185,M,Mumbai,Sad
Employee_5412,35,136663,M,Delhi,Sad
Employee_5413,53,33685,F,Delhi,Happy
Employee_5414,41,120197,F,Nagpur,Sad
Employee_5415,59,72637,M,Delhi,Sad
Employee_5416,43,48366,F,Pune,Happy
Employee_5417,47,133248,F,Mumbai,Sad
Employee_5418,38,54276,M,Nagpur,Happy
Employee_5419,44,110946,M,Pune,Happy
Employee_5420,27,78239,F,Nashik,Sad
Employee_5421,40,105214,F,Pune,Happy
Employee_5422,47,54575,F,Nagpur,Happy
Employee_5423,26,71401,F,Delhi,Happy
Employee_5424,47,71230,F,Mumbai,Happy
Employee_5425,29,109424,F,Nagpur,Sad
Employee_5426,51,112263,M,Pune,Sad
Employee_5427,41,144507,F,Pune,Happy
Employee_5428,46,98617,M,Nagpur,Sad
Employee_5429,33,53021,M,Nagpur,Happy
Employee_5430,43,39449,F,Nagpur,Sad
Employee_5431,40,45657,M,Delhi,Sad
Employee_5432,57,65059,F,Nagpur,Happy
Employee_5433,48,31532,M,Nashik,Happy
Employee_5434,37,132666,F,Mumbai,Happy
Employee_5435,48,80805,M,Mumbai,Happy
Employee_5436,22,111551,F,Nashik,Sad
Employee_5437,45,67756,M,Pune,Happy
Employee_5438,26,101880,F,Pune,Sad
Employee_5439,31,136734,M,Pune,Sad
Employee_5440,58,143997,M,Pune,Happy
Employee_5441,26,104642,M,Delhi,Sad
Employee_5442,31,64206,F,Nashik,Happy
Employee_5443,34,82168,F,Mumbai,Happy
Employee_5444,22,143123,F,Nashik,Sad
Employee_5445,23,105188,F,Mumbai,Happy
Employee_5446,55,54550,F,Pune,Happy
Employee_5447,53,36389,M,Delhi,Happy
Employee_5448,44,117897,F,Nagpur,Sad
Employee_5449,39,65847,F,Nagpur,Sad
Employee_5450,38,134599,M,Pune,Happy
Employee_5451,44,109239,F,Pune,Happy
Employee_5452,55,48642,F,Nashik,Sad
Employee_5453,21,136862,F,Delhi,Sad
Employee_5454,56,147679,F,Delhi,Happy
Employee_5455,45,66509,F,Nashik,Sad
Employee_5456,54,109417,F,Delhi,Happy
Employee_5457,45,79237,M,Delhi,Happy
Employee_5458,36,45414,F,Nagpur,Happy
Employee_5459,54,93176,F,Delhi,Sad
Employee_5460,49,109865,F,Pune,Sad
Employee_5461,39,147181,M,Nagpur,Sad
Employee_5462,43,92059,M,Pune,Happy
Employee_5463,39,79150,M,Pune,Sad
Employee_5464,45,118367,M,Nashik,Sad
Employee_5465,36,71091,F,Delhi,Happy
Employee_5466,29,103124,M,Delhi,Sad
Employee_5467,21,30903,F,Delhi,Happy
Employee_5468,39,139952,F,Delhi,Happy
Employee_5469,53,84235,F,Nagpur,Sad
Employee_5470,54,88565,M,Mumbai,Sad
Employee_5471,36,85342,F,Pune,Happy
Employee_5472,38,72723,M,Mumbai,Sad
Employee_5473,54,65572,F,Mumbai,Sad
Employee_5474,45,47610,M,Mumbai,Sad
Employee_5475,26,64052,M,Nagpur,Happy
Employee_5476,41,128993,F,Mumbai,Happy
Employee_5477,26,117063,F,Nagpur,Sad
Employee_5478,52,67550,F,Nashik,Happy
Employee_5479,59,84033,M,Nashik,Sad
Employee_5480,51,59011,M,Nashik,Sad
Employee_5481,30,132811,M,Nagpur,Sad
Employee_5482,50,64764,F,Nagpur,Sad
Employee_5483,38,127540,M,Pune,Happy
Employee_5484,44,83533,F,Mumbai,Sad
Employee_5485,29,54064,M,Delhi,Happy
Employee_5486,51,79581,M,Delhi,Happy
Employee_5487,35,58702,M,Mumbai,Sad
Employee_5488,24,115701,F,Delhi,Sad
Employee_5489,29,38631,F,Delhi,Happy
Employee_5490,29,117388,F,Delhi,Sad
Employee_5491,46,100043,M,Nagpur,Sad
Employee_5492,24,96063,M,Nagpur,Happy
Employee_5493,37,58981,M,Nagpur,Happy
Employee_5494,36,65764,M,Mumbai,Happy
Employee_5495,35,131771,F,Nashik,Sad
Employee_5496,55,80513,M,Delhi,Sad
Employee_5497,25,143076,M,Pune,Happy
Employee_5498,25,129007,F,Nagpur,Happy
Employee_5499,40,96198,F,Pune,Sad
Employee_5500,35,54940,F,Delhi,Happy
Employee_5501,38,137418,M,Nashik,Happy
Employee_5502,22,101792,F,Pune,Sad
Employee_5503,49,58432,M,Delhi,Happy
Employee_5504,33,38367,F,Delhi,Sad
Employee_5505,24,141764,M,Nagpur,Happy
Employee_5506,30,133601,M,Nashik,Sad
Employee_5507,51,55511,M,Delhi,Sad
Employee_5508,28,38573,M,Nashik,Happy
Employee_5509,23,45582,M,Nagpur,Happy
Employee_5510,29,35378,M,Pune,Happy
Employee_5511,50,95296,F,Mumbai,Sad
Employee_5512,31,43500,M,Mumbai,Happy
Employee_5513,55,95841,M,Mumbai,Sad
Employee_5514,57,51881,M,Nashik,Happy
Employee_5515,33,100233,M,Mumbai,Sad
Employee_5516,56,81542,F,Pune,Happy
Employee_5517,33,95285,M,Delhi,Sad
Employee_5518,32,89547,M,Nashik,Sad
Employee_5519,57,92151,F,Pune,Sad
Employee_5520,30,37222,M,Nashik,Sad
Employee_5521,29,37933,F,Nashik,Sad
Employee_5522,27,113385,M,Nashik,Sad
Employee_5523,22,119772,M,Nagpur,Happy
Employee_5524,43,139767,F,Delhi,Sad
Employee_5525,59,128706,F,Mumbai,Happy
Employee_5526,59,108437,F,Nagpur,Happy
Employee_5527,41,36940,M,Delhi,Happy
Employee_5528,43,144326,F,Mumbai,Happy
Employee_5529,49,114590,F,Nagpur,Happy
Employee_5530,34,136399,M,Nagpur,Happy
Employee_5531,46,89145,M,Pune,Happy
Employee_5532,25,73610,M,Nagpur,Sad
Employee_5533,51,87520,F,Nashik,Happy
Employee_5534,45,34544,M,Nagpur,Happy
Employee_5535,51,120854,F,Nashik,Sad
Employee_5536,40,84812,F,Delhi,Sad
Employee_5537,37,101610,F,Delhi,Happy
Employee_5538,22,81500,F,Nashik,Sad
Employee_5539,45,69618,M,Pune,Happy
Employee_5540,33,149090,M,Pune,Sad
Employee_5541,59,129054,F,Delhi,Happy
Employee_5542,48,55444,F,Nagpur,Sad
Employee_5543,26,115982,M,Delhi,Happy
Employee_5544,23,124079,M,Delhi,Sad
Employee_5545,55,86586,F,Nashik,Happy
Employee_5546,38,54789,F,Pune,Sad
Employee_5547,31,31617,F,Nashik,Sad
Employee_5548,40,130834,F,Delhi,Sad
Employee_5549,25,33333,F,Mumbai,Sad
Employee_5550,39,70002,M,Nagpur,Sad
Employee_5551,42,93620,F,Delhi,Happy
Employee_5552,39,117688,M,Nashik,Happy
Employee_5553,36,119627,F,Mumbai,Happy
Employee_5554,44,30511,M,Mumbai,Sad
Employee_5555,24,142850,F,Delhi,Sad
Employee_5556,35,67850,M,Pune,Sad
Employee_5557,45,112172,M,Mumbai,Happy
Employee_5558,55,116053,F,Nagpur,Happy
Employee_5559,34,61786,F,Nashik,Happy
Employee_5560,39,104356,M,Nashik,Sad
Employee_5561,58,66244,M,Nashik,Sad
Employee_5562,56,104714,M,Delhi,Sad
Employee_5563,27,97261,F,Nashik,Happy
Employee_5564,50,48477,M,Nashik,Sad
Employee_5565,39,76533,F,Nagpur,Sad
Employee_5566,45,64469,F,Pune,Sad
Employee_5567,36,38496,F,Delhi,Happy
Employee_5568,28,42270,F,Delhi,Happy
Employee_5569,38,106008,F,Nashik,Happy
Employee_5570,48,50724,F,Nagpur,Sad
Employee_5571,36,60416,M,Mumbai,Sad
Employee_5572,39,65575,M,Nashik,Happy
Employee_5573,37,111190,F,Nashik,Sad
Employee_5574,33,106614,M,Delhi,Sad
Employee_5575,27,123566,M,Delhi,Sad
Employee_5576,47,103108,F,Nashik,Happy
Employee_5577,30,47408,M,Delhi,Happy
Employee_5578,54,49359,F,Nagpur,Happy
Employee_5579,56,38698,F,Mumbai,Sad
Employee_5580,45,100392,F,Mumbai,Happy
Employee_5581,26,123063,F,Mumbai,Happy
Employee_5582,44,69492,M,Nashik,Happy
Employee_5583,38,104781,M,Nashik,Happy
Employee_5584,43,73634,F,Nashik,Happy
Employee_5585,26,147255,M,Nagpur,Sad
Employee_5586,49,72864,F,Mumbai,Sad
Employee_5587,45,124482,F,Delhi,Sad
Employee_5588,37,67355,M,Delhi,Sad
Employee_5589,44,67690,M,Pune,Sad
Employee_5590,31,67814,F,Pune,Sad
Employee_5591,46,61645,M,Delhi,Happy
Employee_5592,54,114814,F,Mumbai,Sad
Employee_5593,48,102739,F,Nashik,Sad
Employee_5594,23,86630,M,Delhi,Sad
Employee_5595,31,78171,F,Delhi,Sad
Employee_5596,58,51658,M,Pune,Sad
Employee_5597,34,138132,F,Mumbai,Sad
Employee_5598,46,45797,F,Delhi,Sad
Employee_5599,41,88799,F,Nashik,Sad
Employee_5600,59,148301,F,Nashik,Happy
Employee_5601,50,128342,F,Nagpur,Sad
Employee_5602,28,126494,M,Nashik,Sad
Employee_5603,40,82236,F,Delhi,Sad
Employee_5604,52,36265,M,Delhi,Sad
Employee_5605,42,102134,M,Nashik,Sad
Employee_5606,27,130719,M,Pune,Happy
Employee_5607,29,112678,F,Mumbai,Happy
Employee_5608,21,83494,M,Delhi,Happy
Employee_5609,49,82268,M,Nashik,Happy
Employee_5610,28,145452,M,Nashik,Happy
Employee_5611,24,56998,F,Delhi,Sad
Employee_5612,55,121426,F,Nagpur,Happy
Employee_5613,23,124414,F,Mumbai,Happy
Employee_5614,27,91339,F,Delhi,Happy
Employee_5615,47,44306,M,Nashik,Happy
Employee_5616,21,94006,F,Nagpur,Sad
Employee_5617,47,148717,M,Delhi,Sad
Employee_5618,36,77345,F,Mumbai,Happy
Employee_5619,58,41885,M,Nagpur,Sad
Employee_5620,27,139681,F,Nashik,Sad
Employee_5621,43,73826,F,Pune,Sad
Employee_5622,31,85597,F,Mumbai,Sad
Employee_5623,53,37443,F,Nagpur,Happy
Employee_5624,56,127375,M,Delhi,Sad
Employee_5625,57,146005,F,Delhi,Sad
Employee_5626,37,47084,F,Nagpur,Happy
Employee_5627,55,119447,F,Delhi,Happy
Employee_5628,25,34383,M,Nagpur,Sad
Employee_5629,52,122313,F,Mumbai,Happy
Employee_5630,23,64361,F,Delhi,Happy
Employee_5631,55,110294,M,Mumbai,Happy
Employee_5632,34,91331,M,Nashik,Happy
Employee_5633,51,125057,M,Nashik,Sad
Employee_5634,51,50529,F,Nashik,Happy
Employee_5635,37,88574,M,Nashik,Sad
Employee_5636,44,118627,F,Delhi,Happy
Employee_5637,43,135330,M,Nagpur,Sad
Employee_5638,38,126917,F,Delhi,Happy
Employee_5639,34,130916,M,Delhi,Happy
Employee_5640,35,60932,M,Mumbai,Happy
Employee_5641,35,139633,M,Nagpur,Sad
Employee_5642,26,31908,F,Pune,Sad
Employee_5643,47,135258,M,Pune,Happy
Employee_5644,35,143489,F,Nagpur,Happy
Employee_5645,56,60358,M,Pune,Happy
Employee_5646,28,60412,M,Nagpur,Sad
Employee_5647,35,113710,M,Mumbai,Sad
Employee_5648,23,111032,F,Mumbai,Sad
Employee_5649,33,32928,F,Delhi,Sad
Employee_5650,54,95158,F,Pune,Happy
Employee_5651,44,60632,M,Nagpur,Sad
Employee_5652,52,62309,F,Mumbai,Sad
Employee_5653,52,39280,F,Delhi,Happy
Employee_5654,50,70449,M,Pune,Happy
Employee_5655,33,117171,M,Pune,Sad
Employee_5656,21,56957,F,Pune,Sad
Employee_5657,54,66895,F,Mumbai,Happy
Employee_5658,35,100499,M,Mumbai,Sad
Employee_5659,34,123057,F,Pune,Happy
Employee_5660,49,128151,M,Mumbai,Sad
Employee_5661,54,140065,M,Pune,Sad
Employee_5662,38,141858,F,Nashik,Sad
Employee_5663,27,51695,F,Mumbai,Happy
Employee_5664,49,104893,M,Nagpur,Sad
Employee_5665,51,93123,F,Mumbai,Happy
Employee_5666,45,55176,M,Pune,Happy
Employee_5667,58,48409,F,Nagpur,Sad
Employee_5668,34,86967,M,Delhi,Sad
Employee_5669,28,30987,F,Nagpur,Sad
Employee_5670,47,84462,F,Nagpur,Happy
Employee_5671,22,97501,M,Mumbai,Sad
Employee_5672,37,135620,F,Nagpur,Happy
Employee_5673,57,126854,M,Nagpur,Happy
Employee_5674,34,56015,F,Pune,Sad
Employee_5675,45,124727,F,Mumbai,Sad
Employee_5676,50,142350,F,Pune,Sad
Employee_5677,49,96404,F,Mumbai,Sad
Employee_5678,40,146751,M,Delhi,Happy
Employee_5679,41,80281,M,Nagpur,Sad
Employee_5680,42,67146,F,Mumbai,Happy
Employee_5681,55,78231,M,Nagpur,Sad
Employee_5682,57,59032,M,Nagpur,Happy
Employee_5683,36,58305,F,Nashik,Happy
Employee_5684,37,84306,M,Pune,Happy
Employee_5685,36,118176,M,Mumbai,Happy
Employee_5686,22,48318,F,Delhi,Sad
Employee_5687,24,43246,F,Nashik,Sad
Employee_5688,41,63844,F,Pune,Sad
Employee_5689,59,62602,F,Delhi,Sad
Employee_5690,54,51584,M,Delhi,Happy
Employee_5691,50,146327,F,Nagpur,Sad
Employee_5692,26,45169,M,Pune,Happy
Employee_5693,37,55968,M,Nashik,Happy
Employee_5694,59,36385,F,Mumbai,Happy
Employee_5695,45,103758,M,Mumbai,Happy
Employee_5696,25,145391,M,Nashik,Happy
Employee_5697,25,55444,M,Nagpur,Happy
Employee_5698,40,133784,F,Nagpur,Happy
Employee_5699,36,136081,M,Delhi,Happy
Employee_5700,57,92497,F,Pune,Happy
Employee_5701,29,35362,F,Delhi,Happy
Employee_5702,25,129254,M,Mumbai,Happy
Employee_5703,22,38250,M,Nashik,Sad
Employee_5704,29,98354,F,Pune,Happy
Employee_5705,56,66368,F,Nashik,Sad
Employee_5706,42,74109,F,Pune,Happy
Employee_5707,42,110589,F,Mumbai,Happy
Employee_5708,42,87645,F,Mumbai,Happy
Employee_5709,54,86997,M,Pune,Happy
Employee_5710,49,57426,F,Nagpur,Happy
Employee_5711,58,147632,M,Pune,Sad
Employee_5712,53,142637,F,Mumbai,Sad
Employee_5713,38,69023,M,Nashik,Happy
Employee_5714,27,89267,F,Delhi,Happy
Employee_5715,21,54892,M,Nashik,Happy
Employee_5716,53,89232,M,Mumbai,Sad
Employee_5717,21,149952,F,Nashik,Sad
Employee_5718,44,139211,M,Nagpur,Happy
Employee_5719,24,124897,F,Nagpur,Happy
Employee_5720,24,89225,F,Pune,Happy
Employee_5721,38,46007,M,Nashik,Sad
Employee_5722,47,109777,M,Nashik,Happy
Employee_5723,52,74858,F,Mumbai,Happy
Employee_5724,53,75073,F,Pune,Happy
Employee_5725,48,119438,F,Pune,Sad
Employee_5726,56,120042,M,Nashik,Happy
Employee_5727,26,113098,M,Delhi,Happy
Employee_5728,36,50239,F,Nashik,Happy
Employee_5729,54,92969,M,Nashik,Sad
Employee_5730,43,43065,M,Nashik,Sad
Employee_5731,44,140951,M,Nagpur,Happy
Employee_5732,33,71291,F,Pune,Sad
Employee_5733,38,68805,F,Nagpur,Happy
Employee_5734,33,128831,M,Delhi,Sad
Employee_5735,57,48443,M,Mumbai,Happy
Employee_5736,59,39290,F,Delhi,Happy
Employee_5737,37,30211,M,Pune,Happy
Employee_5738,35,113634,F,Mumbai,Sad
Employee_5739,38,49072,F,Delhi,Sad
Employee_5740,43,73290,F,Pune,Sad
Employee_5741,50,115186,F,Delhi,Happy
Employee_5742,54,45115,F,Mumbai,Sad
Employee_5743,24,35149,F,Mumbai,Happy
Employee_5744,23,71992,F,Delhi,Sad
Employee_5745,27,47716,M,Nagpur,Happy
Employee_5746,38,127724,F,Delhi,Happy
Employee_5747,27,43621,M,Delhi,Happy
Employee_5748,26,36820,M,Delhi,Happy
Employee_5749,42,143065,M,Nagpur,Sad
Employee_5750,21,72800,F,Nashik,Happy
Employee_5751,24,85043,M,Mumbai,Sad
Employee_5752,49,60399,F,Pune,Happy
Employee_5753,41,149374,F,Mumbai,Happy
Employee_5754,46,44002,M,Mumbai,Happy
Employee_5755,34,73098,M,Nashik,Sad
Employee_5756,29,75511,M,Mumbai,Happy
Employee_5757,32,83243,M,Mumbai,Happy
Employee_5758,26,145131,F,Nagpur,Happy
Employee_5759,40,58750,M,Nagpur,Happy
Employee_5760,44,121610,M,Nagpur,Sad
Employee_5761,47,47310,M,Nagpur,Happy
Employee_5762,58,85398,M,Nagpur,Happy
Employee_5763,28,112542,M,Pune,Happy
Employee_5764,21,105207,F,Nashik,Sad
Employee_5765,44,147725,F,Delhi,Sad
Employee_5766,27,74345,F,Nagpur,Happy
Employee_5767,39,123430,M,Nashik,Sad
Employee_5768,42,144921,M,Delhi,Happy
Employee_5769,55,121729,F,Mumbai,Sad
Employee_5770,50,81843,F,Mumbai,Happy
Employee_5771,49,40222,F,Nashik,Happy
Employee_5772,42,119322,F,Pune,Sad
Employee_5773,31,61509,M,Pune,Happy
Employee_5774,40,30386,M,Nashik,Happy
Employee_5775,49,94334,M,Pune,Sad
Employee_5776,54,97170,F,Pune,Happy
Employee_5777,21,70878,F,Mumbai,Happy
Employee_5778,51,99669,F,Pune,Happy
Employee_5779,50,137680,M,Pune,Sad
Employee_5780,38,68349,M,Nashik,Sad
Employee_5781,37,130271,F,Pune,Happy
Employee_5782,58,51952,M,Nagpur,Sad
Employee_5783,34,120352,F,Nagpur,Happy
Employee_5784,43,51529,F,Nashik,Sad
Employee_5785,45,101303,F,Nagpur,Sad
Employee_5786,35,71521,M,Mumbai,Sad
Employee_5787,42,48383,F,Nashik,Happy
Employee_5788,23,34901,F,Pune,Sad
Employee_5789,39,72889,M,Nagpur,Happy
Employee_5790,54,44633,F,Mumbai,Happy
Employee_5791,55,92244,F,Nashik,Sad
Employee_5792,21,49163,M,Nashik,Happy
Employee_5793,41,89019,F,Pune,Sad
Employee_5794,49,40707,F,Delhi,Happy
Employee_5795,26,118112,F,Nagpur,Happy
Employee_5796,57,113597,M,Mumbai,Happy
Employee_5797,21,75101,F,Nashik,Sad
Employee_5798,21,74706,F,Nagpur,Happy
Employee_5799,47,107084,F,Mumbai,Sad
Employee_5800,41,45115,M,Mumbai,Happy
Employee_5801,36,105379,M,Nashik,Happy
Employee_5802,46,132481,M,Nagpur,Happy
Employee_5803,36,69979,F,Mumbai,Happy
Employee_5804,48,70641,M,Nashik,Sad
Employee_5805,21,99377,F,Nagpur,Happy
Employee_5806,56,36416,M,Nagpur,Happy
Employee_5807,30,40633,M,Nashik,Happy
Employee_5808,37,133189,M,Nagpur,Happy
Employee_5809,43,30594,M,Delhi,Sad
Employee_5810,27,44393,F,Mumbai,Happy
Employee_5811,27,65380,M,Mumbai,Sad
Employee_5812,35,75056,F,Nagpur,Happy
Employee_5813,54,118279,F,Nashik,Sad
Employee_5814,24,127507,F,Pune,Sad
Employee_5815,34,146184,M,Nagpur,Happy
Employee_5816,34,148243,M,Pune,Sad
Employee_5817,36,34861,F,Nagpur,Happy
Employee_5818,27,133070,M,Pune,Happy
Employee_5819,52,66126,F,Nagpur,Sad
Employee_5820,39,110382,M,Nashik,Happy
Employee_5821,22,121713,M,Pune,Happy
Employee_5822,30,63682,F,Delhi,Sad
Employee_5823,37,48228,M,Nashik,Happy
Employee_5824,57,130299,F,Nagpur,Happy
Employee_5825,32,54009,F,Pune,Sad
Employee_5826,26,30094,M,Mumbai,Sad
Employee_5827,42,136988,M,Nashik,Happy
Employee_5828,52,110636,M,Pune,Happy
Employee_5829,40,82221,F,Nashik,Sad
Employee_5830,21,128453,M,Pune,Happy
Employee_5831,26,47430,M,Mumbai,Sad
Employee_5832,39,65571,M,Delhi,Happy
Employee_5833,38,84486,M,Mumbai,Sad
Employee_5834,26,120510,F,Nagpur,Happy
Employee_5835,53,126665,M,Nashik,Happy
Employee_5836,43,142770,F,Delhi,Sad
Employee_5837,43,92294,M,Nashik,Happy
Employee_5838,46,50860,M,Pune,Sad
Employee_5839,33,102812,M,Nagpur,Sad
Employee_5840,27,96087,F,Nagpur,Sad
Employee_5841,35,143784,F,Nashik,Happy
Employee_5842,47,38486,M,Nagpur,Happy
Employee_5843,46,113063,F,Nashik,Sad
Employee_5844,53,79607,F,Pune,Sad
Employee_5845,35,39745,M,Pune,Sad
Employee_5846,56,136664,M,Nashik,Happy
Employee_5847,47,108533,M,Mumbai,Sad
Employee_5848,25,48330,M,Mumbai,Sad
Employee_5849,22,70078,M,Pune,Happy
Employee_5850,53,85332,M,Delhi,Sad
Employee_5851,36,134121,F,Mumbai,Happy
Employee_5852,43,84532,M,Nashik,Sad
Employee_5853,58,120365,M,Pune,Sad
Employee_5854,36,73336,M,Nagpur,Sad
Employee_5855,34,38070,M,Nagpur,Happy
Employee_5856,49,31320,F,Mumbai,Happy
Employee_5857,46,119043,F,Delhi,Happy
Employee_5858,55,68921,F,Mumbai,Sad
Employee_5859,35,36589,M,Delhi,Sad
Employee_5860,23,94409,M,Mumbai,Sad
Employee_5861,43,122995,F,Nagpur,Sad
Employee_5862,49,45589,F,Delhi,Happy
Employee_5863,54,66375,M,Nagpur,Sad
Employee_5864,53,73085,M,Nashik,Sad
Employee_5865,43,90840,M,Nashik,Happy
Employee_5866,27,73200,M,Pune,Sad
Employee_5867,23,128704,M,Nagpur,Happy
Employee_5868,52,56732,F,Nagpur,Sad
Employee_5869,51,127047,M,Pune,Happy
Employee_5870,38,52426,F,Nashik,Sad
Employee_5871,27,60982,M,Nashik,Happy
Employee_5872,21,89720,F,Delhi,Happy
Employee_5873,34,46746,F,Delhi,Sad
Employee_5874,52,58514,F,Nashik,Sad
Employee_5875,26,94889,M,Mumbai,Happy
Employee_5876,59,33851,M,Nagpur,Happy
Employee_5877,30,49796,M,Delhi,Sad
Employee_5878,27,106034,F,Mumbai,Happy
Employee_5879,46,92798,F,Delhi,Sad
Employee_5880,54,128388,M,Pune,Sad
Employee_5881,50,92985,F,Nagpur,Sad
Employee_5882,56,64592,F,Delhi,Sad
Employee_5883,41,74845,F,Nashik,Sad
Employee_5884,37,45930,F,Pune,Sad
Employee_5885,53,140853,M,Pune,Happy
Employee_5886,30,138417,F,Nashik,Sad
Employee_5887,32,143436,M,Pune,Happy
Employee_5888,36,137126,F,Nagpur,Sad
Employee_5889,52,51159,F,Delhi,Sad
Employee_5890,35,125072,M,Pune,Sad
Employee_5891,47,119788,F,Nagpur,Happy
Employee_5892,48,54003,M,Nashik,Sad
Employee_5893,37,135722,M,Delhi,Sad
Employee_5894,22,65139,M,Nashik,Sad
Employee_5895,56,135372,M,Delhi,Sad
Employee_5896,27,82452,M,Pune,Happy
Employee_5897,33,52205,M,Pune,Happy
Employee_5898,35,126059,M,Delhi,Sad
Employee_5899,45,86955,F,Nagpur,Sad
Employee_5900,43,140163,M,Nagpur,Happy
Employee_5901,42,37464,F,Nagpur,Sad
Employee_5902,46,112646,F,Mumbai,Happy
Employee_5903,53,141852,F,Nagpur,Happy
Employee_5904,31,102657,M,Pune,Happy
Employee_5905,30,39840,M,Mumbai,Happy
Employee_5906,45,132616,F,Nagpur,Happy
Employee_5907,57,70768,M,Pune,Happy
Employee_5908,58,39461,F,Mumbai,Happy
Employee_5909,44,50927,F,Pune,Sad
Employee_5910,53,119934,F,Delhi,Happy
Employee_5911,37,128622,M,Pune,Sad
Employee_5912,44,45329,F,Mumbai,Sad
Employee_5913,57,45791,M,Nagpur,Sad
Employee_5914,22,82627,F,Mumbai,Happy
Employee_5915,52,44372,M,Nagpur,Happy
Employee_5916,44,144239,F,Nagpur,Happy
Employee_5917,29,122890,M,Nashik,Sad
Employee_5918,24,78469,F,Delhi,Sad
Employee_5919,37,139554,M,Nashik,Sad
Employee_5920,37,117073,M,Mumbai,Sad
Employee_5921,50,148822,M,Nashik,Happy
Employee_5922,31,64370,F,Nagpur,Sad
Employee_5923,41,81408,F,Mumbai,Happy
Employee_5924,41,120941,F,Nashik,Sad
Employee_5925,38,137351,M,Pune,Happy
Employee_5926,49,53703,M,Delhi,Sad
Employee_5927,44,45234,F,Pune,Happy
Employee_5928,30,37532,F,Mumbai,Sad
Employee_5929,37,135670,M,Nashik,Happy
Employee_5930,38,65416,F,Nagpur,Happy
Employee_5931,40,102439,M,Nashik,Happy
Employee_5932,57,48242,M,Mumbai,Sad
Employee_5933,38,80254,M,Mumbai,Happy
Employee_5934,37,109324,F,Mumbai,Happy
Employee_5935,29,65249,M,Mumbai,Happy
Employee_5936,34,130124,F,Nashik,Happy
Employee_5937,49,125049,M,Pune,Happy
Employee_5938,51,138575,F,Nagpur,Sad
Employee_5939,24,115078,F,Nagpur,Happy
Employee_5940,38,62294,M,Delhi,Sad
Employee_5941,40,89784,M,Mumbai,Happy
Employee_5942,29,33684,M,Mumbai,Sad
Employee_5943,33,53795,M,Mumbai,Sad
Employee_5944,35,90301,F,Pune,Sad
Employee_5945,47,99187,F,Mumbai,Sad
Employee_5946,35,40431,F,Delhi,Sad
Employee_5947,48,105667,F,Delhi,Sad
Employee_5948,57,119627,F,Pune,Happy
Employee_5949,39,120381,M,Mumbai,Happy
Employee_5950,46,120027,M,Nashik,Happy
Employee_5951,46,85372,F,Nashik,Happy
Employee_5952,45,100366,M,Nagpur,Sad
Employee_5953,46,124176,M,Pune,Sad
Employee_5954,46,149667,M,Nashik,Sad
Employee_5955,48,102870,M,Nagpur,Happy
Employee_5956,38,77387,M,Delhi,Happy
Employee_5957,52,82927,M,Nagpur,Sad
Employee_5958,23,39304,F,Mumbai,Happy
Employee_5959,22,143183,M,Mumbai,Sad
Employee_5960,53,47032,M,Delhi,Sad
Employee_5961,39,121291,F,Pune,Happy
Employee_5962,37,142889,F,Mumbai,Sad
Employee_5963,53,89486,F,Mumbai,Happy
Employee_5964,32,95552,M,Nagpur,Happy
Employee_5965,23,103844,F,Nagpur,Happy
Employee_5966,46,59654,M,Nagpur,Happy
Employee_5967,55,69244,F,Nashik,Sad
Employee_5968,28,35942,M,Delhi,Sad
Employee_5969,56,80697,M,Pune,Sad
Employee_5970,27,32693,F,Nagpur,Sad
Employee_5971,56,86751,M,Pune,Happy
Employee_5972,36,111098,M,Nagpur,Happy
Employee_5973,44,148777,M,Mumbai,Sad
Employee_5974,21,36259,M,Pune,Happy
Employee_5975,45,149746,F,Nashik,Happy
Employee_5976,30,143883,F,Nagpur,Sad
Employee_5977,36,137772,F,Delhi,Sad
Employee_5978,36,147928,M,Mumbai,Happy
Employee_5979,28,34942,F,Nagpur,Sad
Employee_5980,49,77419,F,Pune,Happy
Employee_5981,59,132092,M,Nagpur,Happy
Employee_5982,48,86105,F,Mumbai,Sad
Employee_5983,26,95907,F,Delhi,Sad
Employee_5984,36,57383,F,Delhi,Sad
Employee_5985,40,53404,M,Delhi,Happy
Employee_5986,36,102656,F,Mumbai,Sad
Employee_5987,27,35702,F,Nagpur,Sad
Employee_5988,34,103883,F,Mumbai,Sad
Employee_5989,46,130965,M,Mumbai,Sad
Employee_5990,46,86332,M,Nagpur,Happy
Employee_5991,34,69419,F,Nashik,Sad
Employee_5992,27,120576,F,Delhi,Happy
Employee_5993,53,133182,F,Pune,Sad
Employee_5994,46,141395,M,Pune,Sad
Employee_5995,40,132619,M,Nagpur,Sad
Employee_5996,23,118078,F,Pune,Happy
Employee_5997,24,138269,F,Nashik,Sad
Employee_5998,46,103844,M,Mumbai,Sad
Employee_5999,31,69242,M,Delhi,Sad
Employee_6000,22,64142,F,Pune,Happy
Employee_6001,34,139699,M,Pune,Sad
Employee_6002,50,126226,F,Nagpur,Sad
Employee_6003,32,37393,F,Nagpur,Happy
Employee_6004,46,99939,M,Mumbai,Happy
Employee_6005,53,99082,F,Delhi,Happy
Employee_6006,33,132281,F,Pune,Happy
Employee_6007,34,58893,F,Mumbai,Sad
Employee_6008,44,39388,F,Delhi,Sad
Employee_6009,54,148099,F,Mumbai,Happy
Employee_6010,46,137292,F,Pune,Happy
Employee_6011,41,92969,F,Nagpur,Happy
Employee_6012,48,66660,M,Nagpur,Happy
Employee_6013,56,119244,M,Nagpur,Sad
Employee_6014,22,54726,F,Nashik,Happy
Employee_6015,29,109544,M,Mumbai,Happy
Employee_6016,43,131553,F,Pune,Sad
Employee_6017,35,92996,F,Mumbai,Sad
Employee_6018,33,30111,M,Nagpur,Happy
Employee_6019,43,145370,F,Mumbai,Happy
Employee_6020,37,47545,F,Delhi,Happy
Employee_6021,22,70168,M,Mumbai,Sad
Employee_6022,40,32379,M,Nashik,Sad
Employee_6023,40,125773,M,Nashik,Sad
Employee_6024,23,141484,M,Nagpur,Happy
Employee_6025,32,117346,M,Pune,Happy
Employee_6026,22,71120,M,Delhi,Sad
Employee_6027,56,47809,F,Pune,Sad
Employee_6028,34,82813,M,Pune,Sad
Employee_6029,36,104005,M,Delhi,Happy
Employee_6030,39,57967,F,Nashik,Sad
Employee_6031,54,39748,F,Nagpur,Sad
Employee_6032,26,53424,M,Mumbai,Sad
Employee_6033,33,116512,F,Nashik,Happy
Employee_6034,56,53914,F,Nagpur,Sad
Employee_6035,42,125603,F,Nashik,Happy
Employee_6036,38,138411,F,Delhi,Happy
Employee_6037,32,108478,F,Pune,Happy
Employee_6038,50,49491,F,Delhi,Sad
Employee_6039,27,79454,F,Mumbai,Happy
Employee_6040,52,100069,M,Delhi,Sad
Employee_6041,39,81925,F,Pune,Happy
Employee_6042,26,119119,M,Nashik,Happy
Employee_6043,40,67049,F,Nagpur,Happy
Employee_6044,47,57821,F,Mumbai,Sad
Employee_6045,57,125797,M,Nashik,Sad
Employee_6046,27,133072,F,Nagpur,Sad
Employee_6047,25,59945,F,Pune,Sad
Employee_6048,31,47384,M,Delhi,Happy
Employee_6049,35,58410,F,Nashik,Happy
Employee_6050,23,107734,F,Nagpur,Happy
Employee_6051,25,93766,M,Nagpur,Happy
Employee_6052,43,124890,M,Delhi,Happy
Employee_6053,57,146406,F,Nashik,Sad
Employee_6054,29,37169,M,Nashik,Happy
Employee_6055,35,70129,F,Pune,Sad
Employee_6056,23,127445,F,Nashik,Sad
Employee_6057,49,33830,M,Delhi,Sad
Employee_6058,26,86306,M,Nashik,Happy
Employee_6059,37,116940,M,Pune,Sad
Employee_6060,46,95267,M,Nagpur,Sad
Employee_6061,41,57757,F,Nashik,Sad
Employee_6062,28,93867,M,Delhi,Sad
Employee_6063,41,65650,M,Nashik,Happy
Employee_6064,31,63766,F,Mumbai,Happy
Employee_6065,58,111478,F,Pune,Happy
Employee_6066,28,62419,F,Nagpur,Sad
Employee_6067,44,46668,F,Mumbai,Sad
Employee_6068,55,46246,F,Delhi,Happy
Employee_6069,34,54996,F,Nashik,Happy
Employee_6070,34,81312,F,Pune,Sad
Employee_6071,30,33065,F,Nashik,Sad
Employee_6072,32,40467,F,Nashik,Happy
Employee_6073,58,80646,M,Nashik,Happy
Employee_6074,54,140380,M,Nashik,Sad
Employee_6075,30,51007,F,Pune,Happy
Employee_6076,37,98079,M,Mumbai,Happy
Employee_6077,37,58702,F,Delhi,Sad
Employee_6078,23,124369,F,Mumbai,Happy
Employee_6079,51,105569,F,Pune,Happy
Employee_6080,21,83952,F,Delhi,Sad
Employee_6081,32,88065,M,Nagpur,Happy
Employee_6082,59,64169,M,Mumbai,Sad
Employee_6083,24,46829,F,Pune,Happy
Employee_6084,33,90135,M,Pune,Happy
Employee_6085,54,34522,M,Pune,Sad
Employee_6086,41,115687,F,Delhi,Happy
Employee_6087,42,65319,F,Nashik,Happy
Employee_6088,24,56543,M,Nagpur,Sad
Employee_6089,38,148576,M,Delhi,Sad
Employee_6090,25,133120,F,Delhi,Happy
Employee_6091,39,147419,F,Mumbai,Happy
Employee_6092,22,60473,M,Nagpur,Happy
Employee_6093,32,37699,F,Pune,Sad
Employee_6094,37,98165,F,Delhi,Happy
Employee_6095,30,70455,F,Nagpur,Happy
Employee_6096,54,105692,M,Mumbai,Sad
Employee_6097,26,47441,M,Nashik,Sad
Employee_6098,28,60716,F,Nagpur,Sad
Employee_6099,31,92175,M,Pune,Sad
Employee_6100,32,36834,F,Delhi,Happy
Employee_6101,29,48179,M,Nashik,Happy
Employee_6102,22,56219,M,Mumbai,Happy
Employee_6103,28,133153,M,Pune,Sad
Employee_6104,31,45782,F,Nashik,Happy
Employee_6105,56,111363,F,Mumbai,Happy
Employee_6106,30,104967,F,Pune,Happy
Employee_6107,41,132454,M,Delhi,Sad
Employee_6108,40,139593,F,Mumbai,Happy
Employee_6109,28,39496,F,Nashik,Happy
Employee_6110,56,118867,F,Pune,Sad
Employee_6111,49,69238,F,Nagpur,Happy
Employee_6112,32,76025,M,Pune,Sad
Employee_6113,34,89886,F,Nashik,Sad
Employee_6114,41,53563,F,Nashik,Happy
Employee_6115,42,33712,M,Nagpur,Sad
Employee_6116,41,124067,F,Nashik,Sad
Employee_6117,50,75489,M,Pune,Sad
Employee_6118,59,62664,M,Mumbai,Happy
Employee_6119,40,140799,M,Pune,Sad
Employee_6120,44,42420,F,Nashik,Happy
Employee_6121,43,84610,M,Nagpur,Happy
Employee_6122,27,35315,M,Nagpur,Sad
Employee_6123,29,100917,M,Delhi,Sad
Employee_6124,21,105033,F,Nagpur,Happy
Employee_6125,46,124576,M,Nagpur,Sad
Employee_6126,58,147862,M,Nashik,Happy
Employee_6127,58,127911,M,Mumbai,Happy
Employee_6128,42,109030,F,Mumbai,Sad
Employee_6129,30,93910,M,Nashik,Sad
Employee_6130,26,127288,M,Nagpur,Sad
Employee_6131,37,90972,F,Pune,Sad
Employee_6132,58,120893,F,Mumbai,Sad
Employee_6133,44,85919,F,Nashik,Sad
Employee_6134,30,112486,M,Pune,Sad
Employee_6135,28,111288,M,Nagpur,Sad
Employee_6136,41,132926,M,Nashik,Sad
Employee_6137,26,34132,M,Mumbai,Sad
Employee_6138,41,71598,F,Pune,Happy
Employee_6139,59,123812,M,Pune,Sad
Employee_6140,44,135299,F,Mumbai,Sad
Employee_6141,53,50551,M,Pune,Sad
Employee_6142,38,122511,M,Mumbai,Happy
Employee_6143,48,98206,M,Nashik,Sad
Employee_6144,52,104900,F,Delhi,Sad
Employee_6145,32,56296,F,Nagpur,Sad
Employee_6146,47,120216,F,Nashik,Sad
Employee_6147,30,48066,F,Nagpur,Sad
Employee_6148,52,58892,M,Nagpur,Happy
Employee_6149,46,105577,M,Mumbai,Sad
Employee_6150,45,104590,M,Delhi,Sad
Employee_6151,31,107173,M,Nagpur,Happy
Employee_6152,43,106293,M,Nagpur,Happy
Employee_6153,54,94771,F,Nashik,Happy
Employee_6154,43,136794,F,Delhi,Sad
Employee_6155,49,57484,M,Delhi,Sad
Employee_6156,51,107865,M,Nagpur,Happy
Employee_6157,27,129074,M,Delhi,Sad
Employee_6158,53,57115,M,Nashik,Sad
Employee_6159,41,56038,F,Mumbai,Sad
Employee_6160,22,66622,M,Nagpur,Sad
Employee_6161,38,65886,M,Pune,Sad
Employee_6162,53,81284,M,Nagpur,Happy
Employee_6163,57,39901,M,Nagpur,Happy
Employee_6164,54,86377,F,Mumbai,Happy
Employee_6165,40,112910,M,Pune,Sad
Employee_6166,55,79862,F,Pune,Happy
Employee_6167,38,148992,F,Pune,Sad
Employee_6168,44,141826,M,Mumbai,Happy
Employee_6169,28,62806,M,Delhi,Happy
Employee_6170,50,47659,M,Pune,Happy
Employee_6171,30,144306,M,Delhi,Happy
Employee_6172,43,53453,M,Nashik,Sad
Employee_6173,31,60498,F,Mumbai,Happy
Employee_6174,22,100393,F,Delhi,Happy
Employee_6175,46,46312,F,Pune,Happy
Employee_6176,56,31436,F,Pune,Sad
Employee_6177,53,57569,F,Delhi,Happy
Employee_6178,33,88813,M,Delhi,Happy
Employee_6179,45,146787,M,Nashik,Happy
Employee_6180,24,120485,F,Mumbai,Happy
Employee_6181,39,103229,M,Nagpur,Happy
Employee_6182,38,75986,M,Nashik,Sad
Employee_6183,57,132555,F,Nashik,Happy
Employee_6184,50,83177,F,Nashik,Sad
Employee_6185,39,39305,F,Pune,Sad
Employee_6186,43,62646,M,Delhi,Happy
Employee_6187,36,122838,F,Mumbai,Happy
Employee_6188,21,106126,F,Pune,Sad
Employee_6189,32,147922,M,Nashik,Happy
Employee_6190,44,70430,M,Mumbai,Happy
Employee_6191,54,98659,F,Pune,Sad
Employee_6192,28,145341,M,Nagpur,Happy
Employee_6193,38,34158,F,Nashik,Sad
Employee_6194,25,104236,M,Pune,Sad
Employee_6195,46,106067,F,Pune,Happy
Employee_6196,50,57738,M,Nashik,Happy
Employee_6197,33,39879,M,Nagpur,Sad
Employee_6198,39,35543,M,Delhi,Sad
Employee_6199,49,142284,F,Nagpur,Happy
Employee_6200,23,77924,F,Nashik,Sad
Employee_6201,46,72348,F,Delhi,Sad
Employee_6202,32,114117,M,Pune,Happy
Employee_6203,22,66679,M,Nagpur,Happy
Employee_6204,31,109118,M,Nagpur,Sad
Employee_6205,48,73888,F,Delhi,Happy
Employee_6206,38,60276,M,Pune,Sad
Employee_6207,33,133539,F,Nagpur,Sad
Employee_6208,57,34799,F,Delhi,Happy
Employee_6209,42,120627,F,Nagpur,Sad
Employee_6210,32,123770,F,Pune,Sad
Employee_6211,22,142529,F,Pune,Sad
Employee_6212,57,120141,M,Mumbai,Happy
Employee_6213,27,90558,M,Delhi,Happy
Employee_6214,46,145013,M,Nashik,Sad
Employee_6215,46,66534,M,Nagpur,Sad
Employee_6216,44,61668,M,Pune,Sad
Employee_6217,32,34111,M,Nagpur,Happy
Employee_6218,36,54686,F,Nagpur,Sad
Employee_6219,43,102551,M,Nashik,Happy
Employee_6220,29,102392,F,Pune,Sad
Employee_6221,52,46490,F,Mumbai,Sad
Employee_6222,35,65194,F,Delhi,Happy
Employee_6223,57,44497,F,Nagpur,Happy
Employee_6224,33,149066,F,Nashik,Happy
Employee_6225,25,83516,M,Nashik,Sad
Employee_6226,31,147219,M,Delhi,Sad
Employee_6227,30,118730,M,Delhi,Happy
Employee_6228,33,74104,F,Pune,Happy
Employee_6229,35,35316,M,Nagpur,Sad
Employee_6230,27,68130,M,Nagpur,Sad
Employee_6231,48,100229,F,Delhi,Happy
Employee_6232,52,137294,F,Mumbai,Sad
Employee_6233,55,59954,M,Nagpur,Happy
Employee_6234,35,143437,F,Nashik,Sad
Employee_6235,56,51652,F,Delhi,Happy
Employee_6236,41,44178,F,Nagpur,Sad
Employee_6237,26,138933,M,Pune,Sad
Employee_6238,21,81163,F,Delhi,Sad
Employee_6239,24,44751,F,Nashik,Happy
Employee_6240,31,95961,F,Pune,Happy
Employee_6241,46,33044,F,Delhi,Happy
Employee_6242,57,93165,F,Delhi,Sad
Employee_6243,43,41480,M,Nagpur,Sad
Employee_6244,49,95439,M,Pune,Happy
Employee_6245,41,73874,F,Delhi,Sad
Employee_6246,47,134533,F,Nashik,Happy
Employee_6247,59,96775,M,Pune,Sad
Employee_6248,33,36566,M,Nagpur,Sad
Employee_6249,43,115311,F,Mumbai,Sad
Employee_6250,36,132517,F,Delhi,Happy
Employee_6251,50,83149,M,Mumbai,Happy
Employee_6252,24,33006,F,Delhi,Happy
Employee_6253,36,102561,F,Nagpur,Sad
Employee_6254,51,49423,M,Nagpur,Sad
Employee_6255,45,134862,M,Nagpur,Sad
Employee_6256,32,120710,M,Nagpur,Sad
Employee_6257,46,122199,M,Pune,Happy
Employee_6258,57,63952,F,Pune,Happy
Employee_6259,53,57326,F,Delhi,Sad
Employee_6260,48,147272,F,Pune,Happy
Employee_6261,29,61139,F,Delhi,Sad
Employee_6262,32,92103,M,Pune,Sad
Employee_6263,25,142734,M,Pune,Happy
Employee_6264,48,90857,F,Pune,Happy
Employee_6265,55,103638,F,Nashik,Happy
Employee_6266,25,142173,F,Nagpur,Sad
Employee_6267,54,102652,M,Nashik,Sad
Employee_6268,54,42937,M,Pune,Sad
Employee_6269,33,60161,M,Pune,Happy
Employee_6270,59,34383,F,Nashik,Happy
Employee_6271,34,115856,F,Delhi,Happy
Employee_6272,31,146387,F,Nagpur,Happy
Employee_6273,58,100043,M,Delhi,Happy
Employee_6274,24,44735,F,Nagpur,Happy
Employee_6275,53,89919,M,Mumbai,Happy
Employee_6276,27,125249,F,Nagpur,Sad
Employee_6277,28,112055,F,Delhi,Happy
Employee_6278,57,97561,M,Nagpur,Happy
Employee_6279,30,115455,M,Mumbai,Sad
Employee_6280,35,67622,F,Mumbai,Sad
Employee_6281,58,68135,M,Pune,Happy
Employee_6282,35,65658,M,Mumbai,Sad
Employee_6283,25,114677,M,Nashik,Happy
Employee_6284,49,59696,M,Delhi,Happy
Employee_6285,39,33773,M,Nashik,Happy
Employee_6286,30,54956,F,Nashik,Sad
Employee_6287,32,45819,F,Delhi,Sad
Employee_6288,24,31528,F,Nashik,Happy
Employee_6289,51,116491,F,Nashik,Sad
Employee_6290,38,74588,M,Nashik,Happy
Employee_6291,36,100585,F,Mumbai,Happy
Employee_6292,56,129152,M,Delhi,Sad
Employee_6293,45,50511,F,Delhi,Sad
Employee_6294,43,40119,F,Delhi,Sad
Employee_6295,32,105893,M,Nashik,Happy
Employee_6296,54,46167,F,Mumbai,Sad
Employee_6297,56,86503,F,Delhi,Sad
Employee_6298,57,140782,F,Nagpur,Sad
Employee_6299,23,117789,F,Delhi,Happy
Employee_6300,29,64889,F,Pune,Happy
Employee_6301,38,75678,F,Nagpur,Happy
Employee_6302,55,125334,F,Delhi,Happy
Employee_6303,54,90262,M,Nashik,Happy
Employee_6304,34,34681,F,Delhi,Sad
Employee_6305,24,110291,F,Mumbai,Sad
Employee_6306,49,96008,F,Mumbai,Happy
Employee_6307,35,146475,F,Delhi,Sad
Employee_6308,48,128417,F,Nashik,Happy
Employee_6309,36,43690,F,Nashik,Happy
Employee_6310,32,55912,M,Nashik,Happy
Employee_6311,25,36473,F,Delhi,Happy
Employee_6312,54,71298,F,Delhi,Happy
Employee_6313,21,48669,M,Pune,Happy
Employee_6314,59,129500,M,Mumbai,Sad
Employee_6315,52,111998,F,Nagpur,Sad
Employee_6316,46,50943,F,Nagpur,Sad
Employee_6317,37,68785,F,Mumbai,Sad
Employee_6318,47,130956,M,Pune,Sad
Employee_6319,44,93427,M,Mumbai,Sad
Employee_6320,55,92001,F,Pune,Happy
Employee_6321,59,91724,F,Pune,Happy
Employee_6322,46,149006,M,Nashik,Happy
Employee_6323,58,40832,M,Mumbai,Happy
Employee_6324,43,35385,M,Nagpur,Sad
Employee_6325,42,125898,M,Delhi,Happy
Employee_6326,24,44708,F,Delhi,Sad
Employee_6327,29,88600,M,Mumbai,Sad
Employee_6328,24,53438,M,Delhi,Sad
Employee_6329,27,112747,F,Pune,Sad
Employee_6330,43,110107,M,Delhi,Sad
Employee_6331,22,90062,F,Pune,Sad
Employee_6332,44,95428,M,Pune,Happy
Employee_6333,51,116843,F,Nagpur,Happy
Employee_6334,51,41002,M,Delhi,Happy
Employee_6335,54,66153,F,Nagpur,Happy
Employee_6336,44,52440,F,Delhi,Happy
Employee_6337,46,97501,M,Pune,Happy
Employee_6338,36,62556,F,Delhi,Happy
Employee_6339,33,97963,F,Nagpur,Sad
Employee_6340,35,131145,M,Nashik,Sad
Employee_6341,47,120725,F,Nagpur,Happy
Employee_6342,24,120674,F,Nashik,Happy
Employee_6343,36,36563,M,Mumbai,Sad
Employee_6344,50,109923,M,Nagpur,Happy
Employee_6345,50,35840,F,Delhi,Sad
Employee_6346,56,45154,F,Nashik,Happy
Employee_6347,23,54194,F,Delhi,Sad
Employee_6348,42,95020,F,Nashik,Sad
Employee_6349,42,76861,F,Nagpur,Happy
Employee_6350,32,52448,M,Nagpur,Happy
Employee_6351,41,126460,F,Delhi,Sad
Employee_6352,24,53528,M,Nagpur,Happy
Employee_6353,51,59402,M,Delhi,Happy
Employee_6354,51,34352,M,Pune,Sad
Employee_6355,43,30184,M,Nashik,Sad
Employee_6356,40,40384,F,Delhi,Happy
Employee_6357,35,44319,F,Nashik,Happy
Employee_6358,43,50449,F,Pune,Sad
Employee_6359,48,86333,M,Nashik,Sad
Employee_6360,36,71205,M,Delhi,Sad
Employee_6361,57,40426,F,Nagpur,Happy
Employee_6362,41,37504,M,Nashik,Sad
Employee_6363,35,86578,F,Nashik,Happy
Employee_6364,37,88209,M,Pune,Sad
Employee_6365,57,146775,M,Mumbai,Happy
Employee_6366,33,63368,M,Nagpur,Happy
Employee_6367,39,136108,M,Delhi,Sad
Employee_6368,50,141553,M,Pune,Happy
Employee_6369,38,133841,M,Delhi,Sad
Employee_6370,34,82185,M,Delhi,Happy
Employee_6371,56,127630,F,Nashik,Happy
Employee_6372,56,146744,F,Pune,Happy
Employee_6373,40,110221,M,Pune,Sad
Employee_6374,39,38724,M,Nagpur,Sad
Employee_6375,27,35084,F,Mumbai,Happy
Employee_6376,24,64810,M,Delhi,Sad
Employee_6377,54,112277,F,Nagpur,Happy
Employee_6378,22,112297,F,Nagpur,Sad
Employee_6379,25,108872,F,Delhi,Sad
Employee_6380,30,50872,F,Nashik,Happy
Employee_6381,52,108950,F,Nashik,Happy
Employee_6382,33,100333,M,Delhi,Happy
Employee_6383,59,98843,M,Pune,Sad
Employee_6384,25,142025,F,Mumbai,Happy
Employee_6385,30,128104,M,Nashik,Happy
Employee_6386,30,32596,F,Mumbai,Sad
Employee_6387,58,47167,M,Nagpur,Sad
Employee_6388,47,117844,M,Nagpur,Happy
Employee_6389,41,147067,M,Delhi,Happy
Employee_6390,28,119751,M,Delhi,Sad
Employee_6391,21,107331,M,Delhi,Sad
Employee_6392,48,110520,M,Nashik,Sad
Employee_6393,59,88326,M,Mumbai,Sad
Employee_6394,34,107670,M,Nagpur,Happy
Employee_6395,41,40782,F,Mumbai,Happy
Employee_6396,50,72002,F,Nashik,Sad
Employee_6397,41,117187,M,Mumbai,Happy
Employee_6398,29,54022,M,Mumbai,Happy
Employee_6399,37,114458,M,Delhi,Happy
Employee_6400,25,44618,F,Mumbai,Sad
Employee_6401,51,47245,M,Mumbai,Happy
Employee_6402,58,113796,M,Mumbai,Sad
Employee_6403,39,40027,F,Pune,Happy
Employee_6404,56,43986,F,Nagpur,Sad
Employee_6405,53,140704,F,Nagpur,Sad
Employee_6406,33,33526,M,Mumbai,Sad
Employee_6407,34,121797,F,Delhi,Happy
Employee_6408,53,74361,M,Delhi,Happy
Employee_6409,49,97158,F,Delhi,Happy
Employee_6410,56,68286,M,Nagpur,Happy
Employee_6411,30,59533,M,Nashik,Happy
Employee_6412,51,130961,M,Mumbai,Sad
Employee_6413,26,48316,F,Nagpur,Happy
Employee_6414,21,38699,M,Delhi,Happy
Employee_6415,27,109491,M,Nagpur,Happy
Employee_6416,47,127079,M,Nagpur,Happy
Employee_6417,41,148166,F,Nagpur,Sad
Employee_6418,48,130960,M,Delhi,Sad
Employee_6419,36,88465,M,Nashik,Sad
Employee_6420,43,46673,M,Pune,Sad
Employee_6421,40,53395,M,Mumbai,Happy
Employee_6422,58,134162,F,Mumbai,Sad
Employee_6423,45,53707,M,Nagpur,Happy
Employee_6424,48,114749,F,Nashik,Sad
Employee_6425,25,105937,F,Delhi,Sad
Employee_6426,41,116732,M,Pune,Happy
Employee_6427,38,86416,F,Pune,Happy
Employee_6428,26,121512,F,Nagpur,Sad
Employee_6429,49,38758,F,Nagpur,Happy
Employee_6430,39,97009,M,Delhi,Happy
Employee_6431,53,43281,F,Delhi,Happy
Employee_6432,21,144268,F,Delhi,Sad
Employee_6433,23,62548,M,Nagpur,Sad
Employee_6434,41,48371,M,Nashik,Sad
Employee_6435,55,123899,F,Nagpur,Sad
Employee_6436,23,107593,F,Nagpur,Happy
Employee_6437,45,135977,F,Pune,Happy
Employee_6438,58,49644,M,Delhi,Happy
Employee_6439,40,123659,F,Mumbai,Happy
Employee_6440,54,53874,M,Delhi,Sad
Employee_6441,41,118659,F,Nashik,Happy
Employee_6442,43,44281,F,Nashik,Sad
Employee_6443,26,98787,M,Delhi,Sad
Employee_6444,33,52289,F,Delhi,Sad
Employee_6445,43,149988,M,Nagpur,Happy
Employee_6446,29,35054,F,Mumbai,Happy
Employee_6447,37,130020,M,Nagpur,Sad
Employee_6448,22,137508,M,Pune,Sad
Employee_6449,39,142410,F,Pune,Happy
Employee_6450,39,96846,M,Nashik,Sad
Employee_6451,27,124682,F,Nashik,Happy
Employee_6452,40,79769,M,Mumbai,Sad
Employee_6453,29,59312,M,Nashik,Sad
Employee_6454,37,126517,M,Pune,Happy
Employee_6455,47,144186,F,Mumbai,Happy
Employee_6456,22,34257,M,Pune,Sad
Employee_6457,56,45846,M,Delhi,Sad
Employee_6458,39,52483,M,Delhi,Happy
Employee_6459,37,56558,F,Mumbai,Sad
Employee_6460,25,73188,F,Nagpur,Sad
Employee_6461,59,43012,M,Nashik,Sad
Employee_6462,38,63236,M,Mumbai,Sad
Employee_6463,27,134209,F,Nashik,Sad
Employee_6464,37,75076,M,Pune,Sad
Employee_6465,59,78402,M,Nagpur,Happy
Employee_6466,56,124467,M,Nashik,Sad
Employee_6467,24,62076,M,Delhi,Happy
Employee_6468,58,110337,M,Delhi,Sad
Employee_6469,45,145827,M,Pune,Sad
Employee_6470,25,105164,F,Mumbai,Happy
Employee_6471,50,104264,M,Nashik,Happy
Employee_6472,32,47335,M,Pune,Happy
Employee_6473,24,73773,F,Delhi,Happy
Employee_6474,44,82158,F,Delhi,Happy
Employee_6475,49,58570,F,Delhi,Sad
Employee_6476,29,117995,F,Nagpur,Happy
Employee_6477,24,70658,M,Nagpur,Happy
Employee_6478,44,89184,F,Delhi,Happy
Employee_6479,34,102613,M,Mumbai,Sad
Employee_6480,25,88194,F,Nagpur,Sad
Employee_6481,38,97507,F,Nashik,Sad
Employee_6482,39,141872,F,Nagpur,Happy
Employee_6483,32,63959,M,Nashik,Sad
Employee_6484,38,83072,F,Nagpur,Sad
Employee_6485,37,75588,F,Delhi,Sad
Employee_6486,50,70533,F,Nashik,Sad
Employee_6487,44,138558,M,Mumbai,Happy
Employee_6488,31,98582,M,Nagpur,Happy
Employee_6489,55,91743,F,Nagpur,Happy
Employee_6490,43,74518,M,Delhi,Happy
Employee_6491,37,42703,F,Nashik,Happy
Employee_6492,21,79456,M,Delhi,Happy
Employee_6493,35,85491,F,Nashik,Happy
Employee_6494,52,38043,M,Nagpur,Happy
Employee_6495,29,133212,F,Nagpur,Sad
Employee_6496,35,138931,M,Nagpur,Sad
Employee_6497,48,98340,M,Nagpur,Happy
Employee_6498,44,40176,F,Pune,Happy
Employee_6499,55,33936,F,Nagpur,Sad
Employee_6500,42,61174,M,Nagpur,Sad
Employee_6501,47,112632,F,Nashik,Sad
Employee_6502,39,118768,F,Nagpur,Happy
Employee_6503,32,138177,F,Nagpur,Sad
Employee_6504,40,55909,F,Nashik,Happy
Employee_6505,21,74158,M,Nagpur,Sad
Employee_6506,41,38366,F,Nagpur,Sad
Employee_6507,21,115125,M,Delhi,Happy
Employee_6508,30,84337,M,Pune,Sad
Employee_6509,52,89331,F,Nashik,Happy
Employee_6510,59,142918,F,Delhi,Sad
Employee_6511,42,92197,M,Mumbai,Happy
Employee_6512,38,102042,F,Mumbai,Happy
Employee_6513,52,80924,F,Pune,Happy
Employee_6514,47,58842,M,Mumbai,Sad
Employee_6515,48,47458,M,Pune,Happy
Employee_6516,38,117367,M,Mumbai,Sad
Employee_6517,59,95382,F,Mumbai,Sad
Employee_6518,49,104319,F,Delhi,Happy
Employee_6519,38,41170,M,Mumbai,Happy
Employee_6520,28,149952,M,Pune,Sad
Employee_6521,51,110145,F,Nagpur,Sad
Employee_6522,54,135626,F,Nagpur,Happy
Employee_6523,27,74942,F,Nagpur,Sad
Employee_6524,56,118571,M,Pune,Happy
Employee_6525,38,46208,F,Pune,Happy
Employee_6526,58,65178,F,Nagpur,Happy
Employee_6527,29,109172,M,Mumbai,Sad
Employee_6528,29,39039,F,Nagpur,Sad
Employee_6529,28,44990,M,Nashik,Sad
Employee_6530,55,36441,F,Pune,Sad
Employee_6531,38,104221,M,Nashik,Happy
Employee_6532,25,109314,M,Nashik,Sad
Employee_6533,34,75959,M,Pune,Happy
Employee_6534,48,56862,F,Nagpur,Happy
Employee_6535,50,57273,F,Delhi,Sad
Employee_6536,24,123949,F,Nashik,Sad
Employee_6537,59,72500,F,Nagpur,Sad
Employee_6538,40,33956,M,Delhi,Happy
Employee_6539,45,102089,F,Nashik,Sad
Employee_6540,48,118789,F,Nagpur,Happy
Employee_6541,32,119451,M,Nashik,Happy
Employee_6542,22,147782,M,Nagpur,Sad
Employee_6543,34,32365,M,Mumbai,Sad
Employee_6544,42,102204,M,Mumbai,Sad
Employee_6545,51,35000,F,Pune,Happy
Employee_6546,43,87072,M,Delhi,Happy
Employee_6547,40,82499,F,Nashik,Sad
Employee_6548,58,99211,F,Nashik,Sad
Employee_6549,24,42907,M,Nagpur,Happy
Employee_6550,35,47336,M,Delhi,Sad
Employee_6551,44,115220,M,Nashik,Sad
Employee_6552,45,123847,M,Delhi,Happy
Employee_6553,21,82331,M,Delhi,Happy
Employee_6554,27,110672,F,Mumbai,Sad
Employee_6555,51,139459,M,Nashik,Happy
Employee_6556,32,107755,F,Nashik,Sad
Employee_6557,25,98783,M,Pune,Happy
Employee_6558,58,99951,F,Delhi,Happy
Employee_6559,32,82509,F,Nagpur,Happy
Employee_6560,59,36472,F,Mumbai,Happy
Employee_6561,38,52380,M,Pune,Sad
Employee_6562,22,133152,M,Mumbai,Happy
Employee_6563,30,57280,M,Nagpur,Sad
Employee_6564,35,51859,F,Pune,Happy
Employee_6565,50,129341,F,Mumbai,Sad
Employee_6566,37,78402,M,Nagpur,Happy
Employee_6567,24,38262,M,Pune,Happy
Employee_6568,27,41066,F,Nagpur,Sad
Employee_6569,51,45554,F,Pune,Happy
Employee_6570,59,37008,M,Nashik,Sad
Employee_6571,54,117851,M,Nashik,Sad
Employee_6572,26,110799,M,Mumbai,Happy
Employee_6573,58,46238,F,Delhi,Happy
Employee_6574,54,133946,F,Delhi,Sad
Employee_6575,35,112025,M,Nagpur,Happy
Employee_6576,34,47153,M,Pune,Happy
Employee_6577,26,89353,M,Nashik,Sad
Employee_6578,57,82092,M,Delhi,Happy
Employee_6579,52,142835,M,Nashik,Happy
Employee_6580,23,73152,F,Nagpur,Happy
Employee_6581,23,79104,M,Nagpur,Happy
Employee_6582,42,54283,F,Pune,Happy
Employee_6583,42,76429,F,Delhi,Sad
Employee_6584,30,107223,F,Nagpur,Happy
Employee_6585,23,118534,F,Nagpur,Happy
Employee_6586,32,84957,F,Nashik,Sad
Employee_6587,49,58887,F,Mumbai,Happy
Employee_6588,37,76172,F,Delhi,Sad
Employee_6589,27,34355,F,Pune,Sad
Employee_6590,33,63701,M,Pune,Happy
Employee_6591,22,71534,M,Nashik,Happy
Employee_6592,24,101442,M,Pune,Sad
Employee_6593,30,91274,M,Nagpur,Happy
Employee_6594,59,108108,M,Delhi,Sad
Employee_6595,44,42279,F,Pune,Happy
Employee_6596,37,73491,F,Delhi,Happy
Employee_6597,26,106147,F,Pune,Sad
Employee_6598,39,38261,F,Mumbai,Sad
Employee_6599,25,34474,F,Mumbai,Sad
Employee_6600,52,121414,M,Delhi,Sad
Employee_6601,30,58390,M,Mumbai,Sad
Employee_6602,29,56925,F,Mumbai,Sad
Employee_6603,47,112174,M,Nagpur,Sad
Employee_6604,33,89051,M,Pune,Sad
Employee_6605,39,119007,M,Mumbai,Sad
Employee_6606,41,34787,M,Delhi,Sad
Employee_6607,44,141879,M,Nagpur,Happy
Employee_6608,58,103398,F,Mumbai,Happy
Employee_6609,24,88177,M,Delhi,Sad
Employee_6610,44,73724,M,Pune,Happy
Employee_6611,55,40663,F,Mumbai,Sad
Employee_6612,23,46120,F,Delhi,Happy
Employee_6613,24,52740,F,Delhi,Happy
Employee_6614,57,132046,F,Nashik,Happy
Employee_6615,55,32035,F,Delhi,Happy
Employee_6616,51,130271,F,Nashik,Happy
Employee_6617,45,87443,F,Pune,Sad
Employee_6618,33,97388,F,Pune,Happy
Employee_6619,24,82335,M,Nagpur,Happy
Employee_6620,34,73315,F,Nashik,Sad
Employee_6621,33,94165,F,Delhi,Happy
Employee_6622,47,134922,M,Nagpur,Happy
Employee_6623,26,76627,F,Nagpur,Happy
Employee_6624,37,38303,F,Pune,Happy
Employee_6625,56,139654,F,Delhi,Happy
Employee_6626,55,79334,F,Nashik,Happy
Employee_6627,37,85892,M,Pune,Happy
Employee_6628,22,91196,M,Nagpur,Sad
Employee_6629,33,95700,F,Mumbai,Sad
Employee_6630,22,69726,M,Nagpur,Sad
Employee_6631,48,130441,M,Mumbai,Happy
Employee_6632,46,105751,M,Pune,Happy
Employee_6633,42,79606,M,Nashik,Sad
Employee_6634,23,146973,M,Delhi,Sad
Employee_6635,55,60694,M,Mumbai,Sad
Employee_6636,32,61253,F,Delhi,Happy
Employee_6637,44,54230,F,Pune,Sad
Employee_6638,25,83974,M,Pune,Happy
Employee_6639,40,93545,M,Pune,Sad
Employee_6640,59,46925,M,Nashik,Sad
Employee_6641,59,36033,F,Mumbai,Happy
Employee_6642,33,92461,F,Delhi,Happy
Employee_6643,32,32665,F,Nagpur,Happy
Employee_6644,33,57025,F,Pune,Happy
Employee_6645,30,53533,F,Delhi,Happy
Employee_6646,53,75897,F,Delhi,Happy
Employee_6647,36,107661,M,Nashik,Sad
Employee_6648,55,50998,F,Mumbai,Happy
Employee_6649,23,148980,F,Nashik,Happy
Employee_6650,25,91248,F,Nashik,Happy
Employee_6651,46,134493,M,Delhi,Sad
Employee_6652,31,53057,F,Mumbai,Sad
Employee_6653,27,109244,M,Mumbai,Happy
Employee_6654,30,113608,M,Mumbai,Happy
Employee_6655,54,100631,F,Pune,Happy
Employee_6656,23,127031,F,Mumbai,Happy
Employee_6657,28,142713,F,Delhi,Happy
Employee_6658,51,135887,M,Pune,Happy
Employee_6659,31,97173,F,Nagpur,Sad
Employee_6660,27,110206,M,Nashik,Happy
Employee_6661,22,68734,M,Mumbai,Happy
Employee_6662,26,92072,F,Nagpur,Happy
Employee_6663,52,94175,F,Mumbai,Happy
Employee_6664,40,132974,F,Nashik,Sad
Employee_6665,54,93783,M,Delhi,Happy
Employee_6666,36,124194,F,Delhi,Sad
Employee_6667,45,100739,M,Nashik,Happy
Employee_6668,32,117054,F,Nagpur,Happy
Employee_6669,27,81042,M,Pune,Happy
Employee_6670,59,82357,F,Pune,Sad
Employee_6671,37,38669,F,Mumbai,Sad
Employee_6672,31,143272,M,Nashik,Happy
Employee_6673,26,97902,M,Nashik,Happy
Employee_6674,43,48910,F,Pune,Happy
Employee_6675,47,86959,M,Nagpur,Happy
Employee_6676,26,126623,M,Nashik,Happy
Employee_6677,58,30366,M,Delhi,Happy
Employee_6678,22,78415,M,Delhi,Happy
Employee_6679,42,39907,F,Nashik,Sad
Employee_6680,40,134910,M,Nagpur,Sad
Employee_6681,45,125825,F,Delhi,Happy
Employee_6682,35,62780,F,Nagpur,Happy
Employee_6683,49,87879,F,Pune,Happy
Employee_6684,28,115159,M,Mumbai,Happy
Employee_6685,57,65085,F,Pune,Happy
Employee_6686,53,95499,F,Mumbai,Happy
Employee_6687,42,50426,F,Delhi,Sad
Employee_6688,25,78197,F,Mumbai,Sad
Employee_6689,59,37485,F,Mumbai,Sad
Employee_6690,38,79527,M,Nashik,Happy
Employee_6691,58,94600,F,Mumbai,Sad
Employee_6692,57,128560,M,Nashik,Happy
Employee_6693,50,145137,F,Mumbai,Sad
Employee_6694,51,121005,F,Nashik,Happy
Employee_6695,30,111439,M,Delhi,Sad
Employee_6696,35,98748,M,Delhi,Happy
Employee_6697,38,88528,F,Mumbai,Sad
Employee_6698,43,134479,F,Nagpur,Sad
Employee_6699,53,57799,F,Delhi,Sad
Employee_6700,36,76339,F,Pune,Happy
Employee_6701,58,46087,F,Pune,Happy
Employee_6702,55,37446,M,Nashik,Happy
Employee_6703,54,80460,F,Nagpur,Happy
Employee_6704,48,124817,F,Nashik,Happy
Employee_6705,22,88260,M,Mumbai,Sad
Employee_6706,50,44877,M,Delhi,Happy
Employee_6707,33,54723,F,Nagpur,Happy
Employee_6708,36,42943,M,Nashik,Happy
Employee_6709,25,40306,M,Nashik,Sad
Employee_6710,48,66784,M,Pune,Sad
Employee_6711,59,148628,F,Mumbai,Sad
Employee_6712,40,50455,F,Nashik,Happy
Employee_6713,44,120027,F,Pune,Happy
Employee_6714,47,101448,M,Nagpur,Sad
Employee_6715,50,59974,F,Nashik,Happy
Employee_6716,47,57371,F,Pune,Happy
Employee_6717,46,128746,M,Mumbai,Happy
Employee_6718,27,131248,F,Delhi,Happy
Employee_6719,58,33936,M,Nagpur,Happy
Employee_6720,25,63166,M,Nashik,Sad
Employee_6721,43,55727,M,Pune,Sad
Employee_6722,48,144000,M,Nashik,Sad
Employee_6723,54,93969,F,Delhi,Happy
Employee_6724,35,58368,F,Nashik,Sad
Employee_6725,52,98531,F,Nashik,Happy
Employee_6726,46,69097,M,Pune,Sad
Employee_6727,51,64984,F,Delhi,Happy
Employee_6728,39,80859,F,Nagpur,Happy
Employee_6729,29,74291,M,Pune,Sad
Employee_6730,49,95228,M,Delhi,Sad
Employee_6731,59,122099,F,Delhi,Sad
Employee_6732,24,52150,M,Nashik,Happy
Employee_6733,23,52061,F,Mumbai,Sad
Employee_6734,49,59178,M,Mumbai,Sad
Employee_6735,31,130872,M,Nagpur,Sad
Employee_6736,53,86790,F,Nashik,Sad
Employee_6737,58,95696,M,Mumbai,Happy
Employee_6738,31,45648,M,Pune,Happy
Employee_6739,47,91779,M,Nagpur,Happy
Employee_6740,53,136371,F,Nashik,Sad
Employee_6741,41,66672,F,Pune,Sad
Employee_6742,59,99109,F,Mumbai,Sad
Employee_6743,51,90521,M,Mumbai,Happy
Employee_6744,58,64593,M,Mumbai,Sad
Employee_6745,22,43786,M,Mumbai,Happy
Employee_6746,47,124036,M,Delhi,Sad
Employee_6747,56,39815,F,Nagpur,Happy
Employee_6748,31,51966,F,Nagpur,Happy
Employee_6749,38,43794,M,Mumbai,Sad
Employee_6750,21,61423,F,Nagpur,Sad
Employee_6751,55,129480,F,Pune,Happy
Employee_6752,55,51302,F,Pune,Happy
Employee_6753,51,91064,M,Nagpur,Sad
Employee_6754,48,116800,F,Mumbai,Happy
Employee_6755,59,115140,F,Nashik,Sad
Employee_6756,21,57835,F,Mumbai,Sad
Employee_6757,45,103356,F,Delhi,Happy
Employee_6758,58,79282,F,Nashik,Happy
Employee_6759,40,82714,M,Delhi,Sad
Employee_6760,23,97035,F,Nagpur,Happy
Employee_6761,22,53814,F,Delhi,Happy
Employee_6762,38,54089,M,Nagpur,Sad
Employee_6763,30,103162,F,Delhi,Happy
Employee_6764,25,85831,M,Nashik,Happy
Employee_6765,29,62746,M,Delhi,Happy
Employee_6766,22,111673,M,Mumbai,Happy
Employee_6767,54,81940,M,Nagpur,Sad
Employee_6768,58,116796,F,Pune,Happy
Employee_6769,51,66476,F,Delhi,Happy
Employee_6770,30,56283,M,Nagpur,Happy
Employee_6771,32,31769,F,Pune,Happy
Employee_6772,56,72278,M,Nagpur,Sad
Employee_6773,41,76994,F,Nagpur,Sad
Employee_6774,26,92898,F,Pune,Sad
Employee_6775,23,45634,M,Pune,Happy
Employee_6776,30,135035,F,Nashik,Sad
Employee_6777,25,40965,M,Delhi,Sad
Employee_6778,46,57566,F,Delhi,Happy
Employee_6779,41,82196,F,Nagpur,Happy
Employee_6780,46,128679,F,Mumbai,Sad
Employee_6781,58,78285,M,Mumbai,Sad
Employee_6782,46,85499,M,Nagpur,Happy
Employee_6783,28,49420,M,Nashik,Happy
Employee_6784,25,55236,F,Pune,Happy
Employee_6785,35,36218,M,Nagpur,Sad
Employee_6786,36,79892,M,Delhi,Happy
Employee_6787,21,104031,M,Mumbai,Sad
Employee_6788,36,129389,F,Mumbai,Sad
Employee_6789,57,94057,F,Mumbai,Sad
Employee_6790,23,108609,F,Nashik,Happy
Employee_6791,51,106907,F,Delhi,Sad
Employee_6792,33,113130,M,Nashik,Sad
Employee_6793,36,41226,F,Pune,Sad
Employee_6794,41,82271,M,Nagpur,Sad
Employee_6795,22,40046,F,Nagpur,Happy
Employee_6796,47,144955,M,Mumbai,Sad
Employee_6797,58,147462,M,Mumbai,Happy
Employee_6798,46,139345,F,Pune,Happy
Employee_6799,58,67117,M,Nashik,Sad
Employee_6800,45,34965,M,Delhi,Sad
Employee_6801,31,89478,M,Pune,Happy
Employee_6802,28,141796,M,Nagpur,Happy
Employee_6803,28,108872,F,Nagpur,Happy
Employee_6804,53,87277,F,Nashik,Happy
Employee_6805,27,115379,M,Pune,Sad
Employee_6806,58,89613,F,Delhi,Sad
Employee_6807,41,47373,M,Pune,Sad
Employee_6808,28,75452,M,Pune,Sad
Employee_6809,41,80089,F,Nashik,Happy
Employee_6810,40,36654,M,Delhi,Happy
Employee_6811,28,61280,F,Nagpur,Sad
Employee_6812,51,86141,M,Mumbai,Sad
Employee_6813,49,135646,F,Delhi,Sad
Employee_6814,29,117943,F,Nagpur,Happy
Employee_6815,35,97894,M,Nashik,Sad
Employee_6816,50,56583,F,Delhi,Happy
Employee_6817,46,148033,M,Delhi,Happy
Employee_6818,30,124242,F,Nagpur,Happy
Employee_6819,49,36360,M,Nagpur,Happy
Employee_6820,36,83968,F,Pune,Sad
Employee_6821,56,33743,F,Pune,Happy
Employee_6822,40,37159,F,Delhi,Happy
Employee_6823,57,62151,M,Mumbai,Sad
Employee_6824,42,30518,F,Nashik,Sad
Employee_6825,27,46652,M,Nagpur,Happy
Employee_6826,43,108461,F,Pune,Sad
Employee_6827,49,143114,F,Nashik,Sad
Employee_6828,36,144543,M,Delhi,Happy
Employee_6829,58,101011,F,Nagpur,Sad
Employee_6830,48,132489,M,Nagpur,Happy
Employee_6831,58,133465,M,Pune,Happy
Employee_6832,51,72348,M,Mumbai,Sad
Employee_6833,34,105422,M,Nagpur,Sad
Employee_6834,53,107001,M,Mumbai,Sad
Employee_6835,29,148553,F,Nashik,Happy
Employee_6836,47,106757,M,Nagpur,Sad
Employee_6837,44,54395,F,Nagpur,Happy
Employee_6838,33,32335,M,Mumbai,Sad
Employee_6839,46,131978,M,Pune,Happy
Employee_6840,49,100112,F,Delhi,Sad
Employee_6841,48,143276,F,Nashik,Happy
Employee_6842,48,30500,M,Nagpur,Sad
Employee_6843,28,122211,M,Pune,Sad
Employee_6844,43,38083,F,Nagpur,Sad
Employee_6845,49,136598,F,Nashik,Sad
Employee_6846,25,111256,M,Delhi,Sad
Employee_6847,27,35543,M,Nagpur,Happy
Employee_6848,56,147434,M,Mumbai,Happy
Employee_6849,47,98812,F,Pune,Sad
Employee_6850,22,82237,M,Delhi,Happy
Employee_6851,45,126171,F,Nagpur,Happy
Employee_6852,29,119716,F,Delhi,Sad
Employee_6853,47,36613,M,Mumbai,Sad
Employee_6854,21,140033,M,Nagpur,Happy
Employee_6855,43,96863,F,Delhi,Happy
Employee_6856,30,70540,M,Nagpur,Sad
Employee_6857,45,106202,M,Nagpur,Sad
Employee_6858,23,56255,F,Delhi,Sad
Employee_6859,26,115666,M,Nagpur,Happy
Employee_6860,26,52068,F,Mumbai,Sad
Employee_6861,22,79057,F,Delhi,Happy
Employee_6862,38,48946,M,Delhi,Sad
Employee_6863,43,50547,F,Mumbai,Sad
Employee_6864,22,115237,F,Mumbai,Happy
Employee_6865,32,147124,M,Mumbai,Sad
Employee_6866,42,35769,F,Nagpur,Happy
Employee_6867,57,54883,M,Nagpur,Happy
Employee_6868,40,91340,F,Nashik,Happy
Employee_6869,59,109199,F,Nagpur,Sad
Employee_6870,44,134222,F,Mumbai,Sad
Employee_6871,40,145777,F,Nashik,Sad
Employee_6872,21,132859,F,Mumbai,Happy
Employee_6873,21,65162,F,Pune,Sad
Employee_6874,37,118388,F,Delhi,Sad
Employee_6875,21,115924,M,Pune,Sad
Employee_6876,50,63434,F,Mumbai,Sad
Employee_6877,23,52102,M,Nagpur,Sad
Employee_6878,31,51536,F,Delhi,Happy
Employee_6879,44,107891,F,Nagpur,Sad
Employee_6880,42,97770,M,Nagpur,Sad
Employee_6881,46,134639,M,Delhi,Sad
Employee_6882,33,80388,M,Delhi,Happy
Employee_6883,21,80775,F,Pune,Sad
Employee_6884,44,61147,M,Mumbai,Happy
Employee_6885,30,80526,F,Nagpur,Happy
Employee_6886,55,53659,F,Mumbai,Sad
Employee_6887,44,139807,M,Mumbai,Happy
Employee_6888,48,134663,F,Nashik,Happy
Employee_6889,56,112096,M,Pune,Happy
Employee_6890,36,142180,M,Nagpur,Sad
Employee_6891,36,53088,M,Delhi,Happy
Employee_6892,37,98464,M,Delhi,Sad
Employee_6893,35,135921,F,Mumbai,Sad
Employee_6894,36,89998,F,Pune,Happy
Employee_6895,35,70382,M,Pune,Happy
Employee_6896,54,58184,M,Nagpur,Happy
Employee_6897,31,50099,F,Nagpur,Sad
Employee_6898,21,99810,F,Mumbai,Sad
Employee_6899,35,120506,M,Mumbai,Happy
Employee_6900,46,121280,F,Mumbai,Happy
Employee_6901,24,67739,F,Nashik,Sad
Employee_6902,25,38389,F,Pune,Sad
Employee_6903,55,47352,F,Mumbai,Sad
Employee_6904,33,147843,M,Pune,Happy
Employee_6905,30,51148,F,Delhi,Happy
Employee_6906,31,61828,M,Delhi,Sad
Employee_6907,38,98040,M,Pune,Sad
Employee_6908,54,86795,M,Delhi,Happy
Employee_6909,59,88620,F,Delhi,Sad
Employee_6910,43,134310,F,Delhi,Happy
Employee_6911,27,124279,M,Nagpur,Sad
Employee_6912,59,124430,F,Nagpur,Sad
Employee_6913,23,126531,M,Pune,Sad
Employee_6914,32,87114,M,Pune,Sad
Employee_6915,27,70711,F,Nashik,Happy
Employee_6916,46,145957,F,Nagpur,Sad
Employee_6917,53,47748,F,Pune,Sad
Employee_6918,57,118636,M,Nagpur,Happy
Employee_6919,35,63691,M,Nashik,Happy
Employee_6920,22,145158,F,Pune,Happy
Employee_6921,27,118517,M,Pune,Sad
Employee_6922,52,95282,M,Pune,Happy
Employee_6923,24,128244,M,Pune,Sad
Employee_6924,40,90360,F,Mumbai,Happy
Employee_6925,56,40246,F,Nagpur,Sad
Employee_6926,52,140779,F,Nagpur,Happy
Employee_6927,48,89395,M,Nagpur,Happy
Employee_6928,33,62486,F,Nashik,Happy
Employee_6929,21,60340,M,Mumbai,Sad
Employee_6930,55,114874,M,Nagpur,Sad
Employee_6931,50,80300,M,Nagpur,Happy
Employee_6932,56,33086,F,Pune,Sad
Employee_6933,45,121071,M,Pune,Sad
Employee_6934,36,44860,F,Pune,Sad
Employee_6935,39,47013,M,Nagpur,Sad
Employee_6936,21,37407,F,Pune,Sad
Employee_6937,25,63542,F,Nagpur,Happy
Employee_6938,42,54935,F,Nashik,Sad
Employee_6939,44,137013,F,Nashik,Happy
Employee_6940,57,79079,F,Delhi,Happy
Employee_6941,56,64111,F,Mumbai,Happy
Employee_6942,56,86550,F,Pune,Sad
Employee_6943,24,105697,F,Pune,Sad
Employee_6944,56,119117,M,Mumbai,Happy
Employee_6945,38,127813,M,Mumbai,Happy
Employee_6946,36,116936,M,Delhi,Happy
Employee_6947,38,106955,M,Mumbai,Happy
Employee_6948,42,70565,M,Nagpur,Sad
Employee_6949,22,49283,F,Pune,Happy
Employee_6950,41,96470,F,Mumbai,Happy
Employee_6951,56,130290,F,Nagpur,Sad
Employee_6952,59,116916,F,Mumbai,Happy
Employee_6953,59,109552,F,Nagpur,Sad
Employee_6954,49,68233,M,Nashik,Happy
Employee_6955,46,52695,M,Nagpur,Sad
Employee_6956,41,120488,F,Delhi,Sad
Employee_6957,37,72734,M,Nagpur,Sad
Employee_6958,36,111257,M,Mumbai,Happy
Employee_6959,51,31505,F,Nashik,Sad
Employee_6960,29,35363,F,Nashik,Happy
Employee_6961,51,78708,M,Nagpur,Sad
Employee_6962,34,73614,M,Mumbai,Sad
Employee_6963,57,31010,F,Nashik,Sad
Employee_6964,22,143228,M,Nagpur,Happy
Employee_6965,34,141786,F,Nagpur,Sad
Employee_6966,53,49861,M,Nagpur,Sad
Employee_6967,55,54125,M,Nashik,Sad
Employee_6968,59,39369,F,Pune,Sad
Employee_6969,40,99393,M,Mumbai,Happy
Employee_6970,22,56671,F,Delhi,Happy
Employee_6971,39,105400,M,Delhi,Sad
Employee_6972,57,94512,M,Mumbai,Sad
Employee_6973,38,128026,F,Pune,Sad
Employee_6974,36,105656,M,Mumbai,Sad
Employee_6975,24,115759,F,Nagpur,Happy
Employee_6976,32,127686,F,Mumbai,Sad
Employee_6977,49,74138,M,Mumbai,Sad
Employee_6978,27,83420,F,Nashik,Happy
Employee_6979,34,98089,F,Delhi,Sad
Employee_6980,32,45489,F,Delhi,Sad
Employee_6981,55,89789,M,Nagpur,Happy
Employee_6982,25,99925,F,Nagpur,Sad
Employee_6983,37,79703,F,Nashik,Happy
Employee_6984,52,117486,M,Nagpur,Sad
Employee_6985,30,106625,F,Pune,Happy
Employee_6986,37,137535,F,Nashik,Happy
Employee_6987,25,88228,F,Nashik,Sad
Employee_6988,29,33051,M,Mumbai,Sad
Employee_6989,53,68090,M,Mumbai,Sad
Employee_6990,56,58805,M,Pune,Sad
Employee_6991,56,124978,M,Nashik,Happy
Employee_6992,38,74557,M,Nashik,Sad
Employee_6993,29,32555,M,Mumbai,Sad
Employee_6994,49,80241,F,Delhi,Sad
Employee_6995,34,108303,M,Delhi,Happy
Employee_6996,45,95994,M,Mumbai,Happy
Employee_6997,35,144005,M,Nagpur,Happy
Employee_6998,26,46066,M,Nashik,Happy
Employee_6999,49,34721,F,Pune,Happy
Employee_7000,35,107982,F,Delhi,Sad
Employee_7001,49,36304,M,Nagpur,Sad
Employee_7002,24,141869,F,Nashik,Sad
Employee_7003,38,72967,M,Nagpur,Happy
Employee_7004,59,130224,F,Nashik,Sad
Employee_7005,36,108763,M,Nashik,Happy
Employee_7006,31,70462,M,Mumbai,Happy
Employee_7007,34,101834,M,Mumbai,Happy
Employee_7008,23,134933,M,Pune,Happy
Employee_7009,58,141023,F,Pune,Happy
Employee_7010,38,133450,M,Nagpur,Sad
Employee_7011,40,80155,F,Mumbai,Sad
Employee_7012,45,147771,F,Nashik,Sad
Employee_7013,58,105842,F,Mumbai,Sad
Employee_7014,33,32589,M,Nashik,Happy
Employee_7015,24,67078,F,Mumbai,Sad
Employee_7016,34,130545,F,Nashik,Sad
Employee_7017,53,84918,F,Nagpur,Happy
Employee_7018,48,43601,M,Mumbai,Happy
Employee_7019,57,37711,F,Delhi,Happy
Employee_7020,28,116900,M,Delhi,Sad
Employee_7021,54,89430,F,Nashik,Sad
Employee_7022,25,93327,F,Nagpur,Sad
Employee_7023,25,129242,M,Nashik,Happy
Employee_7024,51,125146,M,Nagpur,Happy
Employee_7025,29,132605,F,Pune,Happy
Employee_7026,52,33970,M,Mumbai,Happy
Employee_7027,53,99535,F,Nagpur,Happy
Employee_7028,23,116570,F,Nashik,Happy
Employee_7029,50,66176,M,Pune,Sad
Employee_7030,32,142111,M,Nashik,Happy
Employee_7031,49,71730,M,Delhi,Happy
Employee_7032,23,112168,F,Delhi,Happy
Employee_7033,46,43385,F,Mumbai,Happy
Employee_7034,50,35950,F,Mumbai,Happy
Employee_7035,29,131230,M,Pune,Happy
Employee_7036,46,103511,M,Delhi,Happy
Employee_7037,22,83009,M,Nagpur,Happy
Employee_7038,23,116850,F,Delhi,Happy
Employee_7039,24,53398,M,Mumbai,Sad
Employee_7040,45,55277,M,Nashik,Sad
Employee_7041,33,56761,F,Pune,Sad
Employee_7042,59,94435,M,Delhi,Sad
Employee_7043,55,93944,M,Nagpur,Happy
Employee_7044,43,61533,F,Nagpur,Sad
Employee_7045,29,102502,F,Nagpur,Sad
Employee_7046,22,137437,F,Pune,Happy
Employee_7047,51,102123,F,Nagpur,Happy
Employee_7048,22,52880,F,Nagpur,Happy
Employee_7049,52,100627,F,Delhi,Happy
Employee_7050,38,71753,M,Pune,Sad
Employee_7051,33,126666,M,Nashik,Happy
Employee_7052,25,112597,F,Nashik,Happy
Employee_7053,30,117829,F,Nagpur,Happy
Employee_7054,45,31561,M,Mumbai,Sad
Employee_7055,54,83205,F,Pune,Sad
Employee_7056,57,136948,F,Mumbai,Happy
Employee_7057,50,89810,M,Pune,Sad
Employee_7058,27,143089,M,Pune,Happy
Employee_7059,26,94482,F,Delhi,Sad
Employee_7060,23,99192,F,Nagpur,Happy
Employee_7061,33,117154,M,Delhi,Sad
Employee_7062,23,116066,F,Mumbai,Sad
Employee_7063,46,117408,M,Mumbai,Sad
Employee_7064,44,58330,M,Nashik,Happy
Employee_7065,26,46139,F,Delhi,Sad
Employee_7066,32,62977,M,Delhi,Sad
Employee_7067,56,34983,M,Delhi,Sad
Employee_7068,22,69909,M,Nashik,Happy
Employee_7069,31,138422,F,Delhi,Sad
Employee_7070,59,94480,F,Delhi,Happy
Employee_7071,54,79029,F,Delhi,Happy
Employee_7072,46,51329,M,Delhi,Happy
Employee_7073,38,66734,M,Mumbai,Happy
Employee_7074,41,72837,F,Nagpur,Happy
Employee_7075,56,104354,M,Mumbai,Sad
Employee_7076,42,106454,M,Delhi,Happy
Employee_7077,50,137954,F,Pune,Sad
Employee_7078,50,147512,M,Pune,Sad
Employee_7079,28,96786,M,Nashik,Happy
Employee_7080,54,34758,M,Mumbai,Happy
Employee_7081,29,132667,M,Nashik,Happy
Employee_7082,40,97699,M,Nashik,Sad
Employee_7083,45,138119,M,Pune,Sad
Employee_7084,39,130157,F,Mumbai,Sad
Employee_7085,25,112673,F,Nagpur,Sad
Employee_7086,31,127639,M,Mumbai,Sad
Employee_7087,35,51832,F,Nashik,Sad
Employee_7088,28,31868,F,Delhi,Sad
Employee_7089,39,144869,F,Nashik,Sad
Employee_7090,43,80665,M,Mumbai,Sad
Employee_7091,47,143872,F,Pune,Happy
Employee_7092,52,71862,M,Mumbai,Sad
Employee_7093,46,49728,F,Nagpur,Happy
Employee_7094,47,133542,F,Delhi,Happy
Employee_7095,39,123565,M,Delhi,Sad
Employee_7096,49,69857,F,Nashik,Sad
Employee_7097,59,58183,M,Mumbai,Sad
Employee_7098,53,118321,F,Pune,Sad
Employee_7099,39,48940,F,Nagpur,Sad
Employee_7100,57,35280,F,Nashik,Sad
Employee_7101,39,132548,F,Mumbai,Happy
Employee_7102,53,32164,M,Pune,Happy
Employee_7103,36,122724,M,Mumbai,Sad
Employee_7104,43,143453,F,Pune,Happy
Employee_7105,27,109624,M,Mumbai,Happy
Employee_7106,46,48405,F,Mumbai,Happy
Employee_7107,52,32821,M,Nashik,Happy
Employee_7108,32,85090,M,Mumbai,Happy
Employee_7109,28,52516,M,Mumbai,Happy
Employee_7110,25,40473,F,Nashik,Sad
Employee_7111,48,76454,M,Nashik,Happy
Employee_7112,25,72530,M,Delhi,Happy
Employee_7113,46,134273,F,Delhi,Happy
Employee_7114,25,107714,F,Nashik,Happy
Employee_7115,42,134472,F,Nagpur,Sad
Employee_7116,35,122554,M,Pune,Happy
Employee_7117,33,112633,M,Nashik,Sad
Employee_7118,48,109632,M,Delhi,Happy
Employee_7119,53,135507,M,Mumbai,Sad
Employee_7120,43,99081,M,Nashik,Happy
Employee_7121,53,54798,M,Nashik,Happy
Employee_7122,38,30863,F,Delhi,Happy
Employee_7123,50,46148,M,Delhi,Sad
Employee_7124,46,116545,M,Nagpur,Sad
Employee_7125,36,84459,M,Delhi,Sad
Employee_7126,33,113345,F,Delhi,Sad
Employee_7127,59,114224,M,Delhi,Happy
Employee_7128,53,96189,F,Mumbai,Happy
Employee_7129,46,38129,M,Nashik,Sad
Employee_7130,21,121954,F,Nashik,Happy
Employee_7131,58,53118,F,Delhi,Happy
Employee_7132,22,30443,F,Nagpur,Happy
Employee_7133,26,57041,M,Delhi,Sad
Employee_7134,58,119379,F,Nagpur,Sad
Employee_7135,44,51053,M,Nashik,Happy
Employee_7136,38,126384,F,Nagpur,Sad
Employee_7137,47,133410,M,Nagpur,Sad
Employee_7138,28,67204,F,Pune,Sad
Employee_7139,48,147545,F,Nagpur,Sad
Employee_7140,30,72240,M,Nagpur,Happy
Employee_7141,37,131343,F,Mumbai,Sad
Employee_7142,49,123749,M,Nashik,Sad
Employee_7143,26,91102,F,Delhi,Happy
Employee_7144,34,38291,F,Pune,Sad
Employee_7145,42,138582,M,Nagpur,Happy
Employee_7146,26,46285,M,Mumbai,Happy
Employee_7147,46,122422,M,Mumbai,Sad
Employee_7148,59,91589,F,Delhi,Happy
Employee_7149,32,43944,M,Delhi,Happy
Employee_7150,55,131041,M,Nashik,Sad
Employee_7151,34,118876,F,Nagpur,Sad
Employee_7152,42,125561,M,Mumbai,Sad
Employee_7153,43,84391,M,Pune,Happy
Employee_7154,27,31607,F,Nashik,Happy
Employee_7155,45,32953,F,Nagpur,Happy
Employee_7156,33,74941,F,Delhi,Happy
Employee_7157,41,101469,F,Nagpur,Happy
Employee_7158,30,106922,F,Delhi,Happy
Employee_7159,29,91683,M,Nagpur,Sad
Employee_7160,35,143525,F,Pune,Happy
Employee_7161,22,100218,F,Nashik,Happy
Employee_7162,45,143157,F,Delhi,Sad
Employee_7163,33,139588,M,Pune,Happy
Employee_7164,54,41154,M,Mumbai,Happy
Employee_7165,54,39047,M,Pune,Happy
Employee_7166,55,118529,M,Pune,Sad
Employee_7167,58,105874,F,Pune,Sad
Employee_7168,23,44323,F,Delhi,Sad
Employee_7169,26,67693,F,Mumbai,Sad
Employee_7170,39,88730,M,Nashik,Happy
Employee_7171,23,119170,F,Pune,Happy
Employee_7172,38,56292,M,Delhi,Sad
Employee_7173,59,134087,M,Delhi,Happy
Employee_7174,29,75111,M,Nashik,Happy
Employee_7175,32,105453,F,Nagpur,Happy
Employee_7176,25,105681,F,Mumbai,Sad
Employee_7177,23,125253,F,Mumbai,Happy
Employee_7178,31,69491,F,Pune,Sad
Employee_7179,50,79336,M,Nagpur,Happy
Employee_7180,24,46905,F,Mumbai,Happy
Employee_7181,25,60273,M,Pune,Sad
Employee_7182,21,145936,M,Nagpur,Sad
Employee_7183,47,56234,M,Delhi,Happy
Employee_7184,48,108885,M,Pune,Sad
Employee_7185,49,96538,M,Nagpur,Sad
Employee_7186,38,134570,M,Nashik,Happy
Employee_7187,32,62573,M,Mumbai,Sad
Employee_7188,33,123339,F,Pune,Sad
Employee_7189,22,94320,F,Delhi,Sad
Employee_7190,57,41330,M,Pune,Sad
Employee_7191,36,122040,F,Mumbai,Sad
Employee_7192,44,110516,F,Mumbai,Sad
Employee_7193,55,102553,F,Nagpur,Happy
Employee_7194,42,71353,F,Delhi,Sad
Employee_7195,56,46011,M,Nagpur,Sad
Employee_7196,31,113537,F,Delhi,Happy
Employee_7197,49,90985,M,Pune,Sad
Employee_7198,55,47044,M,Pune,Sad
Employee_7199,35,68292,F,Nagpur,Happy
Employee_7200,51,35250,F,Nashik,Happy
Employee_7201,36,135816,M,Mumbai,Sad
Employee_7202,30,53289,M,Nagpur,Sad
Employee_7203,52,63087,F,Nagpur,Happy
Employee_7204,22,105952,F,Pune,Sad
Employee_7205,44,120695,M,Mumbai,Sad
Employee_7206,43,66368,F,Nagpur,Happy
Employee_7207,22,100815,M,Pune,Happy
Employee_7208,58,120693,M,Pune,Happy
Employee_7209,51,91040,M,Nagpur,Sad
Employee_7210,46,146455,M,Nagpur,Happy
Employee_7211,49,88900,F,Pune,Sad
Employee_7212,23,45494,M,Nagpur,Happy
Employee_7213,34,146486,M,Mumbai,Happy
Employee_7214,45,75166,F,Pune,Sad
Employee_7215,21,121110,F,Pune,Happy
Employee_7216,23,55333,M,Nagpur,Sad
Employee_7217,46,63050,F,Nagpur,Sad
Employee_7218,38,127799,F,Nagpur,Sad
Employee_7219,29,128075,M,Mumbai,Sad
Employee_7220,58,109566,F,Pune,Sad
Employee_7221,43,118257,F,Nashik,Happy
Employee_7222,41,78070,F,Mumbai,Happy
Employee_7223,21,35166,F,Mumbai,Sad
Employee_7224,41,37121,F,Pune,Sad
Employee_7225,47,44677,M,Nashik,Sad
Employee_7226,26,86561,F,Pune,Sad
Employee_7227,56,126777,M,Mumbai,Happy
Employee_7228,48,111909,M,Nagpur,Happy
Employee_7229,37,117409,F,Pune,Happy
Employee_7230,23,67664,F,Pune,Happy
Employee_7231,32,144818,F,Nagpur,Happy
Employee_7232,59,31293,F,Nashik,Happy
Employee_7233,32,52443,F,Nashik,Sad
Employee_7234,22,135261,F,Pune,Happy
Employee_7235,42,79212,F,Nagpur,Happy
Employee_7236,43,114131,F,Pune,Sad
Employee_7237,50,105276,F,Nagpur,Sad
Employee_7238,25,42559,F,Mumbai,Sad
Employee_7239,29,95231,F,Nagpur,Sad
Employee_7240,41,138277,F,Pune,Sad
Employee_7241,31,69044,M,Delhi,Happy
Employee_7242,25,51747,F,Nashik,Sad
Employee_7243,55,136456,M,Pune,Sad
Employee_7244,47,103509,M,Nagpur,Sad
Employee_7245,22,110869,F,Nagpur,Happy
Employee_7246,44,60129,M,Nashik,Sad
Employee_7247,51,30037,F,Pune,Sad
Employee_7248,53,134294,F,Delhi,Happy
Employee_7249,59,127847,M,Mumbai,Sad
Employee_7250,50,133742,F,Delhi,Happy
Employee_7251,57,78503,M,Mumbai,Happy
Employee_7252,48,58207,M,Mumbai,Sad
Employee_7253,51,139160,F,Pune,Happy
Employee_7254,31,63241,M,Mumbai,Sad
Employee_7255,43,30058,M,Nagpur,Sad
Employee_7256,22,98172,F,Mumbai,Sad
Employee_7257,47,126171,M,Mumbai,Happy
Employee_7258,55,44834,F,Nashik,Happy
Employee_7259,22,111113,F,Nashik,Happy
Employee_7260,59,147302,F,Pune,Happy
Employee_7261,57,57190,F,Pune,Happy
Employee_7262,41,102832,M,Nagpur,Sad
Employee_7263,25,51383,F,Nashik,Sad
Employee_7264,41,140974,M,Delhi,Sad
Employee_7265,49,54660,M,Pune,Happy
Employee_7266,40,138029,F,Pune,Happy
Employee_7267,58,148485,F,Nashik,Happy
Employee_7268,40,32674,F,Nashik,Sad
Employee_7269,45,144100,M,Nagpur,Sad
Employee_7270,22,139369,F,Nashik,Happy
Employee_7271,52,52820,M,Mumbai,Sad
Employee_7272,46,115040,F,Delhi,Happy
Employee_7273,26,55666,F,Mumbai,Sad
Employee_7274,23,73794,M,Mumbai,Happy
Employee_7275,53,32076,M,Mumbai,Happy
Employee_7276,21,94854,F,Pune,Sad
Employee_7277,25,82342,F,Mumbai,Sad
Employee_7278,33,67555,F,Pune,Happy
Employee_7279,39,85208,M,Nashik,Sad
Employee_7280,32,62406,F,Delhi,Sad
Employee_7281,45,91572,F,Delhi,Sad
Employee_7282,55,70262,M,Mumbai,Happy
Employee_7283,32,121320,F,Delhi,Sad
Employee_7284,50,148265,M,Pune,Sad
Employee_7285,25,116661,M,Nashik,Sad
Employee_7286,54,53216,F,Mumbai,Sad
Employee_7287,42,98117,F,Nagpur,Happy
Employee_7288,59,111136,M,Delhi,Happy
Employee_7289,33,60284,M,Delhi,Happy
Employee_7290,23,50171,F,Mumbai,Sad
Employee_7291,40,120627,M,Delhi,Happy
Employee_7292,51,44333,M,Delhi,Sad
Employee_7293,25,60535,F,Nagpur,Happy
Employee_7294,44,119023,M,Pune,Happy
Employee_7295,53,105940,M,Mumbai,Sad
Employee_7296,28,139470,M,Mumbai,Sad
Employee_7297,44,63700,M,Nagpur,Sad
Employee_7298,40,113583,M,Nagpur,Happy
Employee_7299,36,71516,M,Pune,Sad
Employee_7300,32,45577,F,Nashik,Sad
Employee_7301,33,119834,F,Mumbai,Sad
Employee_7302,59,45015,F,Delhi,Happy
Employee_7303,45,121104,F,Pune,Sad
Employee_7304,52,144412,M,Mumbai,Happy
Employee_7305,44,121740,F,Pune,Happy
Employee_7306,29,127284,M,Nashik,Sad
Employee_7307,43,121803,F,Mumbai,Sad
Employee_7308,33,51236,M,Delhi,Sad
Employee_7309,52,128151,F,Mumbai,Sad
Employee_7310,35,96640,M,Pune,Happy
Employee_7311,56,113190,F,Nashik,Sad
Employee_7312,25,75704,F,Pune,Sad
Employee_7313,42,72369,F,Pune,Happy
Employee_7314,36,33646,F,Nagpur,Happy
Employee_7315,30,117007,F,Pune,Sad
Employee_7316,44,55906,M,Nashik,Sad
Employee_7317,38,116643,F,Delhi,Sad
Employee_7318,38,77728,M,Nagpur,Sad
Employee_7319,27,44878,F,Pune,Sad
Employee_7320,24,146742,F,Mumbai,Happy
Employee_7321,46,39145,F,Nagpur,Happy
Employee_7322,25,118578,M,Nashik,Happy
Employee_7323,36,48226,F,Mumbai,Sad
Employee_7324,55,32802,F,Nashik,Sad
Employee_7325,46,54119,M,Mumbai,Sad
Employee_7326,38,93560,M,Delhi,Sad
Employee_7327,49,87353,M,Nashik,Happy
Employee_7328,43,144669,M,Mumbai,Happy
Employee_7329,34,122721,F,Nashik,Sad
Employee_7330,35,92126,M,Nagpur,Sad
Employee_7331,53,101641,M,Nashik,Sad
Employee_7332,45,81712,F,Nashik,Happy
Employee_7333,41,82189,M,Mumbai,Happy
Employee_7334,37,87784,M,Nashik,Sad
Employee_7335,43,98285,M,Delhi,Sad
Employee_7336,37,145278,F,Pune,Happy
Employee_7337,34,146056,M,Nagpur,Sad
Employee_7338,49,72949,M,Mumbai,Happy
Employee_7339,40,64129,M,Nashik,Sad
Employee_7340,50,54512,F,Nashik,Happy
Employee_7341,39,132077,F,Nashik,Sad
Employee_7342,59,109031,M,Nagpur,Happy
Employee_7343,33,93554,F,Pune,Happy
Employee_7344,38,32064,M,Delhi,Sad
Employee_7345,43,125614,F,Delhi,Happy
Employee_7346,53,81567,F,Mumbai,Sad
Employee_7347,59,147639,M,Pune,Happy
Employee_7348,38,60011,M,Pune,Sad
Employee_7349,29,101152,M,Nagpur,Sad
Employee_7350,53,103511,F,Nashik,Happy
Employee_7351,52,40960,M,Pune,Sad
Employee_7352,37,123528,F,Nashik,Sad
Employee_7353,39,88920,F,Nagpur,Sad
Employee_7354,47,51387,M,Mumbai,Sad
Employee_7355,26,45324,F,Mumbai,Happy
Employee_7356,55,93960,F,Nashik,Happy
Employee_7357,57,101779,M,Nashik,Sad
Employee_7358,54,62628,F,Pune,Happy
Employee_7359,40,105096,F,Nagpur,Sad
Employee_7360,45,77452,M,Mumbai,Sad
Employee_7361,24,71098,M,Pune,Sad
Employee_7362,30,100459,M,Delhi,Happy
Employee_7363,30,69235,F,Pune,Sad
Employee_7364,44,116861,F,Nashik,Sad
Employee_7365,41,57949,F,Delhi,Happy
Employee_7366,31,52821,M,Pune,Sad
Employee_7367,47,101612,F,Nagpur,Happy
Employee_7368,36,52032,F,Mumbai,Happy
Employee_7369,46,103537,F,Delhi,Happy
Employee_7370,50,45303,M,Nagpur,Sad
Employee_7371,36,146003,M,Pune,Sad
Employee_7372,27,111993,M,Nashik,Sad
Employee_7373,36,136979,F,Nashik,Sad
Employee_7374,55,42303,F,Nagpur,Sad
Employee_7375,36,80701,M,Nashik,Sad
Employee_7376,32,80511,M,Mumbai,Sad
Employee_7377,55,110664,F,Nagpur,Sad
Employee_7378,41,48280,M,Nagpur,Sad
Employee_7379,56,69427,F,Nashik,Sad
Employee_7380,37,127180,M,Nagpur,Sad
Employee_7381,52,133550,M,Pune,Sad
Employee_7382,26,36967,M,Delhi,Happy
Employee_7383,44,36661,F,Delhi,Happy
Employee_7384,47,107952,M,Nashik,Sad
Employee_7385,40,96046,F,Mumbai,Sad
Employee_7386,45,136918,M,Mumbai,Happy
Employee_7387,22,65200,M,Nashik,Happy
Employee_7388,29,97442,F,Nashik,Sad
Employee_7389,48,91671,F,Nagpur,Sad
Employee_7390,58,121070,M,Mumbai,Sad
Employee_7391,23,88168,F,Delhi,Sad
Employee_7392,40,78322,M,Nashik,Sad
Employee_7393,26,111984,F,Delhi,Happy
Employee_7394,59,67696,F,Delhi,Sad
Employee_7395,53,100246,M,Mumbai,Happy
Employee_7396,21,139844,M,Delhi,Happy
Employee_7397,57,68892,F,Nagpur,Sad
Employee_7398,26,136141,F,Nagpur,Sad
Employee_7399,54,45583,M,Mumbai,Happy
Employee_7400,35,112720,F,Nagpur,Sad
Employee_7401,46,85215,F,Nashik,Happy
Employee_7402,34,54853,F,Mumbai,Happy
Employee_7403,27,36109,F,Delhi,Sad
Employee_7404,51,138213,M,Nashik,Sad
Employee_7405,44,89757,M,Mumbai,Sad
Employee_7406,51,36659,F,Delhi,Happy
Employee_7407,49,31238,F,Delhi,Happy
Employee_7408,52,149211,M,Delhi,Happy
Employee_7409,37,45064,F,Delhi,Sad
Employee_7410,34,61115,F,Delhi,Happy
Employee_7411,56,61952,F,Mumbai,Sad
Employee_7412,44,35620,F,Nagpur,Sad
Employee_7413,47,129790,F,Delhi,Happy
Employee_7414,45,132985,M,Nashik,Sad
Employee_7415,52,74258,F,Mumbai,Happy
Employee_7416,38,34470,F,Pune,Sad
Employee_7417,38,52003,F,Nagpur,Sad
Employee_7418,57,57571,M,Nashik,Happy
Employee_7419,46,54668,F,Delhi,Sad
Employee_7420,29,107259,F,Mumbai,Happy
Employee_7421,55,142192,M,Mumbai,Sad
Employee_7422,28,126576,M,Delhi,Happy
Employee_7423,40,135481,M,Nashik,Happy
Employee_7424,42,141505,M,Mumbai,Sad
Employee_7425,39,62046,F,Nagpur,Sad
Employee_7426,50,100977,F,Nashik,Happy
Employee_7427,48,146528,F,Delhi,Happy
Employee_7428,55,107255,M,Nashik,Happy
Employee_7429,31,35397,F,Nashik,Happy
Employee_7430,51,129925,M,Pune,Sad
Employee_7431,59,113481,M,Delhi,Sad
Employee_7432,56,52233,F,Nagpur,Sad
Employee_7433,50,113336,M,Delhi,Sad
Employee_7434,43,90308,M,Pune,Sad
Employee_7435,39,99726,F,Delhi,Happy
Employee_7436,32,93219,F,Delhi,Happy
Employee_7437,35,133358,M,Nagpur,Sad
Employee_7438,51,31130,F,Pune,Sad
Employee_7439,57,44071,F,Delhi,Happy
Employee_7440,57,115517,M,Delhi,Sad
Employee_7441,35,140240,M,Mumbai,Sad
Employee_7442,49,32118,F,Delhi,Happy
Employee_7443,46,30663,F,Nagpur,Sad
Employee_7444,22,92408,M,Mumbai,Sad
Employee_7445,40,81786,F,Pune,Sad
Employee_7446,35,111271,M,Nashik,Sad
Employee_7447,24,49158,M,Nagpur,Happy
Employee_7448,42,61087,F,Pune,Sad
Employee_7449,58,118114,F,Mumbai,Sad
Employee_7450,43,83121,F,Nashik,Happy
Employee_7451,46,49874,F,Pune,Happy
Employee_7452,31,138067,F,Nagpur,Happy
Employee_7453,48,113443,M,Mumbai,Sad
Employee_7454,22,70821,F,Nagpur,Happy
Employee_7455,28,145675,M,Nagpur,Happy
Employee_7456,49,90582,F,Mumbai,Sad
Employee_7457,31,52787,M,Delhi,Happy
Employee_7458,57,94703,F,Nagpur,Sad
Employee_7459,38,51705,F,Mumbai,Sad
Employee_7460,34,99381,M,Nagpur,Sad
Employee_7461,30,141800,F,Delhi,Happy
Employee_7462,55,134605,F,Mumbai,Sad
Employee_7463,29,74653,M,Pune,Happy
Employee_7464,55,112018,M,Pune,Happy
Employee_7465,31,130592,M,Pune,Sad
Employee_7466,32,121626,F,Nashik,Sad
Employee_7467,23,116217,M,Nagpur,Happy
Employee_7468,59,62252,M,Nagpur,Sad
Employee_7469,34,103332,F,Mumbai,Happy
Employee_7470,48,102799,F,Nashik,Happy
Employee_7471,31,92185,F,Nagpur,Happy
Employee_7472,59,108313,F,Mumbai,Happy
Employee_7473,45,71538,F,Delhi,Happy
Employee_7474,41,50343,F,Nagpur,Happy
Employee_7475,30,135689,M,Nagpur,Sad
Employee_7476,35,110398,M,Delhi,Happy
Employee_7477,39,71232,F,Delhi,Happy
Employee_7478,42,133185,M,Nagpur,Sad
Employee_7479,41,83106,M,Delhi,Sad
Employee_7480,52,144322,M,Mumbai,Happy
Employee_7481,43,111227,M,Nagpur,Happy
Employee_7482,33,83079,F,Nagpur,Happy
Employee_7483,25,55028,F,Pune,Sad
Employee_7484,24,72135,M,Nagpur,Happy
Employee_7485,48,61066,F,Pune,Happy
Employee_7486,34,149599,M,Delhi,Sad
Employee_7487,28,128717,M,Delhi,Sad
Employee_7488,29,113470,F,Mumbai,Sad
Employee_7489,55,50910,M,Pune,Happy
Employee_7490,57,143018,F,Nagpur,Sad
Employee_7491,41,37141,F,Pune,Happy
Employee_7492,38,75950,F,Delhi,Sad
Employee_7493,53,85723,F,Delhi,Sad
Employee_7494,28,46225,F,Mumbai,Happy
Employee_7495,37,130250,F,Delhi,Happy
Employee_7496,51,117123,F,Pune,Sad
Employee_7497,54,62959,F,Nagpur,Happy
Employee_7498,26,79192,F,Nagpur,Happy
Employee_7499,42,109711,M,Pune,Sad
Employee_7500,34,40051,F,Mumbai,Happy
Employee_7501,23,101428,M,Nagpur,Happy
Employee_7502,32,33449,F,Pune,Sad
Employee_7503,56,71095,M,Pune,Happy
Employee_7504,32,134213,F,Delhi,Happy
Employee_7505,22,107929,F,Delhi,Happy
Employee_7506,22,59190,F,Mumbai,Sad
Employee_7507,35,130245,M,Mumbai,Happy
Employee_7508,43,127069,M,Mumbai,Happy
Employee_7509,49,56141,F,Pune,Happy
Employee_7510,37,132525,M,Pune,Happy
Employee_7511,52,53908,F,Delhi,Happy
Employee_7512,27,134847,M,Nagpur,Sad
Employee_7513,50,62322,M,Mumbai,Happy
Employee_7514,48,80710,M,Nashik,Sad
Employee_7515,34,44012,F,Mumbai,Happy
Employee_7516,50,64889,M,Delhi,Sad
Employee_7517,37,47412,M,Pune,Happy
Employee_7518,52,126150,F,Delhi,Sad
Employee_7519,26,140030,F,Delhi,Happy
Employee_7520,44,54657,M,Delhi,Happy
Employee_7521,26,35656,M,Nashik,Happy
Employee_7522,47,38967,F,Nashik,Happy
Employee_7523,38,114958,F,Mumbai,Sad
Employee_7524,44,45764,F,Pune,Happy
Employee_7525,57,45873,F,Delhi,Happy
Employee_7526,44,124485,F,Nagpur,Happy
Employee_7527,58,139383,M,Mumbai,Happy
Employee_7528,54,81030,F,Mumbai,Sad
Employee_7529,35,97807,F,Delhi,Happy
Employee_7530,31,31607,M,Mumbai,Happy
Employee_7531,42,49523,F,Delhi,Happy
Employee_7532,44,78447,F,Mumbai,Happy
Employee_7533,21,79757,F,Pune,Sad
Employee_7534,38,149423,M,Mumbai,Happy
Employee_7535,32,123526,F,Mumbai,Sad
Employee_7536,48,99201,F,Nagpur,Happy
Employee_7537,27,111844,F,Pune,Sad
Employee_7538,43,101388,F,Pune,Sad
Employee_7539,41,35462,M,Pune,Happy
Employee_7540,54,146832,M,Mumbai,Happy
Employee_7541,31,61795,F,Nashik,Happy
Employee_7542,42,99806,F,Mumbai,Happy
Employee_7543,55,78465,F,Delhi,Sad
Employee_7544,49,91109,F,Nagpur,Sad
Employee_7545,48,120027,F,Pune,Sad
Employee_7546,38,80528,F,Delhi,Sad
Employee_7547,34,66230,F,Delhi,Happy
Employee_7548,38,78242,M,Nashik,Happy
Employee_7549,48,95883,F,Pune,Sad
Employee_7550,44,144688,M,Mumbai,Happy
Employee_7551,28,128366,M,Pune,Sad
Employee_7552,28,31783,F,Nagpur,Sad
Employee_7553,24,58390,M,Pune,Sad
Employee_7554,47,38417,M,Delhi,Happy
Employee_7555,56,102102,M,Delhi,Sad
Employee_7556,25,47426,F,Mumbai,Sad
Employee_7557,53,60750,M,Mumbai,Sad
Employee_7558,54,88188,M,Mumbai,Happy
Employee_7559,50,40872,F,Nagpur,Happy
Employee_7560,28,124231,F,Pune,Sad
Employee_7561,59,78086,M,Nashik,Happy
Employee_7562,46,96770,F,Pune,Happy
Employee_7563,57,130288,F,Mumbai,Happy
Employee_7564,54,124368,M,Nagpur,Happy
Employee_7565,27,113514,M,Pune,Sad
Employee_7566,48,118177,M,Delhi,Sad
Employee_7567,59,122663,F,Pune,Sad
Employee_7568,59,64720,M,Delhi,Sad
Employee_7569,48,48079,M,Pune,Happy
Employee_7570,34,47338,F,Pune,Sad
Employee_7571,58,33291,F,Pune,Happy
Employee_7572,24,104084,F,Mumbai,Sad
Employee_7573,38,142808,F,Delhi,Sad
Employee_7574,45,140091,M,Nagpur,Happy
Employee_7575,27,129272,M,Nashik,Sad
Employee_7576,58,79393,M,Delhi,Happy
Employee_7577,48,123558,F,Mumbai,Sad
Employee_7578,25,99770,M,Delhi,Sad
Employee_7579,23,56720,F,Nagpur,Happy
Employee_7580,51,136642,F,Delhi,Sad
Employee_7581,40,135653,F,Mumbai,Happy
Employee_7582,39,43368,M,Mumbai,Happy
Employee_7583,31,84313,F,Nashik,Sad
Employee_7584,23,77969,M,Nagpur,Sad
Employee_7585,43,78838,M,Nashik,Happy
Employee_7586,27,38734,M,Pune,Sad
Employee_7587,43,137187,F,Mumbai,Sad
Employee_7588,27,129329,M,Nashik,Happy
Employee_7589,54,42197,M,Mumbai,Happy
Employee_7590,39,98895,F,Mumbai,Sad
Employee_7591,29,133561,M,Pune,Happy
Employee_7592,38,86831,F,Mumbai,Sad
Employee_7593,45,131255,M,Nashik,Sad
Employee_7594,34,88073,F,Nagpur,Sad
Employee_7595,45,102925,F,Delhi,Happy
Employee_7596,39,142970,F,Nashik,Happy
Employee_7597,59,110488,F,Pune,Sad
Employee_7598,35,124611,F,Delhi,Happy
Employee_7599,36,114475,M,Mumbai,Happy
Employee_7600,47,142531,M,Nashik,Happy
Employee_7601,30,80302,M,Delhi,Happy
Employee_7602,24,45624,M,Nashik,Happy
Employee_7603,39,97271,F,Mumbai,Sad
Employee_7604,48,54315,F,Nashik,Happy
Employee_7605,41,47422,M,Pune,Happy
Employee_7606,34,69137,F,Delhi,Happy
Employee_7607,53,102663,M,Delhi,Sad
Employee_7608,30,131216,F,Delhi,Sad
Employee_7609,39,78232,F,Nashik,Happy
Employee_7610,50,149528,M,Mumbai,Sad
Employee_7611,42,108142,M,Nashik,Happy
Employee_7612,23,62743,F,Nashik,Sad
Employee_7613,57,129546,M,Delhi,Sad
Employee_7614,38,45636,M,Mumbai,Happy
Employee_7615,31,120884,M,Nagpur,Sad
Employee_7616,22,40108,M,Mumbai,Happy
Employee_7617,32,103634,F,Nashik,Happy
Employee_7618,26,66180,F,Pune,Sad
Employee_7619,49,48883,F,Mumbai,Sad
Employee_7620,50,74400,F,Delhi,Sad
Employee_7621,22,75999,M,Pune,Happy
Employee_7622,29,77951,M,Nagpur,Happy
Employee_7623,22,37160,M,Nagpur,Happy
Employee_7624,49,85262,F,Pune,Sad
Employee_7625,53,49929,F,Nagpur,Sad
Employee_7626,30,113133,F,Pune,Sad
Employee_7627,54,41123,F,Nashik,Sad
Employee_7628,28,145106,M,Pune,Happy
Employee_7629,57,58357,M,Nashik,Sad
Employee_7630,53,100496,M,Delhi,Happy
Employee_7631,26,63556,F,Delhi,Happy
Employee_7632,39,113791,F,Nagpur,Happy
Employee_7633,52,91934,F,Pune,Sad
Employee_7634,47,108886,F,Nashik,Sad
Employee_7635,21,60881,F,Delhi,Sad
Employee_7636,53,48409,F,Delhi,Sad
Employee_7637,52,85416,M,Delhi,Sad
Employee_7638,25,128171,F,Nagpur,Sad
Employee_7639,37,97982,F,Delhi,Sad
Employee_7640,28,60657,F,Mumbai,Sad
Employee_7641,54,116743,M,Nagpur,Sad
Employee_7642,29,78951,M,Pune,Sad
Employee_7643,43,38752,F,Mumbai,Sad
Employee_7644,55,147339,M,Nagpur,Sad
Employee_7645,27,43440,M,Nagpur,Sad
Employee_7646,35,74864,M,Nashik,Sad
Employee_7647,40,79691,F,Mumbai,Happy
Employee_7648,45,102035,M,Mumbai,Happy
Employee_7649,23,116675,M,Mumbai,Happy
Employee_7650,44,110303,M,Delhi,Sad
Employee_7651,54,52343,F,Delhi,Happy
Employee_7652,42,123248,M,Pune,Sad
Employee_7653,31,49673,F,Pune,Sad
Employee_7654,28,89954,M,Pune,Happy
Employee_7655,59,84698,F,Delhi,Sad
Employee_7656,55,125024,F,Nashik,Sad
Employee_7657,58,56520,F,Pune,Sad
Employee_7658,28,139641,F,Nagpur,Sad
Employee_7659,57,144123,F,Delhi,Happy
Employee_7660,47,45784,M,Nashik,Sad
Employee_7661,48,147446,M,Nagpur,Happy
Employee_7662,54,68079,M,Nagpur,Happy
Employee_7663,52,74220,F,Delhi,Sad
Employee_7664,35,50491,F,Mumbai,Happy
Employee_7665,37,142878,F,Nashik,Sad
Employee_7666,53,146583,M,Delhi,Sad
Employee_7667,36,78720,F,Mumbai,Happy
Employee_7668,49,130804,F,Delhi,Happy
Employee_7669,29,44718,F,Delhi,Happy
Employee_7670,53,65597,F,Nagpur,Sad
Employee_7671,49,91217,M,Delhi,Happy
Employee_7672,33,128351,F,Mumbai,Happy
Employee_7673,41,130668,F,Nagpur,Happy
Employee_7674,41,56832,F,Mumbai,Sad
Employee_7675,25,84818,F,Mumbai,Sad
Employee_7676,30,127398,M,Nagpur,Happy
Employee_7677,26,42864,F,Mumbai,Happy
Employee_7678,33,118378,M,Pune,Happy
Employee_7679,21,38177,M,Delhi,Sad
Employee_7680,40,76115,F,Nagpur,Sad
Employee_7681,28,136235,F,Nagpur,Sad
Employee_7682,30,86210,M,Pune,Sad
Employee_7683,29,81954,F,Pune,Sad
Employee_7684,23,141145,F,Pune,Happy
Employee_7685,31,41844,M,Pune,Happy
Employee_7686,32,104130,M,Nashik,Sad
Employee_7687,30,43418,M,Nagpur,Sad
Employee_7688,45,64854,M,Mumbai,Happy
Employee_7689,45,118644,M,Nagpur,Happy
Employee_7690,31,105955,M,Nagpur,Happy
Employee_7691,56,118075,F,Nagpur,Happy
Employee_7692,59,139906,F,Pune,Happy
Employee_7693,46,73950,F,Pune,Happy
Employee_7694,34,95227,F,Nashik,Happy
Employee_7695,59,42835,F,Nagpur,Happy
Employee_7696,21,47533,F,Delhi,Happy
Employee_7697,24,144750,F,Nashik,Happy
Employee_7698,50,125051,F,Pune,Happy
Employee_7699,32,131457,F,Nagpur,Sad
Employee_7700,55,137504,M,Pune,Sad
Employee_7701,33,117858,M,Mumbai,Sad
Employee_7702,51,40223,F,Pune,Happy
Employee_7703,58,40273,F,Pune,Happy
Employee_7704,43,63519,M,Nashik,Sad
Employee_7705,24,54160,M,Mumbai,Sad
Employee_7706,36,104385,M,Delhi,Happy
Employee_7707,27,145388,F,Delhi,Happy
Employee_7708,42,121192,M,Delhi,Happy
Employee_7709,49,78988,M,Nagpur,Sad
Employee_7710,31,40348,M,Delhi,Happy
Employee_7711,53,113460,F,Nagpur,Happy
Employee_7712,49,147720,M,Pune,Happy
Employee_7713,59,134471,F,Delhi,Happy
Employee_7714,32,134668,M,Nashik,Sad
Employee_7715,27,97519,M,Mumbai,Sad
Employee_7716,59,120426,F,Mumbai,Happy
Employee_7717,46,44629,M,Pune,Sad
Employee_7718,29,79056,M,Mumbai,Sad
Employee_7719,54,41273,M,Mumbai,Happy
Employee_7720,33,127275,F,Pune,Sad
Employee_7721,56,70416,F,Pune,Happy
Employee_7722,45,37894,F,Pune,Happy
Employee_7723,44,76073,M,Nashik,Sad
Employee_7724,37,75693,F,Pune,Happy
Employee_7725,22,81466,M,Pune,Happy
Employee_7726,33,54343,M,Pune,Happy
Employee_7727,51,73095,M,Delhi,Happy
Employee_7728,49,61174,M,Delhi,Sad
Employee_7729,48,80801,M,Nashik,Happy
Employee_7730,47,139715,M,Nashik,Sad
Employee_7731,35,102436,M,Mumbai,Sad
Employee_7732,51,144441,M,Delhi,Sad
Employee_7733,35,99336,F,Nashik,Happy
Employee_7734,53,130782,F,Nashik,Sad
Employee_7735,40,138271,M,Mumbai,Sad
Employee_7736,32,72926,F,Pune,Sad
Employee_7737,57,102590,F,Nagpur,Sad
Employee_7738,29,68827,F,Mumbai,Sad
Employee_7739,43,138263,M,Nagpur,Sad
Employee_7740,28,74775,F,Mumbai,Sad
Employee_7741,52,71201,M,Mumbai,Happy
Employee_7742,34,59373,F,Pune,Happy
Employee_7743,47,57525,F,Nashik,Sad
Employee_7744,45,134513,F,Delhi,Sad
Employee_7745,33,102651,M,Mumbai,Happy
Employee_7746,41,126643,M,Pune,Sad
Employee_7747,51,60486,M,Nagpur,Sad
Employee_7748,57,108604,M,Nashik,Happy
Employee_7749,25,48640,M,Mumbai,Sad
Employee_7750,33,127694,M,Nagpur,Sad
Employee_7751,48,91455,M,Mumbai,Sad
Employee_7752,45,66136,M,Delhi,Sad
Employee_7753,55,92425,M,Delhi,Happy
Employee_7754,59,86539,F,Nashik,Sad
Employee_7755,27,111664,F,Nagpur,Sad
Employee_7756,58,54942,M,Delhi,Happy
Employee_7757,52,98363,F,Pune,Happy
Employee_7758,23,88596,F,Nashik,Sad
Employee_7759,59,111526,M,Mumbai,Sad
Employee_7760,57,65255,M,Nagpur,Sad
Employee_7761,42,92129,F,Nagpur,Sad
Employee_7762,28,115523,M,Pune,Sad
Employee_7763,37,148209,F,Delhi,Sad
Employee_7764,47,141651,M,Nagpur,Sad
Employee_7765,53,92286,F,Pune,Happy
Employee_7766,37,116437,M,Pune,Happy
Employee_7767,32,46277,F,Mumbai,Sad
Employee_7768,47,31643,F,Pune,Sad
Employee_7769,28,145900,F,Nashik,Sad
Employee_7770,43,53729,F,Nagpur,Sad
Employee_7771,49,116623,M,Nashik,Sad
Employee_7772,40,51818,F,Pune,Sad
Employee_7773,36,95555,M,Pune,Happy
Employee_7774,37,128979,F,Nashik,Happy
Employee_7775,36,83629,M,Mumbai,Sad
Employee_7776,39,145296,F,Pune,Sad
Employee_7777,28,85438,M,Nashik,Sad
Employee_7778,58,144749,F,Nashik,Happy
Employee_7779,58,39457,F,Nagpur,Happy
Employee_7780,49,89629,M,Mumbai,Happy
Employee_7781,56,63922,F,Delhi,Sad
Employee_7782,46,39820,F,Nashik,Happy
Employee_7783,51,62750,F,Nagpur,Sad
Employee_7784,32,138122,F,Delhi,Sad
Employee_7785,37,132020,M,Nagpur,Sad
Employee_7786,35,133546,F,Nagpur,Sad
Employee_7787,29,67790,M,Mumbai,Happy
Employee_7788,59,118405,M,Pune,Sad
Employee_7789,32,146130,M,Mumbai,Sad
Employee_7790,52,64421,M,Delhi,Happy
Employee_7791,45,98038,F,Mumbai,Sad
Employee_7792,59,147957,F,Pune,Sad
Employee_7793,38,112201,M,Mumbai,Sad
Employee_7794,35,92325,F,Mumbai,Happy
Employee_7795,52,55600,F,Mumbai,Sad
Employee_7796,26,59394,M,Nashik,Sad
Employee_7797,55,109622,M,Nashik,Happy
Employee_7798,54,66171,M,Mumbai,Sad
Employee_7799,58,129539,F,Pune,Sad
Employee_7800,25,91526,M,Pune,Sad
Employee_7801,38,149448,M,Pune,Sad
Employee_7802,36,43149,F,Pune,Happy
Employee_7803,28,60394,F,Nagpur,Happy
Employee_7804,45,44396,F,Mumbai,Sad
Employee_7805,52,53324,F,Mumbai,Happy
Employee_7806,46,77198,F,Nagpur,Sad
Employee_7807,42,112705,F,Pune,Sad
Employee_7808,51,142168,F,Delhi,Happy
Employee_7809,30,143810,F,Delhi,Sad
Employee_7810,32,139813,M,Nagpur,Sad
Employee_7811,48,121779,F,Delhi,Sad
Employee_7812,26,61016,M,Nashik,Sad
Employee_7813,40,33194,F,Mumbai,Happy
Employee_7814,25,62398,F,Delhi,Happy
Employee_7815,43,34789,M,Nashik,Happy
Employee_7816,29,115695,F,Mumbai,Happy
Employee_7817,49,94967,M,Nashik,Happy
Employee_7818,36,138942,F,Mumbai,Sad
Employee_7819,42,91134,M,Mumbai,Happy
Employee_7820,28,100886,M,Delhi,Happy
Employee_7821,40,128837,F,Nagpur,Sad
Employee_7822,34,54977,M,Delhi,Sad
Employee_7823,59,131967,M,Pune,Sad
Employee_7824,57,30129,F,Nashik,Sad
Employee_7825,54,89683,F,Pune,Sad
Employee_7826,31,75331,M,Mumbai,Happy
Employee_7827,53,147647,F,Delhi,Happy
Employee_7828,51,64626,M,Pune,Happy
Employee_7829,54,78503,M,Pune,Sad
Employee_7830,27,57549,M,Pune,Happy
Employee_7831,43,42342,F,Mumbai,Sad
Employee_7832,27,66417,F,Mumbai,Happy
Employee_7833,45,106514,M,Mumbai,Sad
Employee_7834,23,82249,M,Pune,Happy
Employee_7835,58,82664,M,Nashik,Happy
Employee_7836,40,133164,F,Delhi,Sad
Employee_7837,54,137716,M,Delhi,Sad
Employee_7838,50,38833,F,Mumbai,Sad
Employee_7839,37,90658,M,Pune,Happy
Employee_7840,30,142439,M,Nashik,Sad
Employee_7841,55,129027,M,Nagpur,Sad
Employee_7842,40,59473,M,Mumbai,Sad
Employee_7843,38,30737,F,Nagpur,Happy
Employee_7844,47,124965,F,Delhi,Sad
Employee_7845,56,76647,F,Delhi,Happy
Employee_7846,43,94054,F,Nashik,Happy
Employee_7847,52,31299,F,Nashik,Happy
Employee_7848,30,93281,M,Nagpur,Sad
Employee_7849,31,148168,F,Delhi,Happy
Employee_7850,58,95875,F,Nashik,Sad
Employee_7851,26,62920,F,Nashik,Sad
Employee_7852,54,84836,F,Delhi,Sad
Employee_7853,56,72381,M,Delhi,Happy
Employee_7854,57,142059,M,Pune,Happy
Employee_7855,37,144286,M,Nashik,Happy
Employee_7856,32,114971,F,Nagpur,Sad
Employee_7857,41,128730,M,Mumbai,Sad
Employee_7858,39,86298,M,Mumbai,Happy
Employee_7859,23,54509,F,Delhi,Happy
Employee_7860,38,72095,F,Nagpur,Sad
Employee_7861,39,81524,F,Pune,Sad
Employee_7862,26,139825,M,Nashik,Sad
Employee_7863,36,145637,F,Pune,Sad
Employee_7864,28,96909,M,Nagpur,Happy
Employee_7865,38,102618,M,Pune,Happy
Employee_7866,59,55532,M,Delhi,Sad
Employee_7867,32,138197,M,Mumbai,Happy
Employee_7868,30,90285,M,Delhi,Happy
Employee_7869,27,48866,F,Nashik,Sad
Employee_7870,21,37593,M,Delhi,Sad
Employee_7871,56,39495,M,Nagpur,Happy
Employee_7872,41,145058,M,Nagpur,Sad
Employee_7873,57,37837,M,Nashik,Happy
Employee_7874,44,106708,M,Nashik,Sad
Employee_7875,45,48680,F,Mumbai,Happy
Employee_7876,27,85476,M,Pune,Sad
Employee_7877,37,60346,M,Mumbai,Happy
Employee_7878,49,138621,M,Delhi,Sad
Employee_7879,50,53412,M,Pune,Sad
Employee_7880,27,118399,F,Nashik,Sad
Employee_7881,53,148833,M,Nagpur,Sad
Employee_7882,27,60804,M,Delhi,Sad
Employee_7883,44,95206,M,Mumbai,Happy
Employee_7884,31,40934,M,Nashik,Happy
Employee_7885,29,60723,F,Pune,Sad
Employee_7886,32,50405,F,Pune,Happy
Employee_7887,55,48748,F,Nagpur,Happy
Employee_7888,24,100766,M,Nashik,Sad
Employee_7889,56,76413,F,Nashik,Happy
Employee_7890,48,52354,F,Delhi,Happy
Employee_7891,33,104490,F,Delhi,Happy
Employee_7892,43,118675,F,Pune,Happy
Employee_7893,39,140558,F,Mumbai,Sad
Employee_7894,57,47388,M,Pune,Happy
Employee_7895,59,135361,F,Delhi,Happy
Employee_7896,44,66523,F,Delhi,Happy
Employee_7897,36,131150,F,Delhi,Happy
Employee_7898,53,87693,M,Pune,Sad
Employee_7899,32,65732,M,Nashik,Happy
Employee_7900,54,71646,F,Mumbai,Sad
Employee_7901,27,51021,M,Mumbai,Sad
Employee_7902,31,123238,M,Delhi,Sad
Employee_7903,51,140952,F,Nagpur,Sad
Employee_7904,49,131059,M,Pune,Sad
Employee_7905,33,82776,F,Nashik,Happy
Employee_7906,51,49116,F,Delhi,Happy
Employee_7907,22,102009,F,Nagpur,Sad
Employee_7908,59,142858,M,Delhi,Sad
Employee_7909,35,118271,F,Nagpur,Happy
Employee_7910,31,129997,F,Mumbai,Happy
Employee_7911,54,106620,M,Nagpur,Sad
Employee_7912,59,74771,F,Mumbai,Happy
Employee_7913,24,58756,M,Mumbai,Happy
Employee_7914,31,112604,M,Pune,Sad
Employee_7915,49,124452,F,Nagpur,Sad
Employee_7916,22,32919,M,Nashik,Sad
Employee_7917,36,53550,F,Nashik,Sad
Employee_7918,59,66524,M,Nagpur,Sad
Employee_7919,33,84606,M,Pune,Happy
Employee_7920,57,98819,M,Nashik,Sad
Employee_7921,37,100227,M,Delhi,Happy
Employee_7922,41,53212,F,Nashik,Sad
Employee_7923,39,70118,F,Pune,Sad
Employee_7924,27,58602,M,Mumbai,Sad
Employee_7925,58,47540,F,Mumbai,Sad
Employee_7926,28,65829,F,Mumbai,Sad
Employee_7927,33,86309,F,Pune,Sad
Employee_7928,57,95403,F,Mumbai,Happy
Employee_7929,22,101455,F,Mumbai,Sad
Employee_7930,31,52277,F,Pune,Sad
Employee_7931,44,149133,F,Delhi,Happy
Employee_7932,26,89673,M,Nashik,Happy
Employee_7933,46,47676,F,Pune,Sad
Employee_7934,27,72844,M,Pune,Happy
Employee_7935,59,94708,M,Nagpur,Happy
Employee_7936,39,39752,M,Mumbai,Sad
Employee_7937,26,111548,F,Delhi,Sad
Employee_7938,49,104711,F,Nagpur,Happy
Employee_7939,59,70670,M,Delhi,Sad
Employee_7940,22,97603,M,Mumbai,Happy
Employee_7941,39,61478,F,Mumbai,Happy
Employee_7942,24,56439,F,Mumbai,Happy
Employee_7943,26,64747,F,Nashik,Happy
Employee_7944,57,146424,M,Delhi,Sad
Employee_7945,48,59810,M,Delhi,Sad
Employee_7946,50,48302,F,Nagpur,Sad
Employee_7947,27,96236,F,Pune,Sad
Employee_7948,29,94467,M,Mumbai,Sad
Employee_7949,45,132350,F,Mumbai,Sad
Employee_7950,53,64841,F,Nagpur,Sad
Employee_7951,21,149349,M,Delhi,Sad
Employee_7952,26,74713,M,Nashik,Sad
Employee_7953,38,79546,M,Delhi,Sad
Employee_7954,30,33048,M,Nashik,Sad
Employee_7955,48,148140,F,Nashik,Sad
Employee_7956,31,63290,M,Delhi,Happy
Employee_7957,53,88906,F,Mumbai,Sad
Employee_7958,21,106637,F,Nashik,Sad
Employee_7959,33,59778,F,Nagpur,Sad
Employee_7960,57,57425,M,Nagpur,Sad
Employee_7961,40,137045,M,Nashik,Sad
Employee_7962,21,113388,F,Mumbai,Happy
Employee_7963,23,120036,F,Nashik,Happy
Employee_7964,38,88176,M,Nagpur,Sad
Employee_7965,34,42674,F,Nagpur,Sad
Employee_7966,51,92402,F,Delhi,Sad
Employee_7967,47,118731,F,Mumbai,Happy
Employee_7968,37,146109,F,Delhi,Sad
Employee_7969,49,119907,F,Pune,Sad
Employee_7970,56,63053,F,Nashik,Happy
Employee_7971,57,147433,F,Delhi,Happy
Employee_7972,46,41957,F,Mumbai,Sad
Employee_7973,37,102644,M,Nashik,Sad
Employee_7974,42,83616,M,Nashik,Happy
Employee_7975,45,143294,F,Nashik,Sad
Employee_7976,22,47829,F,Nashik,Sad
Employee_7977,42,35837,M,Nashik,Happy
Employee_7978,25,94141,M,Mumbai,Sad
Employee_7979,24,45032,M,Pune,Happy
Employee_7980,56,129770,F,Nagpur,Sad
Employee_7981,26,56352,M,Pune,Sad
Employee_7982,41,60215,M,Nagpur,Happy
Employee_7983,33,86319,F,Delhi,Happy
Employee_7984,57,104642,M,Nashik,Happy
Employee_7985,45,71247,F,Delhi,Happy
Employee_7986,46,124302,M,Delhi,Happy
Employee_7987,59,73048,M,Nagpur,Happy
Employee_7988,40,149114,M,Mumbai,Happy
Employee_7989,53,134236,M,Nashik,Happy
Employee_7990,34,105532,M,Delhi,Happy
Employee_7991,56,96714,F,Pune,Sad
Employee_7992,37,65319,F,Nashik,Sad
Employee_7993,41,149058,M,Mumbai,Happy
Employee_7994,36,46025,F,Nashik,Sad
Employee_7995,36,39780,M,Delhi,Happy
Employee_7996,40,52706,M,Pune,Happy
Employee_7997,49,72916,M,Delhi,Sad
Employee_7998,48,105503,M,Mumbai,Happy
Employee_7999,28,60856,M,Nagpur,Happy
Employee_8000,44,133166,F,Pune,Happy
Employee_8001,23,39179,F,Mumbai,Happy
Employee_8002,45,68623,F,Mumbai,Sad
Employee_8003,39,47587,F,Delhi,Happy
Employee_8004,53,53733,M,Delhi,Sad
Employee_8005,22,118306,F,Delhi,Sad
Employee_8006,35,129423,M,Nagpur,Happy
Employee_8007,42,33975,M,Nashik,Sad
Employee_8008,30,108455,F,Nashik,Sad
Employee_8009,38,105138,F,Delhi,Sad
Employee_8010,42,75463,M,Delhi,Sad
Employee_8011,47,129596,M,Nagpur,Happy
Employee_8012,33,72154,M,Nashik,Happy
Employee_8013,53,105676,F,Nagpur,Happy
Employee_8014,25,148343,M,Mumbai,Sad
Employee_8015,46,116706,M,Nashik,Sad
Employee_8016,33,146905,M,Delhi,Happy
Employee_8017,47,58830,M,Pune,Sad
Employee_8018,34,140076,F,Mumbai,Sad
Employee_8019,44,102126,F,Pune,Happy
Employee_8020,23,76745,M,Nagpur,Sad
Employee_8021,50,60609,F,Nagpur,Sad
Employee_8022,55,47401,M,Nagpur,Happy
Employee_8023,34,57729,F,Delhi,Happy
Employee_8024,32,133480,F,Nagpur,Happy
Employee_8025,48,148278,F,Pune,Happy
Employee_8026,49,75167,F,Mumbai,Happy
Employee_8027,37,124181,M,Delhi,Happy
Employee_8028,41,87391,M,Mumbai,Happy
Employee_8029,43,124583,M,Nagpur,Sad
Employee_8030,40,88171,F,Nashik,Happy
Employee_8031,31,118096,F,Delhi,Sad
Employee_8032,54,36647,M,Nagpur,Happy
Employee_8033,30,51106,F,Delhi,Sad
Employee_8034,30,36015,F,Nashik,Sad
Employee_8035,26,51506,M,Pune,Sad
Employee_8036,56,144149,F,Pune,Sad
Employee_8037,44,54067,M,Pune,Sad
Employee_8038,32,146777,F,Nashik,Happy
Employee_8039,43,32056,M,Mumbai,Happy
Employee_8040,47,127255,F,Nashik,Happy
Employee_8041,57,59328,F,Nashik,Sad
Employee_8042,26,107712,F,Nagpur,Sad
Employee_8043,21,82832,F,Pune,Sad
Employee_8044,26,72771,F,Delhi,Happy
Employee_8045,42,127421,M,Mumbai,Sad
Employee_8046,44,116805,F,Delhi,Sad
Employee_8047,45,76515,M,Nagpur,Happy
Employee_8048,35,94538,M,Nagpur,Happy
Employee_8049,46,98650,M,Mumbai,Happy
Employee_8050,28,108978,F,Delhi,Sad
Employee_8051,44,70151,M,Mumbai,Sad
Employee_8052,58,31629,F,Mumbai,Happy
Employee_8053,26,113463,F,Pune,Sad
Employee_8054,55,126853,F,Delhi,Sad
Employee_8055,21,119432,M,Pune,Sad
Employee_8056,56,58155,F,Pune,Sad
Employee_8057,32,48288,F,Pune,Happy
Employee_8058,58,80588,F,Nashik,Sad
Employee_8059,31,116951,M,Nagpur,Sad
Employee_8060,32,66085,M,Nagpur,Happy
Employee_8061,59,41251,M,Nashik,Sad
Employee_8062,27,132420,M,Mumbai,Sad
Employee_8063,31,55574,F,Delhi,Happy
Employee_8064,56,39623,M,Delhi,Sad
Employee_8065,51,116472,F,Delhi,Happy
Employee_8066,53,84715,M,Pune,Sad
Employee_8067,33,36123,F,Delhi,Sad
Employee_8068,38,33061,M,Delhi,Sad
Employee_8069,44,136393,M,Delhi,Happy
Employee_8070,29,132035,M,Nagpur,Sad
Employee_8071,51,69095,F,Nashik,Sad
Employee_8072,30,89618,F,Mumbai,Happy
Employee_8073,22,58451,M,Nashik,Sad
Employee_8074,58,111897,M,Delhi,Sad
Employee_8075,35,111443,M,Mumbai,Sad
Employee_8076,23,148005,M,Mumbai,Happy
Employee_8077,51,64814,M,Nashik,Happy
Employee_8078,26,147832,M,Nashik,Happy
Employee_8079,23,115141,F,Nashik,Sad
Employee_8080,31,127792,F,Nashik,Happy
Employee_8081,35,106868,F,Pune,Sad
Employee_8082,48,67832,F,Nagpur,Happy
Employee_8083,30,125012,F,Nagpur,Happy
Employee_8084,58,39445,F,Delhi,Sad
Employee_8085,27,63490,M,Pune,Happy
Employee_8086,35,59767,M,Mumbai,Happy
Employee_8087,38,76057,M,Nashik,Sad
Employee_8088,38,110746,M,Delhi,Sad
Employee_8089,44,119695,M,Mumbai,Sad
Employee_8090,22,103100,F,Nagpur,Sad
Employee_8091,40,71043,F,Mumbai,Sad
Employee_8092,54,116755,F,Nashik,Sad
Employee_8093,46,57946,F,Nashik,Sad
Employee_8094,27,66587,F,Nagpur,Sad
Employee_8095,58,33364,M,Nashik,Happy
Employee_8096,50,99854,F,Pune,Sad
Employee_8097,25,86088,F,Delhi,Happy
Employee_8098,31,147468,F,Nagpur,Sad
Employee_8099,21,107015,M,Nagpur,Sad
Employee_8100,54,37398,M,Mumbai,Happy
Employee_8101,21,32452,M,Nagpur,Happy
Employee_8102,39,117208,M,Delhi,Happy
Employee_8103,22,63193,M,Pune,Sad
Employee_8104,41,109401,M,Mumbai,Sad
Employee_8105,40,55345,F,Delhi,Sad
Employee_8106,43,141811,F,Nagpur,Sad
Employee_8107,41,115895,F,Nashik,Happy
Employee_8108,44,104335,M,Nashik,Sad
Employee_8109,24,89196,M,Delhi,Happy
Employee_8110,32,53053,M,Pune,Sad
Employee_8111,42,130428,M,Nashik,Sad
Employee_8112,40,113220,F,Delhi,Happy
Employee_8113,38,35015,M,Mumbai,Sad
Employee_8114,21,127201,M,Nagpur,Happy
Employee_8115,50,38657,M,Pune,Sad
Employee_8116,53,81116,M,Pune,Sad
Employee_8117,44,51951,M,Mumbai,Sad
Employee_8118,34,127599,F,Pune,Sad
Employee_8119,56,128279,M,Delhi,Sad
Employee_8120,25,56521,M,Pune,Happy
Employee_8121,31,84431,F,Pune,Sad
Employee_8122,44,40731,M,Pune,Sad
Employee_8123,51,48744,M,Delhi,Sad
Employee_8124,33,93094,F,Nagpur,Sad
Employee_8125,36,48423,F,Nashik,Happy
Employee_8126,44,144612,F,Pune,Sad
Employee_8127,33,47568,F,Mumbai,Happy
Employee_8128,44,77411,F,Mumbai,Happy
Employee_8129,46,33934,F,Delhi,Happy
Employee_8130,22,106945,F,Nagpur,Happy
Employee_8131,36,126946,F,Pune,Happy
Employee_8132,58,126344,F,Delhi,Sad
Employee_8133,21,38172,F,Nashik,Happy
Employee_8134,31,57358,M,Nagpur,Happy
Employee_8135,55,96313,F,Nagpur,Happy
Employee_8136,49,49763,F,Delhi,Happy
Employee_8137,57,78673,F,Mumbai,Happy
Employee_8138,37,130722,F,Nagpur,Happy
Employee_8139,59,126706,F,Mumbai,Sad
Employee_8140,48,115997,M,Nagpur,Sad
Employee_8141,49,140758,M,Nagpur,Happy
Employee_8142,23,97975,M,Nagpur,Happy
Employee_8143,30,37804,F,Nashik,Happy
Employee_8144,34,141327,F,Mumbai,Happy
Employee_8145,32,77594,M,Nashik,Happy
Employee_8146,50,108748,F,Mumbai,Sad
Employee_8147,52,117189,F,Nashik,Sad
Employee_8148,52,117507,M,Nashik,Sad
Employee_8149,52,97525,F,Nashik,Sad
Employee_8150,46,103404,F,Delhi,Sad
Employee_8151,21,137562,F,Nashik,Sad
Employee_8152,22,129248,F,Nagpur,Happy
Employee_8153,37,54604,F,Pune,Happy
Employee_8154,50,146585,F,Nashik,Sad
Employee_8155,59,52135,F,Pune,Happy
Employee_8156,27,126080,M,Pune,Sad
Employee_8157,47,67918,M,Nagpur,Sad
Employee_8158,29,80849,F,Pune,Sad
Employee_8159,42,60847,F,Pune,Happy
Employee_8160,54,73774,M,Pune,Happy
Employee_8161,21,90709,M,Mumbai,Sad
Employee_8162,29,40680,M,Nashik,Happy
Employee_8163,40,143508,M,Nashik,Sad
Employee_8164,39,125619,M,Pune,Happy
Employee_8165,56,85037,M,Nagpur,Happy
Employee_8166,24,129969,M,Mumbai,Sad
Employee_8167,29,141115,F,Nagpur,Sad
Employee_8168,42,88914,M,Nagpur,Sad
Employee_8169,38,56309,M,Pune,Sad
Employee_8170,32,137255,M,Delhi,Happy
Employee_8171,59,40349,F,Pune,Sad
Employee_8172,29,105079,F,Delhi,Happy
Employee_8173,26,90820,F,Mumbai,Sad
Employee_8174,39,104996,M,Delhi,Happy
Employee_8175,27,64553,M,Pune,Sad
Employee_8176,36,58525,M,Pune,Sad
Employee_8177,25,35948,F,Nagpur,Sad
Employee_8178,36,44498,F,Pune,Happy
Employee_8179,21,48991,F,Pune,Happy
Employee_8180,57,120510,F,Nashik,Sad
Employee_8181,59,130934,F,Nashik,Happy
Employee_8182,39,89790,F,Nagpur,Sad
Employee_8183,57,37660,M,Delhi,Happy
Employee_8184,37,56245,F,Delhi,Sad
Employee_8185,46,30238,F,Nashik,Sad
Employee_8186,42,49920,F,Mumbai,Happy
Employee_8187,28,76659,F,Nashik,Happy
Employee_8188,53,148549,M,Mumbai,Happy
Employee_8189,22,104874,M,Delhi,Sad
Employee_8190,50,72517,F,Nashik,Happy
Employee_8191,40,105885,M,Pune,Happy
Employee_8192,38,76350,M,Mumbai,Happy
Employee_8193,30,107179,M,Mumbai,Happy
Employee_8194,44,58274,M,Mumbai,Happy
Employee_8195,24,75013,M,Delhi,Sad
Employee_8196,57,136203,M,Nagpur,Sad
Employee_8197,24,69913,M,Pune,Happy
Employee_8198,33,134165,F,Nashik,Sad
Employee_8199,45,75819,M,Mumbai,Happy
Employee_8200,33,112168,F,Delhi,Happy
Employee_8201,38,122680,M,Mumbai,Sad
Employee_8202,44,107857,M,Nashik,Sad
Employee_8203,22,132627,M,Pune,Sad
Employee_8204,53,124792,F,Mumbai,Sad
Employee_8205,39,94910,M,Delhi,Sad
Employee_8206,29,53485,F,Delhi,Sad
Employee_8207,48,32860,M,Nagpur,Sad
Employee_8208,55,79875,M,Delhi,Happy
Employee_8209,59,44919,F,Nagpur,Happy
Employee_8210,30,128873,M,Pune,Happy
Employee_8211,21,103947,M,Nashik,Sad
Employee_8212,41,39586,M,Nagpur,Happy
Employee_8213,29,81986,F,Mumbai,Happy
Employee_8214,35,119848,M,Mumbai,Happy
Employee_8215,55,53055,M,Nashik,Happy
Employee_8216,25,64890,M,Delhi,Sad
Employee_8217,42,93081,F,Mumbai,Happy
Employee_8218,43,58807,M,Nagpur,Happy
Employee_8219,27,115920,F,Nashik,Happy
Employee_8220,43,77177,M,Mumbai,Happy
Employee_8221,45,124461,M,Delhi,Happy
Employee_8222,47,98625,F,Delhi,Sad
Employee_8223,26,44242,F,Mumbai,Happy
Employee_8224,54,86317,F,Nashik,Happy
Employee_8225,29,69978,F,Pune,Happy
Employee_8226,53,46433,F,Mumbai,Happy
Employee_8227,26,63282,M,Delhi,Happy
Employee_8228,57,106519,M,Pune,Happy
Employee_8229,51,139274,F,Nashik,Sad
Employee_8230,54,73578,M,Delhi,Happy
Employee_8231,49,138333,M,Nashik,Happy
Employee_8232,34,100207,F,Mumbai,Sad
Employee_8233,56,54133,F,Nashik,Sad
Employee_8234,56,80317,F,Delhi,Happy
Employee_8235,35,138745,M,Mumbai,Happy
Employee_8236,28,95950,F,Delhi,Sad
Employee_8237,46,89612,M,Delhi,Happy
Employee_8238,56,94873,F,Pune,Sad
Employee_8239,41,143397,F,Nagpur,Happy
Employee_8240,48,145792,F,Nashik,Happy
Employee_8241,24,116778,F,Nashik,Happy
Employee_8242,36,92002,M,Pune,Sad
Employee_8243,42,82508,M,Nashik,Sad
Employee_8244,32,130720,M,Pune,Sad
Employee_8245,36,68379,F,Nashik,Sad
Employee_8246,58,45231,M,Nashik,Happy
Employee_8247,57,117385,M,Delhi,Happy
Employee_8248,49,71163,M,Pune,Sad
Employee_8249,38,61676,F,Nashik,Sad
Employee_8250,30,117592,M,Nagpur,Sad
Employee_8251,59,136564,F,Pune,Sad
Employee_8252,38,115483,F,Pune,Happy
Employee_8253,21,85535,M,Pune,Sad
Employee_8254,59,140952,M,Delhi,Happy
Employee_8255,41,121576,F,Pune,Sad
Employee_8256,21,76110,F,Delhi,Happy
Employee_8257,35,76978,F,Nagpur,Sad
Employee_8258,24,120818,M,Mumbai,Happy
Employee_8259,40,121737,F,Delhi,Happy
Employee_8260,30,102369,F,Nashik,Happy
Employee_8261,43,34752,F,Pune,Happy
Employee_8262,54,54507,M,Mumbai,Happy
Employee_8263,53,115705,F,Delhi,Happy
Employee_8264,54,140282,F,Nashik,Happy
Employee_8265,59,71495,F,Mumbai,Happy
Employee_8266,30,120466,F,Nagpur,Happy
Employee_8267,40,90886,F,Delhi,Sad
Employee_8268,21,100559,M,Delhi,Sad
Employee_8269,33,30982,M,Nagpur,Happy
Employee_8270,21,109841,F,Delhi,Sad
Employee_8271,25,46146,F,Pune,Sad
Employee_8272,36,146033,F,Delhi,Happy
Employee_8273,35,84843,F,Pune,Happy
Employee_8274,48,106737,F,Delhi,Sad
Employee_8275,51,112446,F,Nashik,Happy
Employee_8276,43,118567,M,Nashik,Happy
Employee_8277,37,53636,F,Mumbai,Happy
Employee_8278,54,112850,F,Nashik,Sad
Employee_8279,33,57332,M,Nagpur,Sad
Employee_8280,34,81434,M,Mumbai,Sad
Employee_8281,31,113866,M,Nashik,Happy
Employee_8282,48,91271,M,Pune,Happy
Employee_8283,52,92726,F,Delhi,Happy
Employee_8284,55,110901,M,Nashik,Happy
Employee_8285,51,139037,M,Pune,Happy
Employee_8286,37,40108,M,Mumbai,Sad
Employee_8287,29,98896,F,Delhi,Happy
Employee_8288,30,72553,F,Nashik,Sad
Employee_8289,28,70880,F,Mumbai,Happy
Employee_8290,41,144320,M,Nashik,Sad
Employee_8291,33,82077,F,Mumbai,Happy
Employee_8292,25,33625,M,Nashik,Happy
Employee_8293,26,68237,M,Pune,Happy
Employee_8294,50,31223,M,Nagpur,Happy
Employee_8295,51,89303,M,Pune,Sad
Employee_8296,37,95197,F,Delhi,Happy
Employee_8297,31,135414,F,Nashik,Sad
Employee_8298,40,104693,F,Nagpur,Sad
Employee_8299,29,141555,F,Nagpur,Sad
Employee_8300,22,67760,M,Delhi,Happy
Employee_8301,57,109182,M,Delhi,Happy
Employee_8302,21,140174,M,Nagpur,Sad
Employee_8303,24,87966,M,Delhi,Happy
Employee_8304,56,59024,M,Delhi,Sad
Employee_8305,45,100323,F,Nashik,Sad
Employee_8306,23,53202,F,Pune,Happy
Employee_8307,29,149414,M,Mumbai,Happy
Employee_8308,42,81524,M,Nagpur,Sad
Employee_8309,43,73908,F,Mumbai,Sad
Employee_8310,32,66067,F,Nagpur,Happy
Employee_8311,30,39360,M,Nagpur,Happy
Employee_8312,54,128228,F,Pune,Happy
Employee_8313,30,134755,F,Nagpur,Sad
Employee_8314,50,42941,M,Nagpur,Sad
Employee_8315,42,45993,M,Pune,Sad
Employee_8316,26,44620,F,Delhi,Happy
Employee_8317,22,50193,F,Mumbai,Sad
Employee_8318,50,81559,M,Nagpur,Sad
Employee_8319,22,51248,F,Pune,Sad
Employee_8320,52,75852,F,Nagpur,Happy
Employee_8321,36,35027,F,Pune,Sad
Employee_8322,32,93410,M,Mumbai,Happy
Employee_8323,21,34260,F,Nashik,Sad
Employee_8324,28,67596,F,Delhi,Sad
Employee_8325,33,137076,M,Nashik,Happy
Employee_8326,35,39012,M,Pune,Happy
Employee_8327,28,55823,F,Nagpur,Happy
Employee_8328,30,103851,M,Delhi,Sad
Employee_8329,25,77027,M,Mumbai,Happy
Employee_8330,39,108167,F,Delhi,Sad
Employee_8331,58,113794,M,Nagpur,Sad
Employee_8332,31,55099,F,Nashik,Happy
Employee_8333,40,131427,F,Pune,Happy
Employee_8334,40,66992,M,Nashik,Happy
Employee_8335,41,149942,F,Delhi,Happy
Employee_8336,38,126912,F,Nagpur,Sad
Employee_8337,30,147886,F,Pune,Sad
Employee_8338,54,40977,F,Nagpur,Happy
Employee_8339,46,86234,F,Nagpur,Happy
Employee_8340,50,122230,M,Delhi,Sad
Employee_8341,29,77376,M,Nashik,Sad
Employee_8342,51,63978,F,Nagpur,Happy
Employee_8343,24,39218,F,Nagpur,Sad
Employee_8344,26,51788,M,Nagpur,Sad
Employee_8345,34,50501,F,Pune,Sad
Employee_8346,24,107989,F,Nagpur,Sad
Employee_8347,46,133733,F,Nagpur,Sad
Employee_8348,59,45210,M,Delhi,Sad
Employee_8349,37,104225,F,Nagpur,Sad
Employee_8350,39,75489,M,Nagpur,Sad
Employee_8351,26,122917,F,Delhi,Happy
Employee_8352,49,93721,F,Pune,Sad
Employee_8353,31,125044,M,Nashik,Happy
Employee_8354,36,72653,M,Delhi,Happy
Employee_8355,50,116678,F,Pune,Happy
Employee_8356,45,70950,F,Nashik,Happy
Employee_8357,31,38916,F,Nagpur,Happy
Employee_8358,27,95911,M,Delhi,Sad
Employee_8359,46,61449,F,Nagpur,Happy
Employee_8360,42,119333,M,Delhi,Sad
Employee_8361,45,50782,F,Nashik,Happy
Employee_8362,39,122564,F,Pune,Sad
Employee_8363,51,50243,F,Delhi,Sad
Employee_8364,46,146374,F,Pune,Happy
Employee_8365,56,59379,F,Nagpur,Sad
Employee_8366,43,67780,F,Nagpur,Happy
Employee_8367,33,60740,F,Nashik,Sad
Employee_8368,45,144944,M,Nashik,Sad
Employee_8369,22,49984,F,Mumbai,Happy
Employee_8370,22,30050,F,Mumbai,Sad
Employee_8371,36,36590,F,Nashik,Sad
Employee_8372,29,70205,F,Nagpur,Sad
Employee_8373,48,45162,M,Pune,Sad
Employee_8374,33,79746,M,Nashik,Sad
Employee_8375,55,43105,F,Pune,Sad
Employee_8376,33,67499,F,Mumbai,Happy
Employee_8377,51,66641,M,Pune,Sad
Employee_8378,41,41628,M,Nashik,Happy
Employee_8379,52,72032,M,Nagpur,Sad
Employee_8380,54,95029,F,Nashik,Happy
Employee_8381,28,68516,M,Delhi,Sad
Employee_8382,22,117157,M,Delhi,Happy
Employee_8383,58,31476,F,Delhi,Sad
Employee_8384,52,149558,F,Nagpur,Happy
Employee_8385,48,70800,F,Nashik,Happy
Employee_8386,57,65788,M,Delhi,Happy
Employee_8387,21,119973,M,Nashik,Sad
Employee_8388,30,56240,M,Mumbai,Sad
Employee_8389,24,140988,M,Delhi,Sad
Employee_8390,55,40922,F,Delhi,Happy
Employee_8391,30,143690,M,Nagpur,Sad
Employee_8392,31,94198,F,Nashik,Happy
Employee_8393,34,88739,M,Nagpur,Sad
Employee_8394,58,103602,M,Nagpur,Happy
Employee_8395,32,42089,M,Nashik,Happy
Employee_8396,37,62600,F,Mumbai,Happy
Employee_8397,36,76176,M,Nashik,Sad
Employee_8398,55,38167,F,Mumbai,Happy
Employee_8399,22,108352,F,Nagpur,Sad
Employee_8400,31,51164,F,Mumbai,Happy
Employee_8401,23,115965,F,Mumbai,Sad
Employee_8402,49,130537,M,Mumbai,Happy
Employee_8403,38,61415,M,Delhi,Happy
Employee_8404,40,103653,F,Delhi,Happy
Employee_8405,34,142854,F,Nagpur,Sad
Employee_8406,54,101895,M,Nashik,Happy
Employee_8407,51,109900,M,Mumbai,Happy
Employee_8408,38,132501,F,Delhi,Sad
Employee_8409,50,124330,M,Nashik,Sad
Employee_8410,45,105829,M,Mumbai,Happy
Employee_8411,39,88650,M,Nashik,Sad
Employee_8412,28,88981,F,Pune,Sad
Employee_8413,48,104868,F,Mumbai,Happy
Employee_8414,28,30615,F,Nashik,Sad
Employee_8415,51,75612,F,Mumbai,Happy
Employee_8416,23,107937,F,Mumbai,Happy
Employee_8417,23,146254,M,Pune,Happy
Employee_8418,42,71936,M,Nashik,Sad
Employee_8419,37,59372,M,Nagpur,Sad
Employee_8420,56,137812,F,Delhi,Happy
Employee_8421,37,143858,M,Mumbai,Happy
Employee_8422,34,97875,F,Mumbai,Sad
Employee_8423,29,111782,F,Mumbai,Sad
Employee_8424,50,91700,F,Mumbai,Happy
Employee_8425,41,38109,F,Delhi,Happy
Employee_8426,32,53758,F,Nagpur,Happy
Employee_8427,57,118627,F,Pune,Sad
Employee_8428,52,138592,M,Nagpur,Happy
Employee_8429,31,43317,F,Delhi,Sad
Employee_8430,40,112298,M,Nashik,Happy
Employee_8431,55,99001,F,Pune,Sad
Employee_8432,31,81423,M,Pune,Sad
Employee_8433,28,55622,F,Nashik,Happy
Employee_8434,24,145695,F,Mumbai,Sad
Employee_8435,47,36800,M,Delhi,Sad
Employee_8436,58,144797,F,Nashik,Happy
Employee_8437,50,65539,F,Nagpur,Sad
Employee_8438,47,132187,M,Nagpur,Sad
Employee_8439,41,32600,M,Nashik,Happy
Employee_8440,40,101054,F,Delhi,Sad
Employee_8441,24,115163,M,Pune,Sad
Employee_8442,31,145693,M,Pune,Happy
Employee_8443,33,59369,F,Mumbai,Happy
Employee_8444,29,126981,M,Delhi,Happy
Employee_8445,24,46689,F,Nagpur,Sad
Employee_8446,32,111459,M,Nagpur,Happy
Employee_8447,29,68469,F,Mumbai,Happy
Employee_8448,33,125939,F,Nagpur,Happy
Employee_8449,46,30958,F,Mumbai,Happy
Employee_8450,58,149958,M,Mumbai,Happy
Employee_8451,33,135899,F,Nashik,Happy
Employee_8452,59,90012,M,Pune,Happy
Employee_8453,48,99074,F,Delhi,Sad
Employee_8454,39,90021,F,Delhi,Sad
Employee_8455,44,118940,F,Pune,Happy
Employee_8456,39,80782,M,Delhi,Happy
Employee_8457,33,105519,F,Nagpur,Sad
Employee_8458,33,130907,F,Nagpur,Happy
Employee_8459,48,89315,M,Delhi,Sad
Employee_8460,22,54642,F,Nashik,Happy
Employee_8461,30,109003,F,Delhi,Sad
Employee_8462,42,30205,M,Mumbai,Happy
Employee_8463,33,122945,M,Mumbai,Sad
Employee_8464,29,42442,M,Pune,Sad
Employee_8465,53,121826,F,Nagpur,Happy
Employee_8466,34,121644,M,Nashik,Sad
Employee_8467,40,35691,F,Delhi,Sad
Employee_8468,35,68909,F,Mumbai,Happy
Employee_8469,52,147833,M,Nagpur,Sad
Employee_8470,53,49504,M,Nagpur,Sad
Employee_8471,37,94270,F,Nashik,Sad
Employee_8472,44,125698,M,Nashik,Sad
Employee_8473,50,135032,M,Nashik,Happy
Employee_8474,33,88051,F,Nashik,Sad
Employee_8475,36,68798,M,Mumbai,Sad
Employee_8476,22,79330,M,Nashik,Sad
Employee_8477,37,117087,M,Nagpur,Sad
Employee_8478,52,108919,F,Nagpur,Happy
Employee_8479,28,112032,M,Delhi,Sad
Employee_8480,23,71716,M,Nagpur,Happy
Employee_8481,32,104624,F,Nagpur,Happy
Employee_8482,40,76982,F,Mumbai,Sad
Employee_8483,36,57444,F,Nagpur,Happy
Employee_8484,34,54734,F,Pune,Sad
Employee_8485,36,71745,M,Nagpur,Sad
Employee_8486,53,64571,F,Delhi,Sad
Employee_8487,50,121951,F,Delhi,Happy
Employee_8488,32,45389,M,Nashik,Happy
Employee_8489,35,123280,F,Mumbai,Sad
Employee_8490,38,114218,F,Delhi,Happy
Employee_8491,48,75038,M,Pune,Happy
Employee_8492,43,129846,F,Pune,Happy
Employee_8493,34,102795,F,Nashik,Happy
Employee_8494,50,75168,M,Mumbai,Sad
Employee_8495,53,108082,M,Mumbai,Sad
Employee_8496,35,97690,M,Nagpur,Sad
Employee_8497,27,104302,M,Pune,Happy
Employee_8498,35,144053,M,Pune,Sad
Employee_8499,58,41230,M,Pune,Sad
Employee_8500,31,113301,M,Pune,Sad
Employee_8501,49,35902,M,Delhi,Happy
Employee_8502,51,96758,M,Mumbai,Happy
Employee_8503,45,57050,M,Nagpur,Happy
Employee_8504,44,129805,M,Delhi,Sad
Employee_8505,39,104586,M,Mumbai,Sad
Employee_8506,22,144512,F,Nashik,Sad
Employee_8507,42,99110,M,Pune,Happy
Employee_8508,40,132033,M,Nagpur,Sad
Employee_8509,53,106693,M,Mumbai,Happy
Employee_8510,28,49575,M,Nashik,Happy
Employee_8511,45,88940,M,Pune,Happy
Employee_8512,29,70244,F,Nashik,Sad
Employee_8513,54,113481,F,Nashik,Happy
Employee_8514,43,44962,F,Delhi,Sad
Employee_8515,25,130826,F,Nashik,Happy
Employee_8516,45,130695,M,Delhi,Sad
Employee_8517,28,147363,F,Delhi,Happy
Employee_8518,36,146871,F,Nashik,Sad
Employee_8519,35,120388,M,Mumbai,Sad
Employee_8520,21,126220,F,Nashik,Happy
Employee_8521,42,140378,F,Nashik,Sad
Employee_8522,23,107332,M,Mumbai,Sad
Employee_8523,58,54450,M,Pune,Happy
Employee_8524,34,130382,F,Nagpur,Happy
Employee_8525,56,83494,M,Pune,Sad
Employee_8526,38,75037,F,Nashik,Happy
Employee_8527,38,142666,M,Pune,Sad
Employee_8528,23,113040,F,Nagpur,Happy
Employee_8529,30,141264,F,Pune,Happy
Employee_8530,59,60041,F,Nagpur,Happy
Employee_8531,21,40715,M,Pune,Sad
Employee_8532,47,51803,M,Delhi,Happy
Employee_8533,47,98906,F,Nashik,Sad
Employee_8534,31,91726,M,Nagpur,Sad
Employee_8535,25,31908,M,Nashik,Happy
Employee_8536,27,148208,F,Delhi,Happy
Employee_8537,39,67075,M,Pune,Happy
Employee_8538,49,94587,M,Nashik,Happy
Employee_8539,35,83648,F,Pune,Happy
Employee_8540,55,51134,F,Pune,Sad
Employee_8541,57,139601,M,Nashik,Happy
Employee_8542,32,145185,M,Nagpur,Sad
Employee_8543,50,86143,M,Nagpur,Sad
Employee_8544,40,99123,F,Nashik,Happy
Employee_8545,57,125559,M,Nagpur,Happy
Employee_8546,23,75153,M,Mumbai,Sad
Employee_8547,29,32413,M,Pune,Sad
Employee_8548,59,148488,M,Nashik,Happy
Employee_8549,46,120574,M,Delhi,Sad
Employee_8550,22,52555,M,Nashik,Sad
Employee_8551,43,40952,F,Nashik,Sad
Employee_8552,43,98993,F,Pune,Happy
Employee_8553,41,104000,F,Delhi,Sad
Employee_8554,36,96686,M,Pune,Sad
Employee_8555,29,142841,M,Nagpur,Sad
Employee_8556,33,62264,F,Nashik,Happy
Employee_8557,48,135758,F,Pune,Happy
Employee_8558,47,77553,F,Mumbai,Sad
Employee_8559,37,84359,F,Nashik,Sad
Employee_8560,58,139885,F,Nagpur,Sad
Employee_8561,56,128322,M,Pune,Happy
Employee_8562,21,39808,M,Pune,Happy
Employee_8563,38,82330,M,Mumbai,Sad
Employee_8564,29,144672,M,Nagpur,Sad
Employee_8565,33,68345,M,Mumbai,Sad
Employee_8566,35,99617,F,Nashik,Sad
Employee_8567,24,69222,F,Delhi,Sad
Employee_8568,53,87755,M,Pune,Sad
Employee_8569,44,38933,F,Mumbai,Sad
Employee_8570,56,98207,M,Pune,Happy
Employee_8571,30,73739,M,Pune,Happy
Employee_8572,56,77738,F,Mumbai,Happy
Employee_8573,40,126753,M,Pune,Sad
Employee_8574,31,134691,M,Nagpur,Happy
Employee_8575,32,135137,M,Nagpur,Sad
Employee_8576,38,114544,F,Delhi,Happy
Employee_8577,50,51883,F,Nagpur,Happy
Employee_8578,57,128818,M,Mumbai,Happy
Employee_8579,40,128510,M,Nagpur,Happy
Employee_8580,45,129251,F,Delhi,Happy
Employee_8581,32,73401,F,Nashik,Sad
Employee_8582,41,45380,F,Nashik,Sad
Employee_8583,45,48212,F,Mumbai,Happy
Employee_8584,31,58174,M,Delhi,Sad
Employee_8585,29,36861,M,Nagpur,Happy
Employee_8586,45,36094,M,Delhi,Happy
Employee_8587,55,134649,F,Pune,Happy
Employee_8588,52,81319,F,Delhi,Sad
Employee_8589,34,76728,M,Nagpur,Happy
Employee_8590,21,54363,F,Mumbai,Happy
Employee_8591,37,117846,M,Pune,Sad
Employee_8592,45,69300,F,Delhi,Happy
Employee_8593,28,84808,M,Nashik,Sad
Employee_8594,25,35943,M,Nagpur,Sad
Employee_8595,25,110105,M,Mumbai,Sad
Employee_8596,55,72616,M,Nagpur,Sad
Employee_8597,39,104329,F,Delhi,Sad
Employee_8598,43,133743,M,Mumbai,Sad
Employee_8599,29,55287,M,Nashik,Sad
Employee_8600,50,63971,M,Pune,Sad
Employee_8601,36,86152,M,Delhi,Sad
Employee_8602,53,72351,F,Mumbai,Sad
Employee_8603,22,142715,M,Pune,Sad
Employee_8604,34,90040,M,Mumbai,Sad
Employee_8605,21,126905,F,Delhi,Sad
Employee_8606,46,118559,M,Mumbai,Sad
Employee_8607,45,90616,M,Nashik,Sad
Employee_8608,36,141421,M,Mumbai,Sad
Employee_8609,35,53897,M,Delhi,Sad
Employee_8610,46,53010,F,Mumbai,Happy
Employee_8611,36,70154,F,Pune,Happy
Employee_8612,34,131435,F,Pune,Sad
Employee_8613,49,50114,F,Nagpur,Sad
Employee_8614,44,49050,F,Nagpur,Happy
Employee_8615,35,145237,F,Nashik,Happy
Employee_8616,39,51125,M,Pune,Sad
Employee_8617,28,124094,M,Nagpur,Sad
Employee_8618,54,80396,M,Mumbai,Happy
Employee_8619,22,74846,M,Nashik,Sad
Employee_8620,47,50396,F,Delhi,Happy
Employee_8621,30,122661,M,Nagpur,Sad
Employee_8622,55,118116,M,Nagpur,Happy
Employee_8623,43,149233,F,Pune,Sad
Employee_8624,28,68973,M,Nashik,Sad
Employee_8625,48,53574,M,Pune,Happy
Employee_8626,43,120155,F,Pune,Sad
Employee_8627,24,43869,M,Nashik,Happy
Employee_8628,34,96194,M,Mumbai,Happy
Employee_8629,49,92167,F,Nagpur,Happy
Employee_8630,21,86147,M,Pune,Sad
Employee_8631,24,142686,M,Nagpur,Happy
Employee_8632,52,42122,M,Nashik,Sad
Employee_8633,53,73827,M,Mumbai,Happy
Employee_8634,46,43335,M,Delhi,Happy
Employee_8635,37,93576,F,Mumbai,Happy
Employee_8636,59,51677,M,Nashik,Happy
Employee_8637,43,58223,M,Mumbai,Sad
Employee_8638,52,59814,M,Delhi,Sad
Employee_8639,35,113611,F,Pune,Sad
Employee_8640,33,73185,F,Mumbai,Sad
Employee_8641,22,106794,F,Nashik,Sad
Employee_8642,39,126063,M,Mumbai,Sad
Employee_8643,44,105675,M,Delhi,Happy
Employee_8644,44,72325,M,Nashik,Sad
Employee_8645,31,70503,M,Mumbai,Sad
Employee_8646,42,49514,M,Nashik,Sad
Employee_8647,35,86196,F,Delhi,Sad
Employee_8648,30,50917,M,Pune,Sad
Employee_8649,47,84699,M,Delhi,Sad
Employee_8650,29,124633,F,Pune,Happy
Employee_8651,48,80119,F,Nagpur,Happy
Employee_8652,21,113324,F,Delhi,Sad
Employee_8653,37,55061,F,Pune,Happy
Employee_8654,51,39947,F,Nagpur,Sad
Employee_8655,30,111080,M,Nagpur,Happy
Employee_8656,57,115550,M,Nagpur,Sad
Employee_8657,49,110331,M,Nashik,Happy
Employee_8658,38,62632,M,Delhi,Happy
Employee_8659,58,49352,M,Delhi,Sad
Employee_8660,59,53653,F,Delhi,Sad
Employee_8661,26,97115,M,Delhi,Happy
Employee_8662,32,127294,M,Nashik,Sad
Employee_8663,34,73755,F,Delhi,Sad
Employee_8664,30,134296,F,Pune,Sad
Employee_8665,40,128354,M,Nagpur,Sad
Employee_8666,35,101988,M,Nashik,Sad
Employee_8667,51,67921,F,Nashik,Sad
Employee_8668,27,89003,M,Delhi,Happy
Employee_8669,30,110876,F,Nagpur,Sad
Employee_8670,30,76668,M,Pune,Sad
Employee_8671,59,85175,F,Nagpur,Happy
Employee_8672,48,77738,F,Mumbai,Happy
Employee_8673,50,83452,F,Nagpur,Happy
Employee_8674,57,98323,M,Pune,Sad
Employee_8675,23,76149,F,Pune,Happy
Employee_8676,35,143893,F,Pune,Happy
Employee_8677,41,45839,M,Nashik,Happy
Employee_8678,57,32155,M,Nashik,Happy
Employee_8679,32,37019,M,Mumbai,Happy
Employee_8680,24,84512,F,Nagpur,Happy
Employee_8681,29,91690,F,Delhi,Happy
Employee_8682,59,116150,F,Mumbai,Happy
Employee_8683,48,56190,M,Delhi,Sad
Employee_8684,43,135911,M,Delhi,Sad
Employee_8685,42,40928,F,Mumbai,Happy
Employee_8686,44,78425,M,Nagpur,Sad
Employee_8687,46,104134,M,Delhi,Sad
Employee_8688,50,139875,F,Nashik,Sad
Employee_8689,53,116117,F,Nashik,Happy
Employee_8690,36,78974,M,Mumbai,Happy
Employee_8691,42,140191,F,Delhi,Sad
Employee_8692,38,77796,M,Mumbai,Happy
Employee_8693,27,78743,M,Nashik,Sad
Employee_8694,46,142143,F,Mumbai,Happy
Employee_8695,28,109455,F,Delhi,Sad
Employee_8696,26,133716,M,Delhi,Happy
Employee_8697,50,100035,M,Nashik,Happy
Employee_8698,59,67677,F,Pune,Sad
Employee_8699,43,86321,M,Pune,Sad
Employee_8700,52,143782,M,Nagpur,Sad
Employee_8701,42,139398,M,Nashik,Sad
Employee_8702,29,88973,M,Nagpur,Happy
Employee_8703,51,82414,M,Nashik,Happy
Employee_8704,27,55602,F,Delhi,Sad
Employee_8705,29,147677,M,Nashik,Sad
Employee_8706,33,59692,M,Mumbai,Happy
Employee_8707,23,135958,F,Nagpur,Happy
Employee_8708,55,78750,F,Nashik,Happy
Employee_8709,53,146912,F,Nagpur,Happy
Employee_8710,41,51760,M,Nashik,Sad
Employee_8711,51,98456,M,Pune,Sad
Employee_8712,54,54085,F,Nagpur,Happy
Employee_8713,52,93964,F,Delhi,Happy
Employee_8714,55,52925,F,Delhi,Sad
Employee_8715,35,35615,F,Nashik,Sad
Employee_8716,52,67083,F,Delhi,Happy
Employee_8717,26,140764,M,Delhi,Sad
Employee_8718,41,98319,F,Nagpur,Sad
Employee_8719,53,39605,M,Nashik,Happy
Employee_8720,52,141093,M,Nagpur,Sad
Employee_8721,39,74608,F,Nashik,Happy
Employee_8722,53,49192,F,Delhi,Happy
Employee_8723,48,33331,F,Nashik,Happy
Employee_8724,51,81330,F,Nashik,Sad
Employee_8725,41,127392,F,Mumbai,Sad
Employee_8726,54,79949,M,Nashik,Sad
Employee_8727,35,98382,F,Mumbai,Happy
Employee_8728,34,129233,F,Nagpur,Sad
Employee_8729,39,67586,M,Mumbai,Sad
Employee_8730,35,82243,F,Nagpur,Happy
Employee_8731,26,130566,F,Nashik,Sad
Employee_8732,29,88618,F,Nagpur,Sad
Employee_8733,57,108311,M,Delhi,Happy
Employee_8734,40,37549,F,Nashik,Sad
Employee_8735,54,148168,F,Mumbai,Sad
Employee_8736,58,82494,F,Pune,Sad
Employee_8737,46,117973,F,Nashik,Sad
Employee_8738,38,53958,M,Delhi,Sad
Employee_8739,48,119779,F,Nagpur,Sad
Employee_8740,29,137713,M,Mumbai,Happy
Employee_8741,52,137960,F,Mumbai,Happy
Employee_8742,26,124520,F,Delhi,Happy
Employee_8743,34,132478,F,Delhi,Sad
Employee_8744,48,67538,M,Nashik,Happy
Employee_8745,44,35833,F,Pune,Happy
Employee_8746,33,53386,F,Pune,Happy
Employee_8747,32,146981,M,Nagpur,Sad
Employee_8748,39,130349,F,Mumbai,Happy
Employee_8749,41,129341,F,Nashik,Sad
Employee_8750,47,101778,F,Mumbai,Happy
Employee_8751,39,124240,F,Nashik,Happy
Employee_8752,44,137955,M,Delhi,Happy
Employee_8753,46,54832,M,Nagpur,Happy
Employee_8754,48,107857,M,Delhi,Sad
Employee_8755,38,68930,F,Mumbai,Happy
Employee_8756,56,62407,F,Nagpur,Happy
Employee_8757,49,34073,F,Nashik,Happy
Employee_8758,37,47667,F,Nashik,Sad
Employee_8759,24,46035,M,Nagpur,Happy
Employee_8760,49,36732,F,Delhi,Happy
Employee_8761,24,85097,M,Nagpur,Sad
Employee_8762,30,33487,F,Delhi,Sad
Employee_8763,45,130488,F,Nagpur,Happy
Employee_8764,51,87702,M,Delhi,Happy
Employee_8765,23,124961,F,Pune,Happy
Employee_8766,22,142194,M,Nagpur,Happy
Employee_8767,45,115107,M,Delhi,Sad
Employee_8768,26,59075,F,Mumbai,Happy
Employee_8769,46,137721,M,Mumbai,Happy
Employee_8770,28,101031,M,Nagpur,Happy
Employee_8771,55,114217,F,Nagpur,Sad
Employee_8772,47,44781,M,Nashik,Sad
Employee_8773,45,69865,M,Delhi,Happy
Employee_8774,38,38469,F,Nagpur,Sad
Employee_8775,21,75167,M,Mumbai,Happy
Employee_8776,59,111738,F,Mumbai,Happy
Employee_8777,23,49928,M,Mumbai,Sad
Employee_8778,24,106521,F,Delhi,Sad
Employee_8779,57,69599,F,Pune,Sad
Employee_8780,35,46775,F,Nagpur,Happy
Employee_8781,28,96504,F,Pune,Sad
Employee_8782,58,105918,F,Delhi,Happy
Employee_8783,39,100687,M,Nagpur,Sad
Employee_8784,46,56804,F,Nashik,Happy
Employee_8785,59,139122,F,Nagpur,Happy
Employee_8786,30,62259,M,Nagpur,Happy
Employee_8787,58,116284,F,Nagpur,Sad
Employee_8788,34,115227,M,Nagpur,Sad
Employee_8789,39,127556,M,Nagpur,Sad
Employee_8790,50,73560,F,Delhi,Happy
Employee_8791,25,57256,M,Nagpur,Sad
Employee_8792,51,36125,M,Delhi,Sad
Employee_8793,27,34370,M,Nagpur,Sad
Employee_8794,39,34838,F,Nagpur,Sad
Employee_8795,51,144479,M,Delhi,Happy
Employee_8796,59,87429,F,Nagpur,Sad
Employee_8797,44,33134,F,Mumbai,Happy
Employee_8798,54,140995,M,Nagpur,Happy
Employee_8799,43,73199,F,Nashik,Happy
Employee_8800,26,107092,M,Delhi,Happy
Employee_8801,58,63822,M,Nagpur,Happy
Employee_8802,56,123513,F,Nagpur,Sad
Employee_8803,47,50113,F,Delhi,Sad
Employee_8804,31,93594,F,Pune,Happy
Employee_8805,25,126102,M,Mumbai,Sad
Employee_8806,37,32669,M,Mumbai,Happy
Employee_8807,27,79427,M,Nagpur,Happy
Employee_8808,47,111617,F,Delhi,Happy
Employee_8809,35,42938,M,Nashik,Happy
Employee_8810,33,35717,M,Nagpur,Sad
Employee_8811,31,107818,M,Mumbai,Happy
Employee_8812,46,77659,M,Nagpur,Sad
Employee_8813,42,137601,F,Delhi,Sad
Employee_8814,48,94575,M,Nashik,Sad
Employee_8815,44,109737,F,Pune,Sad
Employee_8816,49,46289,M,Nashik,Happy
Employee_8817,29,54406,M,Nagpur,Sad
Employee_8818,24,126822,M,Mumbai,Happy
Employee_8819,38,42873,F,Delhi,Sad
Employee_8820,36,112048,F,Nagpur,Happy
Employee_8821,53,124463,F,Pune,Happy
Employee_8822,49,53461,M,Delhi,Sad
Employee_8823,59,50710,M,Delhi,Sad
Employee_8824,30,115488,F,Delhi,Sad
Employee_8825,29,43448,M,Nagpur,Happy
Employee_8826,51,45198,M,Pune,Sad
Employee_8827,48,103158,F,Nagpur,Sad
Employee_8828,23,136384,M,Delhi,Sad
Employee_8829,34,97938,M,Delhi,Happy
Employee_8830,45,80799,M,Mumbai,Sad
Employee_8831,35,131860,F,Nashik,Sad
Employee_8832,22,124003,M,Nagpur,Happy
Employee_8833,44,64961,F,Pune,Sad
Employee_8834,34,73007,M,Delhi,Happy
Employee_8835,27,95470,F,Nagpur,Happy
Employee_8836,56,82256,F,Nashik,Happy
Employee_8837,44,50739,F,Nagpur,Happy
Employee_8838,47,114054,F,Nashik,Happy
Employee_8839,57,88186,M,Nagpur,Happy
Employee_8840,58,56547,F,Mumbai,Happy
Employee_8841,50,124472,M,Nagpur,Happy
Employee_8842,47,115823,M,Mumbai,Happy
Employee_8843,59,148301,F,Nashik,Happy
Employee_8844,35,136887,M,Delhi,Happy
Employee_8845,46,81431,M,Delhi,Happy
Employee_8846,21,55476,M,Nagpur,Happy
Employee_8847,24,108411,M,Pune,Happy
Employee_8848,49,40686,F,Nagpur,Sad
Employee_8849,21,47536,M,Mumbai,Happy
Employee_8850,42,64062,M,Mumbai,Sad
Employee_8851,31,78216,M,Nashik,Sad
Employee_8852,30,55041,M,Nagpur,Sad
Employee_8853,37,61653,M,Nashik,Sad
Employee_8854,56,51673,F,Pune,Sad
Employee_8855,46,40367,M,Delhi,Sad
Employee_8856,41,49629,F,Delhi,Happy
Employee_8857,33,141641,M,Nagpur,Sad
Employee_8858,29,118636,F,Nashik,Happy
Employee_8859,31,102190,M,Nashik,Happy
Employee_8860,31,55063,M,Pune,Sad
Employee_8861,26,49322,F,Nashik,Happy
Employee_8862,21,114546,F,Mumbai,Happy
Employee_8863,26,145637,F,Mumbai,Sad
Employee_8864,33,42693,M,Mumbai,Happy
Employee_8865,42,39241,F,Nagpur,Sad
Employee_8866,51,59778,F,Mumbai,Sad
Employee_8867,42,132379,F,Mumbai,Sad
Employee_8868,57,42651,M,Delhi,Sad
Employee_8869,47,55966,M,Nagpur,Sad
Employee_8870,34,39275,M,Mumbai,Happy
Employee_8871,25,75606,F,Pune,Sad
Employee_8872,56,31658,M,Mumbai,Sad
Employee_8873,52,124499,M,Nagpur,Happy
Employee_8874,54,102468,M,Nashik,Sad
Employee_8875,27,44248,M,Delhi,Sad
Employee_8876,30,54437,F,Delhi,Sad
Employee_8877,37,69727,M,Nagpur,Sad
Employee_8878,50,48201,F,Mumbai,Sad
Employee_8879,41,71150,F,Pune,Sad
Employee_8880,33,145148,F,Mumbai,Sad
Employee_8881,21,119891,F,Mumbai,Happy
Employee_8882,21,44999,F,Pune,Sad
Employee_8883,53,36376,F,Delhi,Happy
Employee_8884,58,81673,M,Mumbai,Sad
Employee_8885,45,33476,F,Nashik,Sad
Employee_8886,46,147393,M,Nashik,Sad
Employee_8887,33,99902,F,Nagpur,Happy
Employee_8888,48,144510,M,Nagpur,Happy
Employee_8889,53,121269,F,Pune,Happy
Employee_8890,57,107994,M,Pune,Sad
Employee_8891,50,92878,M,Nagpur,Sad
Employee_8892,28,128331,F,Mumbai,Happy
Employee_8893,21,50615,F,Delhi,Happy
Employee_8894,32,41164,F,Nashik,Sad
Employee_8895,25,69316,F,Pune,Sad
Employee_8896,44,98560,M,Nagpur,Sad
Employee_8897,26,59559,M,Nashik,Happy
Employee_8898,45,92968,F,Pune,Happy
Employee_8899,21,96800,F,Pune,Sad
Employee_8900,45,39047,M,Mumbai,Sad
Employee_8901,21,74985,F,Pune,Sad
Employee_8902,52,102123,M,Delhi,Happy
Employee_8903,23,36577,F,Pune,Sad
Employee_8904,39,113171,F,Delhi,Happy
Employee_8905,49,141100,M,Mumbai,Happy
Employee_8906,22,33870,M,Delhi,Happy
Employee_8907,29,64094,F,Nashik,Sad
Employee_8908,37,85329,M,Pune,Sad
Employee_8909,56,39217,F,Nagpur,Happy
Employee_8910,37,145049,M,Nagpur,Happy
Employee_8911,32,113138,F,Delhi,Sad
Employee_8912,40,96141,F,Mumbai,Happy
Employee_8913,23,52343,F,Delhi,Sad
Employee_8914,24,80822,M,Delhi,Sad
Employee_8915,37,43003,M,Delhi,Sad
Employee_8916,57,138793,M,Nashik,Sad
Employee_8917,35,89538,M,Nashik,Happy
Employee_8918,53,62089,F,Delhi,Sad
Employee_8919,36,83595,M,Mumbai,Happy
Employee_8920,31,113197,M,Pune,Happy
Employee_8921,40,112318,M,Nagpur,Happy
Employee_8922,58,60029,F,Nashik,Sad
Employee_8923,44,109023,M,Pune,Sad
Employee_8924,36,81324,M,Nashik,Happy
Employee_8925,50,81962,F,Nashik,Sad
Employee_8926,54,143037,F,Nashik,Sad
Employee_8927,21,69042,F,Delhi,Sad
Employee_8928,44,117601,F,Delhi,Sad
Employee_8929,44,106380,F,Nashik,Sad
Employee_8930,29,114859,F,Nashik,Happy
Employee_8931,42,120933,F,Nagpur,Sad
Employee_8932,32,75957,M,Pune,Sad
Employee_8933,37,112864,F,Pune,Happy
Employee_8934,45,73739,F,Mumbai,Sad
Employee_8935,48,68733,F,Mumbai,Happy
Employee_8936,35,75389,F,Mumbai,Happy
Employee_8937,50,59715,F,Delhi,Sad
Employee_8938,47,69116,M,Delhi,Happy
Employee_8939,42,86922,M,Nagpur,Happy
Employee_8940,30,86251,M,Delhi,Sad
Employee_8941,51,91794,M,Mumbai,Happy
Employee_8942,47,47580,M,Nashik,Sad
Employee_8943,32,145900,M,Mumbai,Happy
Employee_8944,51,30823,M,Nagpur,Sad
Employee_8945,52,122008,F,Nashik,Happy
Employee_8946,52,37084,F,Delhi,Sad
Employee_8947,55,107991,F,Nashik,Sad
Employee_8948,41,40607,F,Nagpur,Happy
Employee_8949,30,112455,F,Delhi,Happy
Employee_8950,36,142540,F,Pune,Sad
Employee_8951,27,114930,M,Mumbai,Happy
Employee_8952,24,144540,F,Mumbai,Happy
Employee_8953,47,106355,F,Nagpur,Happy
Employee_8954,45,41969,F,Nagpur,Sad
Employee_8955,51,93059,M,Mumbai,Sad
Employee_8956,31,47333,M,Nashik,Sad
Employee_8957,40,107236,M,Pune,Happy
Employee_8958,56,127328,F,Pune,Happy
Employee_8959,37,128847,F,Nagpur,Happy
Employee_8960,31,66668,F,Nagpur,Sad
Employee_8961,50,41945,M,Nashik,Sad
Employee_8962,55,132528,M,Nagpur,Sad
Employee_8963,58,76526,F,Pune,Sad
Employee_8964,42,77717,M,Mumbai,Happy
Employee_8965,47,89426,F,Pune,Happy
Employee_8966,57,131170,M,Nashik,Happy
Employee_8967,55,114166,M,Mumbai,Sad
Employee_8968,24,146524,M,Mumbai,Happy
Employee_8969,36,136572,F,Pune,Happy
Employee_8970,36,120480,M,Mumbai,Sad
Employee_8971,41,118896,F,Mumbai,Sad
Employee_8972,46,108349,F,Nagpur,Happy
Employee_8973,56,145036,F,Mumbai,Sad
Employee_8974,39,34601,M,Nashik,Happy
Employee_8975,37,42930,M,Mumbai,Happy
Employee_8976,46,34333,M,Nagpur,Sad
Employee_8977,42,100935,F,Delhi,Sad
Employee_8978,48,47839,M,Delhi,Happy
Employee_8979,21,81337,M,Nashik,Sad
Employee_8980,56,70204,F,Nashik,Sad
Employee_8981,57,50195,F,Mumbai,Happy
Employee_8982,22,57848,F,Mumbai,Happy
Employee_8983,37,119229,M,Delhi,Happy
Employee_8984,58,143251,M,Delhi,Sad
Employee_8985,41,142265,F,Pune,Sad
Employee_8986,29,70854,M,Delhi,Sad
Employee_8987,33,131986,F,Delhi,Happy
Employee_8988,31,80998,M,Nashik,Sad
Employee_8989,36,97390,F,Pune,Happy
Employee_8990,36,61558,M,Pune,Sad
Employee_8991,22,32985,F,Mumbai,Happy
Employee_8992,28,91794,F,Mumbai,Sad
Employee_8993,33,73585,F,Pune,Happy
Employee_8994,37,114814,M,Pune,Happy
Employee_8995,59,70264,M,Mumbai,Happy
Employee_8996,44,63326,M,Nashik,Happy
Employee_8997,23,114816,F,Nashik,Sad
Employee_8998,50,89261,F,Nashik,Sad
Employee_8999,33,64022,F,Nashik,Sad
Employee_9000,39,45667,F,Mumbai,Sad
Employee_9001,27,48065,F,Nagpur,Sad
Employee_9002,29,144382,F,Delhi,Happy
Employee_9003,39,117191,F,Delhi,Sad
Employee_9004,42,40006,F,Delhi,Sad
Employee_9005,38,101819,F,Delhi,Happy
Employee_9006,43,137158,M,Mumbai,Sad
Employee_9007,22,75076,F,Nagpur,Sad
Employee_9008,31,98861,M,Mumbai,Sad
Employee_9009,51,126319,F,Nagpur,Happy
Employee_9010,53,80393,M,Mumbai,Happy
Employee_9011,34,33143,F,Pune,Sad
Employee_9012,36,131341,M,Nagpur,Happy
Employee_9013,31,87505,F,Delhi,Sad
Employee_9014,53,42417,F,Nagpur,Happy
Employee_9015,27,61300,F,Nashik,Happy
Employee_9016,51,122062,M,Nagpur,Sad
Employee_9017,34,58896,F,Nashik,Happy
Employee_9018,48,146469,M,Nashik,Sad
Employee_9019,36,132979,M,Pune,Happy
Employee_9020,39,80629,M,Nagpur,Sad
Employee_9021,37,57606,M,Pune,Happy
Employee_9022,46,69916,M,Delhi,Sad
Employee_9023,26,91330,F,Nagpur,Sad
Employee_9024,29,37551,M,Mumbai,Sad
Employee_9025,37,144794,M,Mumbai,Sad
Employee_9026,51,130972,M,Mumbai,Happy
Employee_9027,32,149623,M,Nashik,Sad
Employee_9028,43,86422,F,Mumbai,Happy
Employee_9029,25,145852,F,Delhi,Happy
Employee_9030,56,143216,F,Nagpur,Sad
Employee_9031,56,145845,M,Nagpur,Sad
Employee_9032,23,97782,M,Nashik,Sad
Employee_9033,44,95391,M,Nashik,Sad
Employee_9034,37,134957,F,Nashik,Happy
Employee_9035,59,93411,M,Delhi,Sad
Employee_9036,46,139437,F,Nagpur,Sad
Employee_9037,24,103185,M,Pune,Sad
Employee_9038,32,145199,M,Nashik,Sad
Employee_9039,21,136745,F,Mumbai,Happy
Employee_9040,41,30888,M,Pune,Happy
Employee_9041,39,137519,F,Pune,Happy
Employee_9042,41,87135,M,Nashik,Sad
Employee_9043,38,59424,F,Mumbai,Happy
Employee_9044,23,71559,M,Nashik,Sad
Employee_9045,52,147710,M,Nashik,Happy
Employee_9046,30,147218,M,Mumbai,Sad
Employee_9047,35,41075,M,Pune,Happy
Employee_9048,25,52699,M,Pune,Sad
Employee_9049,24,77972,F,Mumbai,Sad
Employee_9050,48,146752,F,Pune,Happy
Employee_9051,24,39950,M,Delhi,Sad
Employee_9052,35,35413,F,Nashik,Happy
Employee_9053,37,69305,F,Delhi,Happy
Employee_9054,23,33569,F,Delhi,Happy
Employee_9055,30,96778,F,Delhi,Sad
Employee_9056,43,132633,M,Nagpur,Happy
Employee_9057,38,60085,F,Nagpur,Sad
Employee_9058,21,106023,F,Delhi,Sad
Employee_9059,55,113845,M,Nashik,Happy
Employee_9060,51,126307,M,Delhi,Happy
Employee_9061,21,122174,M,Delhi,Sad
Employee_9062,23,66163,M,Nagpur,Sad
Employee_9063,23,79592,M,Delhi,Happy
Employee_9064,57,117151,M,Nashik,Sad
Employee_9065,39,87333,M,Nashik,Sad
Employee_9066,49,147431,M,Delhi,Sad
Employee_9067,45,38039,F,Nashik,Happy
Employee_9068,53,38198,M,Delhi,Happy
Employee_9069,56,64354,F,Nagpur,Happy
Employee_9070,49,145513,M,Delhi,Sad
Employee_9071,46,33824,M,Pune,Happy
Employee_9072,24,80420,F,Nagpur,Happy
Employee_9073,34,119535,M,Nashik,Sad
Employee_9074,47,33436,M,Nashik,Happy
Employee_9075,53,123550,F,Nagpur,Happy
Employee_9076,42,70857,F,Pune,Happy
Employee_9077,23,46057,F,Nagpur,Sad
Employee_9078,43,31310,F,Mumbai,Sad
Employee_9079,41,105355,F,Pune,Happy
Employee_9080,43,143769,F,Nagpur,Sad
Employee_9081,24,108993,M,Mumbai,Happy
Employee_9082,41,96013,M,Delhi,Happy
Employee_9083,57,90022,M,Pune,Happy
Employee_9084,51,38906,M,Delhi,Happy
Employee_9085,41,39868,M,Mumbai,Sad
Employee_9086,46,48546,F,Nashik,Happy
Employee_9087,55,128812,F,Nashik,Sad
Employee_9088,58,102855,M,Nashik,Sad
Employee_9089,44,63149,F,Delhi,Happy
Employee_9090,31,143591,M,Pune,Happy
Employee_9091,49,97381,F,Delhi,Happy
Employee_9092,23,53684,M,Delhi,Happy
Employee_9093,21,59858,M,Nashik,Sad
Employee_9094,39,75330,M,Delhi,Sad
Employee_9095,42,138214,F,Mumbai,Sad
Employee_9096,34,89204,F,Nagpur,Sad
Employee_9097,34,122203,M,Nagpur,Happy
Employee_9098,36,55293,F,Nagpur,Happy
Employee_9099,53,86869,M,Nashik,Sad
Employee_9100,33,120429,M,Nashik,Sad
Employee_9101,58,34629,F,Nagpur,Sad
Employee_9102,32,35704,M,Pune,Happy
Employee_9103,58,31776,M,Nagpur,Happy
Employee_9104,59,87255,M,Delhi,Sad
Employee_9105,53,78281,F,Nagpur,Happy
Employee_9106,53,146972,M,Nagpur,Sad
Employee_9107,49,143532,M,Pune,Sad
Employee_9108,25,61236,M,Nashik,Happy
Employee_9109,26,96780,M,Nashik,Happy
Employee_9110,51,31333,F,Delhi,Sad
Employee_9111,36,99205,M,Nagpur,Happy
Employee_9112,51,113120,M,Mumbai,Happy
Employee_9113,45,80946,F,Delhi,Happy
Employee_9114,53,143883,F,Nashik,Happy
Employee_9115,33,85333,F,Pune,Happy
Employee_9116,30,57277,F,Nashik,Happy
Employee_9117,44,80606,F,Nashik,Sad
Employee_9118,30,31933,F,Pune,Sad
Employee_9119,51,63514,M,Nagpur,Sad
Employee_9120,33,137336,M,Nagpur,Sad
Employee_9121,23,119893,F,Nashik,Happy
Employee_9122,54,122607,M,Delhi,Sad
Employee_9123,48,92958,F,Mumbai,Happy
Employee_9124,39,36827,M,Delhi,Sad
Employee_9125,43,60844,F,Delhi,Sad
Employee_9126,52,144501,F,Nashik,Happy
Employee_9127,33,121200,M,Nashik,Happy
Employee_9128,53,30792,F,Mumbai,Sad
Employee_9129,54,69695,M,Mumbai,Happy
Employee_9130,53,113187,F,Mumbai,Happy
Employee_9131,25,72510,F,Nashik,Happy
Employee_9132,23,69137,M,Nashik,Happy
Employee_9133,27,143104,F,Delhi,Sad
Employee_9134,44,114610,M,Nashik,Happy
Employee_9135,42,103410,M,Nagpur,Sad
Employee_9136,43,112212,M,Nagpur,Sad
Employee_9137,50,69632,M,Mumbai,Sad
Employee_9138,38,66790,M,Nashik,Sad
Employee_9139,52,113568,F,Nagpur,Sad
Employee_9140,27,60885,F,Delhi,Sad
Employee_9141,53,95214,M,Pune,Sad
Employee_9142,25,106544,F,Delhi,Happy
Employee_9143,48,74870,M,Pune,Sad
Employee_9144,28,78110,F,Delhi,Happy
Employee_9145,35,139414,M,Nagpur,Happy
Employee_9146,24,35171,F,Nashik,Sad
Employee_9147,54,39589,M,Pune,Sad
Employee_9148,25,48077,F,Nashik,Sad
Employee_9149,53,94874,M,Nashik,Happy
Employee_9150,25,102246,M,Nagpur,Happy
Employee_9151,58,145725,F,Mumbai,Happy
Employee_9152,54,115772,M,Mumbai,Sad
Employee_9153,46,68227,M,Pune,Happy
Employee_9154,21,44937,F,Nagpur,Sad
Employee_9155,24,39754,F,Nashik,Happy
Employee_9156,59,55688,M,Delhi,Sad
Employee_9157,46,37048,M,Delhi,Sad
Employee_9158,53,52568,M,Pune,Sad
Employee_9159,53,127583,M,Pune,Happy
Employee_9160,28,105019,F,Pune,Happy
Employee_9161,40,47545,M,Nagpur,Happy
Employee_9162,36,112949,M,Delhi,Happy
Employee_9163,41,124449,F,Nagpur,Happy
Employee_9164,46,75217,F,Nagpur,Sad
Employee_9165,43,78122,M,Nashik,Sad
Employee_9166,38,63746,F,Nagpur,Sad
Employee_9167,51,38709,F,Nagpur,Sad
Employee_9168,32,55358,F,Nashik,Happy
Employee_9169,21,144064,M,Mumbai,Happy
Employee_9170,29,41023,M,Nashik,Sad
Employee_9171,23,125387,M,Pune,Sad
Employee_9172,46,58756,F,Mumbai,Happy
Employee_9173,29,93175,M,Delhi,Happy
Employee_9174,36,84281,M,Nagpur,Sad
Employee_9175,44,79289,M,Mumbai,Sad
Employee_9176,34,88097,F,Delhi,Happy
Employee_9177,23,106681,M,Nashik,Happy
Employee_9178,54,116728,M,Nashik,Happy
Employee_9179,53,77259,M,Pune,Sad
Employee_9180,44,48839,M,Pune,Sad
Employee_9181,29,57410,F,Mumbai,Happy
Employee_9182,33,135696,M,Nagpur,Sad
Employee_9183,22,41447,M,Nashik,Sad
Employee_9184,27,147954,F,Mumbai,Happy
Employee_9185,41,116569,F,Mumbai,Sad
Employee_9186,39,136891,F,Mumbai,Sad
Employee_9187,45,105665,F,Pune,Sad
Employee_9188,42,125894,F,Nashik,Happy
Employee_9189,31,43907,M,Pune,Happy
Employee_9190,53,51637,F,Pune,Sad
Employee_9191,52,68196,F,Mumbai,Sad
Employee_9192,41,52369,F,Delhi,Sad
Employee_9193,59,125017,M,Delhi,Sad
Employee_9194,40,127217,M,Delhi,Happy
Employee_9195,28,32589,M,Mumbai,Sad
Employee_9196,57,53560,F,Nagpur,Sad
Employee_9197,29,33034,M,Nashik,Sad
Employee_9198,45,30169,F,Mumbai,Sad
Employee_9199,45,122449,F,Mumbai,Happy
Employee_9200,53,33239,M,Pune,Sad
Employee_9201,22,33415,M,Delhi,Happy
Employee_9202,39,115488,M,Mumbai,Happy
Employee_9203,40,106944,F,Nagpur,Sad
Employee_9204,49,33484,M,Nashik,Happy
Employee_9205,26,83987,M,Nagpur,Happy
Employee_9206,37,48225,M,Mumbai,Happy
Employee_9207,45,110459,M,Mumbai,Sad
Employee_9208,58,91104,M,Pune,Happy
Employee_9209,24,50936,F,Nagpur,Happy
Employee_9210,50,69612,F,Pune,Sad
Employee_9211,40,114946,M,Nagpur,Happy
Employee_9212,23,125533,F,Delhi,Sad
Employee_9213,43,132269,F,Delhi,Sad
Employee_9214,38,69952,F,Nagpur,Sad
Employee_9215,46,88945,M,Pune,Sad
Employee_9216,56,117399,F,Delhi,Sad
Employee_9217,28,35380,M,Mumbai,Happy
Employee_9218,37,80298,F,Nashik,Sad
Employee_9219,51,116246,M,Pune,Happy
Employee_9220,57,110821,F,Nagpur,Happy
Employee_9221,53,57260,F,Nashik,Sad
Employee_9222,47,62879,M,Nashik,Happy
Employee_9223,24,46143,M,Mumbai,Happy
Employee_9224,42,79744,F,Pune,Sad
Employee_9225,46,102949,M,Nashik,Sad
Employee_9226,52,61578,M,Pune,Sad
Employee_9227,44,110262,M,Mumbai,Happy
Employee_9228,55,87331,M,Nagpur,Happy
Employee_9229,57,122551,F,Nashik,Happy
Employee_9230,52,93815,M,Nashik,Happy
Employee_9231,27,145926,F,Nashik,Sad
Employee_9232,53,101519,F,Pune,Happy
Employee_9233,51,49178,M,Nashik,Happy
Employee_9234,32,122526,M,Pune,Sad
Employee_9235,31,105857,M,Delhi,Happy
Employee_9236,44,90197,M,Delhi,Sad
Employee_9237,28,139365,F,Pune,Happy
Employee_9238,52,66366,F,Delhi,Sad
Employee_9239,58,82955,M,Mumbai,Happy
Employee_9240,42,129830,F,Mumbai,Sad
Employee_9241,54,136213,M,Delhi,Happy
Employee_9242,39,130273,F,Nagpur,Happy
Employee_9243,40,71911,F,Pune,Sad
Employee_9244,34,113422,F,Delhi,Sad
Employee_9245,53,83619,M,Pune,Sad
Employee_9246,30,74296,M,Delhi,Happy
Employee_9247,36,52791,F,Mumbai,Sad
Employee_9248,24,38301,M,Nagpur,Sad
Employee_9249,47,130658,M,Pune,Happy
Employee_9250,48,133623,F,Nagpur,Sad
Employee_9251,36,128529,M,Mumbai,Sad
Employee_9252,53,142824,M,Nashik,Sad
Employee_9253,39,65779,F,Nashik,Happy
Employee_9254,41,66894,F,Pune,Happy
Employee_9255,42,128917,F,Mumbai,Happy
Employee_9256,29,109618,F,Pune,Sad
Employee_9257,29,79250,M,Pune,Happy
Employee_9258,29,100994,M,Pune,Happy
Employee_9259,47,71770,F,Nagpur,Happy
Employee_9260,37,52300,F,Delhi,Sad
Employee_9261,28,148025,M,Mumbai,Happy
Employee_9262,36,98235,M,Nagpur,Happy
Employee_9263,38,59485,M,Delhi,Happy
Employee_9264,53,70285,F,Pune,Happy
Employee_9265,21,96555,F,Nashik,Sad
Employee_9266,32,147713,F,Nagpur,Happy
Employee_9267,26,62471,F,Mumbai,Happy
Employee_9268,25,78671,M,Mumbai,Happy
Employee_9269,36,148216,F,Delhi,Sad
Employee_9270,38,50270,F,Nagpur,Sad
Employee_9271,38,118151,M,Pune,Happy
Employee_9272,21,149870,F,Delhi,Sad
Employee_9273,39,43698,M,Mumbai,Happy
Employee_9274,28,144454,F,Nagpur,Sad
Employee_9275,23,133882,M,Nashik,Sad
Employee_9276,45,102265,M,Pune,Happy
Employee_9277,25,69729,M,Mumbai,Sad
Employee_9278,39,41171,F,Nagpur,Sad
Employee_9279,38,109483,F,Nashik,Happy
Employee_9280,51,90684,F,Mumbai,Happy
Employee_9281,53,85165,F,Nashik,Sad
Employee_9282,38,79948,F,Mumbai,Sad
Employee_9283,59,64725,F,Delhi,Sad
Employee_9284,36,49450,M,Delhi,Sad
Employee_9285,36,43300,F,Delhi,Happy
Employee_9286,58,114600,F,Nagpur,Sad
Employee_9287,27,34441,M,Delhi,Happy
Employee_9288,34,141315,M,Nagpur,Happy
Employee_9289,45,49332,F,Pune,Happy
Employee_9290,52,50115,M,Delhi,Sad
Employee_9291,58,129405,F,Nagpur,Sad
Employee_9292,42,117404,M,Mumbai,Happy
Employee_9293,36,71997,F,Nagpur,Happy
Employee_9294,49,116151,M,Nagpur,Happy
Employee_9295,36,43615,M,Mumbai,Happy
Employee_9296,32,44732,F,Nagpur,Happy
Employee_9297,37,55367,F,Mumbai,Sad
Employee_9298,57,140670,M,Nashik,Sad
Employee_9299,47,72738,M,Delhi,Sad
Employee_9300,45,141296,M,Pune,Sad
Employee_9301,33,30981,M,Nagpur,Happy
Employee_9302,28,92881,F,Mumbai,Happy
Employee_9303,25,88609,M,Delhi,Sad
Employee_9304,32,117090,M,Nagpur,Happy
Employee_9305,23,120855,F,Delhi,Happy
Employee_9306,55,111666,F,Nashik,Happy
Employee_9307,53,114351,F,Nagpur,Sad
Employee_9308,42,38566,F,Mumbai,Sad
Employee_9309,29,121865,F,Nashik,Sad
Employee_9310,38,101885,F,Nagpur,Sad
Employee_9311,49,148585,M,Delhi,Sad
Employee_9312,59,40728,M,Nashik,Sad
Employee_9313,47,135852,M,Mumbai,Happy
Employee_9314,56,113911,F,Nagpur,Sad
Employee_9315,37,147616,F,Delhi,Happy
Employee_9316,54,117350,M,Delhi,Sad
Employee_9317,23,66214,M,Nashik,Sad
Employee_9318,25,87935,F,Nagpur,Happy
Employee_9319,34,117081,F,Delhi,Sad
Employee_9320,23,75588,M,Nashik,Happy
Employee_9321,43,48953,M,Pune,Sad
Employee_9322,59,98408,M,Delhi,Happy
Employee_9323,50,104904,M,Nashik,Sad
Employee_9324,43,64103,M,Pune,Happy
Employee_9325,47,100949,F,Nashik,Sad
Employee_9326,30,124805,M,Delhi,Happy
Employee_9327,45,79264,M,Pune,Sad
Employee_9328,33,50156,F,Nashik,Sad
Employee_9329,36,43423,M,Nagpur,Sad
Employee_9330,54,68062,F,Pune,Sad
Employee_9331,57,72805,F,Nashik,Sad
Employee_9332,42,31987,M,Nagpur,Sad
Employee_9333,37,92979,M,Pune,Happy
Employee_9334,43,67597,F,Nashik,Happy
Employee_9335,56,113905,F,Delhi,Happy
Employee_9336,29,57868,F,Pune,Happy
Employee_9337,22,106970,M,Pune,Happy
Employee_9338,52,93805,M,Nagpur,Happy
Employee_9339,42,149779,M,Nashik,Sad
Employee_9340,33,110084,M,Delhi,Sad
Employee_9341,28,46636,M,Nagpur,Sad
Employee_9342,21,87467,F,Pune,Happy
Employee_9343,37,127919,M,Nagpur,Sad
Employee_9344,32,137732,M,Nagpur,Happy
Employee_9345,24,47007,F,Nagpur,Happy
Employee_9346,33,131460,M,Pune,Happy
Employee_9347,51,125747,M,Mumbai,Sad
Employee_9348,27,106864,M,Nagpur,Sad
Employee_9349,43,33389,F,Mumbai,Happy
Employee_9350,44,148105,F,Delhi,Sad
Employee_9351,25,39458,M,Delhi,Sad
Employee_9352,25,98481,M,Delhi,Happy
Employee_9353,37,104888,M,Nashik,Sad
Employee_9354,50,106022,F,Pune,Sad
Employee_9355,29,71400,F,Mumbai,Happy
Employee_9356,26,97628,M,Nashik,Happy
Employee_9357,45,81857,M,Mumbai,Sad
Employee_9358,39,94367,M,Pune,Sad
Employee_9359,36,66527,M,Nagpur,Sad
Employee_9360,41,100648,F,Nashik,Happy
Employee_9361,22,46937,F,Pune,Happy
Employee_9362,30,67672,M,Nashik,Happy
Employee_9363,36,141562,F,Delhi,Sad
Employee_9364,57,31112,F,Nashik,Sad
Employee_9365,35,65545,M,Nagpur,Happy
Employee_9366,33,127276,M,Nagpur,Happy
Employee_9367,33,119017,M,Mumbai,Happy
Employee_9368,52,78355,M,Nashik,Sad
Employee_9369,28,105561,F,Delhi,Sad
Employee_9370,38,64082,M,Nagpur,Sad
Employee_9371,56,148181,M,Mumbai,Sad
Employee_9372,46,90482,M,Delhi,Happy
Employee_9373,30,109098,M,Delhi,Sad
Employee_9374,51,41304,F,Delhi,Sad
Employee_9375,53,86625,M,Pune,Happy
Employee_9376,49,102551,M,Nagpur,Happy
Employee_9377,25,74885,F,Pune,Happy
Employee_9378,33,101246,M,Pune,Sad
Employee_9379,21,42588,M,Nagpur,Happy
Employee_9380,43,145910,M,Nashik,Sad
Employee_9381,23,50967,F,Mumbai,Happy
Employee_9382,23,117440,M,Nagpur,Sad
Employee_9383,27,54256,M,Mumbai,Sad
Employee_9384,56,88348,M,Nashik,Happy
Employee_9385,55,55052,F,Nagpur,Happy
Employee_9386,35,110972,M,Delhi,Sad
Employee_9387,23,117351,M,Nagpur,Happy
Employee_9388,49,88479,M,Nashik,Sad
Employee_9389,50,110732,F,Pune,Happy
Employee_9390,59,90200,F,Nagpur,Sad
Employee_9391,38,113625,M,Delhi,Sad
Employee_9392,31,145205,M,Nagpur,Happy
Employee_9393,58,113140,F,Pune,Sad
Employee_9394,21,32506,M,Nagpur,Sad
Employee_9395,49,128120,F,Delhi,Sad
Employee_9396,30,50709,F,Nashik,Sad
Employee_9397,48,88535,F,Delhi,Happy
Employee_9398,51,74840,M,Nashik,Sad
Employee_9399,39,144440,F,Delhi,Sad
Employee_9400,23,142647,F,Mumbai,Happy
Employee_9401,56,90587,M,Nagpur,Happy
Employee_9402,35,89321,M,Nagpur,Sad
Employee_9403,53,133783,M,Pune,Sad
Employee_9404,46,73202,F,Mumbai,Sad
Employee_9405,36,86588,F,Pune,Happy
Employee_9406,56,33090,M,Nagpur,Sad
Employee_9407,53,134801,F,Pune,Sad
Employee_9408,40,89231,M,Nashik,Happy
Employee_9409,33,51552,M,Mumbai,Sad
Employee_9410,53,124671,M,Delhi,Happy
Employee_9411,25,110227,M,Nashik,Sad
Employee_9412,57,135297,M,Delhi,Happy
Employee_9413,34,63741,F,Pune,Sad
Employee_9414,47,51661,F,Nagpur,Sad
Employee_9415,43,71025,M,Nashik,Happy
Employee_9416,34,36092,F,Mumbai,Happy
Employee_9417,24,65674,F,Delhi,Sad
Employee_9418,59,30570,M,Nashik,Happy
Employee_9419,39,42084,F,Nagpur,Happy
Employee_9420,24,95843,F,Mumbai,Happy
Employee_9421,50,90752,M,Mumbai,Sad
Employee_9422,39,99278,F,Delhi,Sad
Employee_9423,51,137278,F,Nashik,Happy
Employee_9424,51,124328,F,Nashik,Happy
Employee_9425,29,30765,F,Mumbai,Happy
Employee_9426,33,137268,F,Pune,Sad
Employee_9427,34,54198,M,Mumbai,Happy
Employee_9428,30,91201,M,Nagpur,Happy
Employee_9429,51,103271,M,Nashik,Sad
Employee_9430,57,111738,M,Delhi,Happy
Employee_9431,43,77199,M,Nashik,Sad
Employee_9432,47,41377,F,Mumbai,Sad
Employee_9433,26,141578,F,Nagpur,Happy
Employee_9434,46,109833,M,Pune,Sad
Employee_9435,22,38036,M,Nashik,Sad
Employee_9436,33,70364,M,Mumbai,Sad
Employee_9437,39,145227,F,Mumbai,Sad
Employee_9438,21,119905,F,Mumbai,Happy
Employee_9439,52,130353,F,Nagpur,Sad
Employee_9440,42,147971,F,Mumbai,Happy
Employee_9441,49,67443,F,Mumbai,Sad
Employee_9442,22,31663,F,Mumbai,Sad
Employee_9443,58,69244,M,Nashik,Happy
Employee_9444,31,88391,F,Mumbai,Sad
Employee_9445,37,107564,M,Nagpur,Happy
Employee_9446,28,115359,M,Nashik,Sad
Employee_9447,42,45077,F,Mumbai,Sad
Employee_9448,24,87849,F,Pune,Happy
Employee_9449,31,135447,F,Nagpur,Sad
Employee_9450,28,49631,F,Pune,Sad
Employee_9451,29,82652,F,Nagpur,Happy
Employee_9452,46,97446,F,Pune,Sad
Employee_9453,22,63500,F,Mumbai,Sad
Employee_9454,36,49897,F,Pune,Sad
Employee_9455,51,88915,M,Pune,Sad
Employee_9456,26,67377,M,Nagpur,Sad
Employee_9457,41,106670,F,Mumbai,Happy
Employee_9458,46,132760,M,Nagpur,Happy
Employee_9459,39,56897,F,Mumbai,Sad
Employee_9460,48,77280,M,Delhi,Sad
Employee_9461,28,131639,M,Nashik,Sad
Employee_9462,34,143849,F,Nashik,Happy
Employee_9463,44,141118,F,Nagpur,Sad
Employee_9464,57,87320,F,Mumbai,Sad
Employee_9465,46,102592,M,Pune,Sad
Employee_9466,51,124486,M,Nashik,Sad
Employee_9467,52,98289,F,Nagpur,Happy
Employee_9468,22,61941,M,Nagpur,Sad
Employee_9469,45,129676,F,Nagpur,Sad
Employee_9470,22,44234,M,Mumbai,Sad
Employee_9471,21,105172,F,Nagpur,Sad
Employee_9472,56,33376,M,Delhi,Sad
Employee_9473,32,60783,F,Pune,Sad
Employee_9474,29,71249,F,Nagpur,Sad
Employee_9475,56,73025,F,Mumbai,Happy
Employee_9476,48,46447,M,Pune,Sad
Employee_9477,58,115865,F,Pune,Happy
Employee_9478,53,46713,M,Nashik,Happy
Employee_9479,42,34858,F,Nagpur,Sad
Employee_9480,45,81115,F,Nagpur,Sad
Employee_9481,38,115008,F,Mumbai,Sad
Employee_9482,26,89834,M,Delhi,Happy
Employee_9483,38,112060,M,Delhi,Happy
Employee_9484,36,141923,M,Nashik,Happy
Employee_9485,35,34539,F,Delhi,Sad
Employee_9486,28,93983,M,Mumbai,Sad
Employee_9487,33,48857,F,Nashik,Happy
Employee_9488,27,133898,F,Nagpur,Happy
Employee_9489,37,132207,F,Delhi,Sad
Employee_9490,52,35364,F,Mumbai,Happy
Employee_9491,42,95985,F,Mumbai,Happy
Employee_9492,33,89169,M,Nagpur,Happy
Employee_9493,43,116366,M,Mumbai,Happy
Employee_9494,49,51078,F,Nashik,Happy
Employee_9495,42,67574,F,Nashik,Happy
Employee_9496,21,30869,M,Pune,Happy
Employee_9497,49,134383,F,Nagpur,Sad
Employee_9498,25,92624,F,Mumbai,Happy
Employee_9499,55,70075,F,Delhi,Sad
Employee_9500,30,123676,F,Nashik,Sad
Employee_9501,39,33659,M,Nagpur,Happy
Employee_9502,57,66370,F,Nagpur,Sad
Employee_9503,27,136888,M,Nashik,Happy
Employee_9504,55,88185,M,Pune,Sad
Employee_9505,33,147136,M,Nagpur,Sad
Employee_9506,30,109921,M,Mumbai,Happy
Employee_9507,22,73751,F,Delhi,Sad
Employee_9508,26,92758,F,Delhi,Happy
Employee_9509,28,114873,F,Nashik,Sad
Employee_9510,56,35131,M,Nagpur,Happy
Employee_9511,45,31358,M,Delhi,Happy
Employee_9512,27,121150,M,Nagpur,Sad
Employee_9513,43,87371,F,Nashik,Happy
Employee_9514,39,112307,F,Pune,Happy
Employee_9515,42,109139,F,Delhi,Sad
Employee_9516,33,46246,M,Mumbai,Happy
Employee_9517,41,47216,M,Nashik,Sad
Employee_9518,21,71209,F,Pune,Sad
Employee_9519,39,72987,M,Mumbai,Sad
Employee_9520,53,138024,M,Mumbai,Happy
Employee_9521,24,50577,F,Delhi,Sad
Employee_9522,23,146526,M,Nagpur,Happy
Employee_9523,47,72320,M,Nashik,Sad
Employee_9524,55,41301,F,Mumbai,Sad
Employee_9525,48,105051,M,Delhi,Sad
Employee_9526,26,122338,M,Pune,Happy
Employee_9527,26,30891,M,Mumbai,Sad
Employee_9528,43,51972,M,Pune,Happy
Employee_9529,53,80457,F,Nashik,Happy
Employee_9530,36,143389,F,Delhi,Happy
Employee_9531,44,84435,M,Pune,Happy
Employee_9532,25,50932,F,Nagpur,Happy
Employee_9533,33,34192,F,Pune,Sad
Employee_9534,32,46128,F,Pune,Happy
Employee_9535,25,52836,M,Delhi,Sad
Employee_9536,57,54837,M,Delhi,Sad
Employee_9537,51,147028,F,Mumbai,Happy
Employee_9538,48,146481,F,Pune,Sad
Employee_9539,48,52778,F,Pune,Sad
Employee_9540,50,73130,F,Delhi,Happy
Employee_9541,38,46708,M,Nagpur,Happy
Employee_9542,47,137481,F,Delhi,Sad
Employee_9543,55,54232,M,Nagpur,Happy
Employee_9544,46,87266,M,Delhi,Happy
Employee_9545,59,69412,M,Nashik,Sad
Employee_9546,38,34782,M,Pune,Happy
Employee_9547,53,91196,M,Nagpur,Happy
Employee_9548,45,56315,M,Nashik,Happy
Employee_9549,51,40052,M,Nagpur,Happy
Employee_9550,57,49521,F,Mumbai,Happy
Employee_9551,22,99434,M,Mumbai,Happy
Employee_9552,53,112755,F,Pune,Sad
Employee_9553,59,99690,F,Nashik,Happy
Employee_9554,52,65546,F,Nashik,Sad
Employee_9555,38,109345,F,Mumbai,Sad
Employee_9556,37,55972,F,Pune,Sad
Employee_9557,54,134713,M,Mumbai,Sad
Employee_9558,59,108059,M,Nashik,Happy
Employee_9559,27,94385,F,Nagpur,Sad
Employee_9560,55,132617,F,Nashik,Happy
Employee_9561,50,52030,F,Pune,Sad
Employee_9562,32,70376,M,Nashik,Sad
Employee_9563,55,115641,F,Delhi,Happy
Employee_9564,31,142021,M,Nashik,Happy
Employee_9565,24,119831,M,Delhi,Sad
Employee_9566,45,107400,F,Mumbai,Happy
Employee_9567,52,139518,M,Delhi,Sad
Employee_9568,40,108412,M,Nashik,Happy
Employee_9569,51,48055,M,Nashik,Happy
Employee_9570,24,129220,F,Nashik,Sad
Employee_9571,58,117508,F,Pune,Happy
Employee_9572,21,55493,F,Mumbai,Sad
Employee_9573,23,104861,F,Delhi,Happy
Employee_9574,57,146524,F,Nagpur,Sad
Employee_9575,42,146826,F,Delhi,Sad
Employee_9576,37,66775,F,Nashik,Sad
Employee_9577,34,81057,F,Nagpur,Happy
Employee_9578,55,115909,M,Nagpur,Sad
Employee_9579,33,66253,F,Delhi,Sad
Employee_9580,55,116717,M,Delhi,Happy
Employee_9581,22,81884,M,Delhi,Sad
Employee_9582,33,106497,F,Delhi,Sad
Employee_9583,36,47705,M,Mumbai,Sad
Employee_9584,38,74676,M,Pune,Happy
Employee_9585,27,131658,F,Pune,Happy
Employee_9586,56,121640,M,Delhi,Sad
Employee_9587,50,109045,F,Pune,Happy
Employee_9588,27,37101,M,Delhi,Sad
Employee_9589,35,92495,M,Delhi,Happy
Employee_9590,39,34743,F,Delhi,Sad
Employee_9591,57,38951,M,Mumbai,Sad
Employee_9592,22,37014,M,Nashik,Sad
Employee_9593,33,66180,F,Pune,Happy
Employee_9594,51,86977,F,Pune,Sad
Employee_9595,36,146045,M,Mumbai,Sad
Employee_9596,26,89534,M,Mumbai,Happy
Employee_9597,48,93209,F,Delhi,Happy
Employee_9598,52,148169,M,Delhi,Sad
Employee_9599,30,71908,F,Nashik,Happy
Employee_9600,38,138575,F,Pune,Sad
Employee_9601,24,80918,F,Mumbai,Happy
Employee_9602,29,38219,M,Nashik,Happy
Employee_9603,27,37163,M,Pune,Sad
Employee_9604,28,32470,M,Nashik,Sad
Employee_9605,27,139034,F,Nashik,Sad
Employee_9606,23,46543,M,Delhi,Happy
Employee_9607,37,49276,F,Nashik,Sad
Employee_9608,22,66881,M,Delhi,Happy
Employee_9609,35,108950,F,Pune,Sad
Employee_9610,49,37749,F,Pune,Sad
Employee_9611,42,54182,M,Delhi,Sad
Employee_9612,24,107450,F,Nagpur,Happy
Employee_9613,26,110543,M,Nashik,Sad
Employee_9614,58,126487,M,Pune,Happy
Employee_9615,46,140227,M,Nashik,Sad
Employee_9616,31,128144,M,Nagpur,Sad
Employee_9617,46,51383,M,Nashik,Happy
Employee_9618,37,108578,F,Nagpur,Happy
Employee_9619,44,146258,M,Mumbai,Happy
Employee_9620,48,55412,F,Nagpur,Sad
Employee_9621,55,43181,M,Pune,Sad
Employee_9622,51,74898,F,Delhi,Happy
Employee_9623,33,89630,F,Delhi,Sad
Employee_9624,55,33405,M,Nashik,Happy
Employee_9625,36,126404,F,Mumbai,Happy
Employee_9626,35,40862,M,Nashik,Sad
Employee_9627,38,84679,M,Nagpur,Happy
Employee_9628,57,58688,M,Delhi,Sad
Employee_9629,47,78017,F,Nagpur,Happy
Employee_9630,55,126481,F,Delhi,Sad
Employee_9631,55,42939,F,Delhi,Happy
Employee_9632,48,142271,F,Delhi,Sad
Employee_9633,59,124467,M,Pune,Happy
Employee_9634,58,134152,M,Nagpur,Sad
Employee_9635,29,69585,F,Nashik,Sad
Employee_9636,32,146315,F,Mumbai,Sad
Employee_9637,35,134447,M,Nashik,Happy
Employee_9638,41,142813,F,Nagpur,Sad
Employee_9639,55,138362,M,Mumbai,Happy
Employee_9640,53,136700,F,Nashik,Happy
Employee_9641,39,52942,F,Mumbai,Happy
Employee_9642,43,140075,F,Nagpur,Sad
Employee_9643,33,35272,M,Delhi,Happy
Employee_9644,21,74134,M,Nagpur,Happy
Employee_9645,49,54265,F,Pune,Sad
Employee_9646,44,78192,F,Mumbai,Sad
Employee_9647,36,58668,F,Nagpur,Sad
Employee_9648,45,141732,F,Delhi,Sad
Employee_9649,43,111560,F,Delhi,Happy
Employee_9650,48,127435,F,Nagpur,Happy
Employee_9651,36,99283,F,Nashik,Happy
Employee_9652,58,39297,F,Nagpur,Happy
Employee_9653,31,94005,M,Delhi,Happy
Employee_9654,23,88434,M,Nagpur,Sad
Employee_9655,35,94749,M,Pune,Happy
Employee_9656,21,31607,M,Nashik,Sad
Employee_9657,27,89183,F,Nagpur,Sad
Employee_9658,21,116994,M,Delhi,Happy
Employee_9659,52,86305,M,Nagpur,Happy
Employee_9660,29,57973,F,Nagpur,Happy
Employee_9661,49,53117,M,Mumbai,Sad
Employee_9662,46,111986,M,Nagpur,Sad
Employee_9663,43,111071,M,Pune,Sad
Employee_9664,49,124891,M,Delhi,Happy
Employee_9665,58,37645,M,Mumbai,Sad
Employee_9666,53,72238,F,Nagpur,Sad
Employee_9667,27,99694,F,Nashik,Sad
Employee_9668,32,71773,F,Pune,Sad
Employee_9669,51,46786,M,Pune,Happy
Employee_9670,52,70693,M,Pune,Sad
Employee_9671,40,126447,M,Mumbai,Happy
Employee_9672,37,56578,F,Nagpur,Happy
Employee_9673,56,76408,M,Pune,Happy
Employee_9674,23,99702,M,Nagpur,Happy
Employee_9675,21,114845,M,Nashik,Sad
Employee_9676,47,45076,M,Nagpur,Happy
Employee_9677,53,49377,F,Nagpur,Happy
Employee_9678,40,39278,F,Nagpur,Sad
Employee_9679,34,94808,M,Delhi,Sad
Employee_9680,56,63539,F,Mumbai,Sad
Employee_9681,25,41440,F,Nagpur,Sad
Employee_9682,43,56245,F,Pune,Happy
Employee_9683,35,52097,M,Delhi,Sad
Employee_9684,26,103703,F,Nagpur,Sad
Employee_9685,53,97092,F,Delhi,Happy
Employee_9686,39,139454,M,Mumbai,Happy
Employee_9687,33,31151,F,Delhi,Sad
Employee_9688,49,51698,F,Pune,Happy
Employee_9689,26,47601,F,Nagpur,Sad
Employee_9690,35,56807,M,Pune,Sad
Employee_9691,36,75302,M,Nashik,Happy
Employee_9692,44,115864,F,Delhi,Happy
Employee_9693,43,38039,M,Delhi,Happy
Employee_9694,30,146730,M,Delhi,Happy
Employee_9695,37,77427,M,Mumbai,Sad
Employee_9696,50,101839,F,Pune,Sad
Employee_9697,30,88049,F,Nashik,Happy
Employee_9698,39,49053,M,Mumbai,Sad
Employee_9699,49,127180,F,Mumbai,Happy
Employee_9700,22,146801,M,Nagpur,Sad
Employee_9701,56,131281,M,Nashik,Sad
Employee_9702,39,140845,F,Delhi,Sad
Employee_9703,27,116298,M,Delhi,Sad
Employee_9704,46,119147,M,Nagpur,Sad
Employee_9705,35,85413,M,Delhi,Sad
Employee_9706,58,95958,M,Pune,Happy
Employee_9707,23,61275,F,Delhi,Happy
Employee_9708,58,56597,M,Pune,Happy
Employee_9709,36,107521,F,Nagpur,Sad
Employee_9710,22,124243,M,Nagpur,Happy
Employee_9711,51,144778,F,Pune,Sad
Employee_9712,48,98908,M,Delhi,Sad
Employee_9713,27,111619,M,Nagpur,Sad
Employee_9714,50,85188,F,Nagpur,Happy
Employee_9715,27,64710,F,Pune,Sad
Employee_9716,56,148493,M,Nagpur,Sad
Employee_9717,49,121352,M,Delhi,Happy
Employee_9718,44,105486,M,Nagpur,Happy
Employee_9719,59,79050,M,Pune,Happy
Employee_9720,24,79249,M,Delhi,Sad
Employee_9721,49,64247,F,Nashik,Sad
Employee_9722,25,100162,F,Pune,Happy
Employee_9723,49,56408,M,Nashik,Sad
Employee_9724,50,106313,F,Nagpur,Sad
Employee_9725,49,100683,F,Delhi,Sad
Employee_9726,46,148335,M,Nagpur,Happy
Employee_9727,39,35443,F,Delhi,Sad
Employee_9728,46,30079,M,Mumbai,Happy
Employee_9729,57,126818,F,Nagpur,Happy
Employee_9730,47,68345,F,Nagpur,Happy
Employee_9731,50,42901,F,Nagpur,Sad
Employee_9732,50,97759,F,Pune,Sad
Employee_9733,23,130873,F,Delhi,Sad
Employee_9734,27,72732,M,Delhi,Happy
Employee_9735,29,109304,F,Delhi,Happy
Employee_9736,33,149206,M,Pune,Sad
Employee_9737,35,47507,F,Delhi,Sad
Employee_9738,25,111785,F,Nagpur,Happy
Employee_9739,49,65391,F,Nashik,Sad
Employee_9740,55,64171,M,Mumbai,Happy
Employee_9741,47,81730,F,Delhi,Happy
Employee_9742,47,145019,F,Pune,Happy
Employee_9743,28,37485,M,Pune,Happy
Employee_9744,52,140104,M,Delhi,Sad
Employee_9745,40,145427,M,Nashik,Happy
Employee_9746,30,125320,F,Delhi,Happy
Employee_9747,33,141102,F,Pune,Sad
Employee_9748,49,120153,F,Mumbai,Happy
Employee_9749,55,67748,F,Nashik,Happy
Employee_9750,28,33878,M,Delhi,Happy
Employee_9751,49,31949,M,Mumbai,Happy
Employee_9752,51,115380,F,Delhi,Sad
Employee_9753,50,146816,M,Nashik,Sad
Employee_9754,42,50881,M,Pune,Sad
Employee_9755,41,81306,M,Nashik,Sad
Employee_9756,32,117150,F,Nagpur,Happy
Employee_9757,31,119364,M,Delhi,Happy
Employee_9758,22,145925,F,Mumbai,Sad
Employee_9759,22,39958,F,Mumbai,Happy
Employee_9760,54,89185,F,Nashik,Sad
Employee_9761,23,38697,M,Nashik,Happy
Employee_9762,36,117160,M,Nashik,Sad
Employee_9763,24,45493,M,Mumbai,Sad
Employee_9764,43,72801,M,Pune,Sad
Employee_9765,40,51199,F,Mumbai,Sad
Employee_9766,45,137890,F,Pune,Happy
Employee_9767,50,95792,F,Nashik,Happy
Employee_9768,38,64488,M,Nagpur,Happy
Employee_9769,31,60493,M,Mumbai,Sad
Employee_9770,49,141545,M,Nashik,Sad
Employee_9771,37,79002,F,Mumbai,Happy
Employee_9772,46,53731,F,Nashik,Happy
Employee_9773,43,37076,M,Mumbai,Happy
Employee_9774,40,31071,F,Delhi,Happy
Employee_9775,22,129926,F,Mumbai,Sad
Employee_9776,44,97602,M,Delhi,Sad
Employee_9777,51,121181,M,Pune,Happy
Employee_9778,47,71410,F,Mumbai,Happy
Employee_9779,22,129201,M,Pune,Happy
Employee_9780,34,84327,F,Nagpur,Sad
Employee_9781,24,124948,M,Delhi,Happy
Employee_9782,33,91072,F,Mumbai,Sad
Employee_9783,56,127371,M,Pune,Sad
Employee_9784,55,71041,M,Nashik,Happy
Employee_9785,28,83326,M,Pune,Happy
Employee_9786,22,68549,F,Mumbai,Happy
Employee_9787,26,83096,F,Nagpur,Sad
Employee_9788,51,85578,M,Delhi,Happy
Employee_9789,30,76390,F,Nashik,Happy
Employee_9790,41,76052,F,Pune,Sad
Employee_9791,30,73167,M,Mumbai,Sad
Employee_9792,43,84587,M,Mumbai,Sad
Employee_9793,23,91292,M,Delhi,Happy
Employee_9794,52,122114,F,Nashik,Sad
Employee_9795,40,105419,M,Pune,Sad
Employee_9796,30,72139,F,Pune,Sad
Employee_9797,49,147623,F,Pune,Sad
Employee_9798,54,117753,F,Delhi,Sad
Employee_9799,57,40707,M,Delhi,Happy
Employee_9800,40,136392,M,Nashik,Sad
Employee_9801,28,43140,F,Pune,Sad
Employee_9802,27,145149,F,Pune,Sad
Employee_9803,26,41093,M,Nashik,Happy
Employee_9804,31,112036,M,Nashik,Happy
Employee_9805,38,134089,M,Nashik,Sad
Employee_9806,49,102043,M,Mumbai,Sad
Employee_9807,45,128122,M,Nashik,Sad
Employee_9808,41,35830,M,Nagpur,Sad
Employee_9809,23,60608,M,Delhi,Happy
Employee_9810,38,132865,M,Nashik,Happy
Employee_9811,44,77287,M,Mumbai,Happy
Employee_9812,58,120047,F,Nagpur,Sad
Employee_9813,30,63427,M,Mumbai,Sad
Employee_9814,47,114042,M,Mumbai,Happy
Employee_9815,32,58395,F,Mumbai,Happy
Employee_9816,27,139839,M,Mumbai,Sad
Employee_9817,37,142306,M,Pune,Happy
Employee_9818,21,122662,F,Delhi,Happy
Employee_9819,46,125002,M,Pune,Happy
Employee_9820,35,47970,F,Nagpur,Happy
Employee_9821,53,100218,F,Pune,Happy
Employee_9822,57,144006,M,Nagpur,Sad
Employee_9823,51,106475,F,Nashik,Sad
Employee_9824,55,104362,F,Nagpur,Sad
Employee_9825,21,53371,F,Pune,Sad
Employee_9826,28,125482,F,Pune,Happy
Employee_9827,32,119895,M,Nagpur,Sad
Employee_9828,39,49266,F,Pune,Happy
Employee_9829,45,133553,F,Nagpur,Happy
Employee_9830,52,49195,M,Mumbai,Sad
Employee_9831,32,140949,F,Delhi,Sad
Employee_9832,33,57315,M,Nagpur,Sad
Employee_9833,48,113804,F,Mumbai,Sad
Employee_9834,21,105246,M,Mumbai,Happy
Employee_9835,26,71581,F,Mumbai,Happy
Employee_9836,28,75537,M,Mumbai,Happy
Employee_9837,24,109697,F,Nagpur,Sad
Employee_9838,25,127357,M,Pune,Sad
Employee_9839,45,149761,M,Mumbai,Happy
Employee_9840,42,105265,M,Nashik,Happy
Employee_9841,48,143984,M,Mumbai,Sad
Employee_9842,59,144451,M,Pune,Sad
Employee_9843,43,122449,F,Pune,Happy
Employee_9844,24,52184,F,Delhi,Happy
Employee_9845,24,53279,M,Delhi,Happy
Employee_9846,41,56570,M,Mumbai,Sad
Employee_9847,57,73030,F,Mumbai,Happy
Employee_9848,22,92245,F,Delhi,Happy
Employee_9849,27,85467,M,Mumbai,Sad
Employee_9850,36,149618,F,Nashik,Happy
Employee_9851,37,65133,M,Nagpur,Happy
Employee_9852,40,108731,M,Delhi,Happy
Employee_9853,43,73805,M,Delhi,Sad
Employee_9854,54,73998,F,Pune,Sad
Employee_9855,31,47238,M,Mumbai,Happy
Employee_9856,54,111088,F,Delhi,Sad
Employee_9857,53,98264,F,Delhi,Happy
Employee_9858,46,145603,F,Nashik,Happy
Employee_9859,22,78245,F,Mumbai,Sad
Employee_9860,43,53557,M,Nagpur,Happy
Employee_9861,42,100474,M,Nashik,Sad
Employee_9862,54,126738,F,Nagpur,Sad
Employee_9863,35,95667,M,Pune,Happy
Employee_9864,30,121228,F,Delhi,Happy
Employee_9865,35,115513,M,Nashik,Sad
Employee_9866,49,95074,M,Nagpur,Sad
Employee_9867,43,88204,M,Mumbai,Happy
Employee_9868,37,128597,M,Pune,Sad
Employee_9869,29,122800,M,Pune,Happy
Employee_9870,56,55575,M,Delhi,Happy
Employee_9871,29,110263,F,Delhi,Sad
Employee_9872,36,106024,M,Nagpur,Happy
Employee_9873,56,50069,M,Nagpur,Sad
Employee_9874,53,54400,M,Pune,Happy
Employee_9875,51,54146,F,Nagpur,Happy
Employee_9876,26,36846,M,Delhi,Happy
Employee_9877,30,70352,M,Pune,Happy
Employee_9878,36,53694,M,Pune,Happy
Employee_9879,24,51740,F,Mumbai,Happy
Employee_9880,42,79438,M,Mumbai,Sad
Employee_9881,33,60996,F,Nagpur,Sad
Employee_9882,36,93874,F,Nagpur,Happy
Employee_9883,49,127661,M,Delhi,Sad
Employee_9884,26,136945,M,Delhi,Sad
Employee_9885,46,89682,F,Mumbai,Sad
Employee_9886,31,74200,F,Pune,Sad
Employee_9887,44,52970,M,Nashik,Sad
Employee_9888,49,40895,M,Nashik,Happy
Employee_9889,23,68071,F,Nagpur,Happy
Employee_9890,30,82268,F,Nashik,Happy
Employee_9891,21,52258,F,Nashik,Happy
Employee_9892,46,118890,F,Mumbai,Happy
Employee_9893,32,126177,M,Pune,Sad
Employee_9894,34,87300,F,Delhi,Sad
Employee_9895,45,91915,M,Mumbai,Happy
Employee_9896,28,38444,F,Delhi,Happy
Employee_9897,24,105147,F,Mumbai,Sad
Employee_9898,48,106064,M,Mumbai,Happy
Employee_9899,27,145923,M,Nashik,Happy
Employee_9900,30,96535,M,Delhi,Sad
Employee_9901,56,33760,M,Mumbai,Happy
Employee_9902,22,66884,F,Nashik,Happy
Employee_9903,46,132715,M,Nagpur,Happy
Employee_9904,34,117477,M,Delhi,Happy
Employee_9905,36,56022,M,Mumbai,Happy
Employee_9906,37,84504,F,Nagpur,Sad
Employee_9907,42,73130,F,Nashik,Happy
Employee_9908,24,73881,M,Mumbai,Happy
Employee_9909,39,92399,F,Nashik,Sad
Employee_9910,22,66451,F,Nashik,Happy
Employee_9911,59,81413,M,Nashik,Happy
Employee_9912,29,122057,F,Delhi,Sad
Employee_9913,39,92278,M,Nagpur,Sad
Employee_9914,36,143286,M,Nagpur,Sad
Employee_9915,45,59639,M,Pune,Sad
Employee_9916,38,64621,F,Mumbai,Sad
Employee_9917,43,126985,M,Nashik,Happy
Employee_9918,41,43079,F,Mumbai,Sad
Employee_9919,31,36895,F,Nagpur,Sad
Employee_9920,59,123515,F,Nagpur,Sad
Employee_9921,24,82142,F,Nashik,Sad
Employee_9922,45,141239,M,Delhi,Happy
Employee_9923,52,42552,M,Nashik,Sad
Employee_9924,50,122930,F,Nashik,Happy
Employee_9925,46,78821,M,Pune,Happy
Employee_9926,56,127812,F,Delhi,Sad
Employee_9927,54,63630,F,Mumbai,Happy
Employee_9928,29,100063,M,Delhi,Happy
Employee_9929,32,42247,F,Nashik,Happy
Employee_9930,22,47603,M,Nashik,Sad
Employee_9931,58,132099,F,Nashik,Sad
Employee_9932,25,75564,F,Nashik,Happy
Employee_9933,25,141038,F,Nashik,Sad
Employee_9934,42,30527,F,Delhi,Sad
Employee_9935,25,86521,M,Nashik,Sad
Employee_9936,24,98458,F,Nagpur,Happy
Employee_9937,29,35849,F,Nagpur,Sad
Employee_9938,49,125836,M,Pune,Sad
Employee_9939,42,123316,F,Mumbai,Happy
Employee_9940,47,80314,F,Nagpur,Sad
Employee_9941,30,75724,F,Pune,Happy
Employee_9942,36,123676,F,Delhi,Sad
Employee_9943,30,47230,F,Mumbai,Sad
Employee_9944,26,122229,F,Nashik,Sad
Employee_9945,25,102495,M,Nashik,Sad
Employee_9946,26,131390,F,Delhi,Happy
Employee_9947,45,72730,M,Mumbai,Sad
Employee_9948,24,115203,F,Nagpur,Happy
Employee_9949,52,121937,M,Mumbai,Happy
Employee_9950,55,143723,M,Pune,Sad
Employee_9951,30,33323,M,Delhi,Sad
Employee_9952,54,30445,M,Nagpur,Sad
Employee_9953,56,112945,F,Mumbai,Sad
Employee_9954,26,39963,F,Mumbai,Sad
Employee_9955,36,80511,F,Nagpur,Sad
Employee_9956,39,45437,M,Pune,Sad
Employee_9957,54,46855,M,Pune,Sad
Employee_9958,45,111947,M,Mumbai,Sad
Employee_9959,51,40847,M,Nashik,Happy
Employee_9960,37,33236,M,Nagpur,Sad
Employee_9961,50,91897,M,Pune,Sad
Employee_9962,59,148636,M,Pune,Happy
Employee_9963,51,43487,F,Pune,Sad
Employee_9964,39,107384,M,Delhi,Sad
Employee_9965,55,92423,F,Nashik,Happy
Employee_9966,49,43155,F,Pune,Sad
Employee_9967,21,41255,M,Nashik,Happy
Employee_9968,24,31979,M,Mumbai,Sad
Employee_9969,48,51305,M,Mumbai,Sad
Employee_9970,38,104543,M,Delhi,Sad
Employee_9971,46,65094,F,Nashik,Happy
Employee_9972,39,65098,M,Nagpur,Happy
Employee_9973,26,119566,F,Delhi,Happy
Employee_9974,21,63770,M,Pune,Happy
Employee_9975,28,39734,F,Mumbai,Sad
Employee_9976,53,101984,F,Mumbai,Happy
Employee_9977,41,69605,F,Nagpur,Sad
Employee_9978,44,107932,F,Delhi,Sad
Employee_9979,45,85619,F,Nashik,Sad
Employee_9980,39,57881,M,Mumbai,Sad
Employee_9981,49,93401,M,Pune,Sad
Employee_9982,30,61177,M,Nagpur,Happy
Employee_9983,32,70122,F,Nagpur,Sad
Employee_9984,53,142555,M,Nagpur,Sad
Employee_9985,27,65297,F,Pune,Happy
Employee_9986,37,141513,F,Nagpur,Sad
Employee_9987,30,146118,M,Nashik,Happy
Employee_9988,51,66680,F,Nashik,Sad
Employee_9989,26,113452,M,Delhi,Happy
Employee_9990,37,81044,F,Delhi,Sad
Employee_9991,57,126775,M,Nashik,Sad
Employee_9992,38,74084,F,Pune,Happy
Employee_9993,46,64189,M,Delhi,Sad
Employee_9994,36,43510,M,Nagpur,Sad
Employee_9995,28,120502,F,Nashik,Happy
Employee_9996,44,52152,F,Mumbai,Happy
Employee_9997,33,114738,F,Pune,Sad
Employee_9998,49,56445,M,Pune,Happy
Employee_9999,52,106688,M,Nashik,Sad
Employee_10000,44,101153,F,Mumbai,Happy
